gid,role,role_score,cluster_id,priority_score,evidence,in_deg,out_deg,in_kzt,out_kzt,in_tx,out_tx,pagerank,betweenness,pass_through,depth,is_seed,truncated_by_depth,in_cycle,median_lag_days,max_same_day_payers,fast_transit,synchronized_burst
100000000343175100,coordinator,0.75,11,0.9241,"Одновременно принимает от 8 плательщиков (178,712 KZT) и рассылает 31 получателям (4,000,039 KZT) — двусторонний хаб, кандидат в организаторы. (seed: входящие занижены — граф собран от него)",8,31,178712.0,4000039.0,14,33,0.0007166946382018727,0.001113447146722526,22.382598818210305,0,True,False,False,0.0,2,True,False
100000000456947100,peripheral,0.2,67,0.0921,Seed-клиент без единого ребра в выборке — 0 входящих и исходящих переводов (порог 5 000 KZT или операции вне банка).,0,0,0.0,0.0,0,0,0.0,0.0,,0,True,False,False,,0,False,False
100000000580561100,peripheral,0.5,43,0.573,"Низкая активность в выборке: 2 вход. / 3 исход., 1,516,057 KZT суммарно, pass_through=53.18 — выраженных признаков роли не выявлено.",2,3,27980.0,1488077.0,3,13,0.0008384348345170707,1.2092493060924398e-06,53.183595425303785,0,True,False,True,0.0,1,True,False
100000001415126100,terminal,0.72,13,0.3956,"Нет исходящих переводов на 0-м колене (обход не был искусственно прерван, глубина < 4) — получил 27,000 KZT от 1 плательщиков и удержал их.",1,0,27000.0,0.0,1,0,0.0004114090098163562,0.0,0.0,0,True,False,False,,1,False,False
100000001429930100,terminal,0.72,14,0.3711,"Нет исходящих переводов на 0-м колене (обход не был искусственно прерван, глубина < 4) — получил 26,000 KZT от 1 плательщиков и удержал их.",1,0,26000.0,0.0,1,0,0.0003523464564592315,0.0,0.0,0,True,False,False,,1,False,False
100000001616816100,transit,0.84,10,0.6897,"Пропускает средства не удерживая: получил 176,195 KZT, отдал 181,326 KZT (1.03x) от 5 плательщиков 3 получателям, медианная задержка 1 дн.. (seed: входящие занижены — граф собран от него)",5,3,176195.0,181326.0,12,10,0.00244618625473035,0.0001064947274559291,1.0291211441868384,0,True,False,True,1.0,1,True,False
100000001732159100,peripheral,0.5,35,0.5991,"Низкая активность в выборке: 2 вход. / 4 исход., 3,884,066 KZT суммарно, pass_through=0.63 — выраженных признаков роли не выявлено.",2,4,2378100.0,1505966.0,30,23,0.001099397432375524,2.0618231041378772e-05,0.633264370716118,0,True,False,True,1.0,2,True,False
100000002527114100,distributor,0.95,1,0.8358,"Рассылает 111 получателям (3,289,249 KZT), получая лишь от 3 плательщиков — веерное распределение средств вниз по цепочке. (seed: входящие занижены — граф собран от него)",3,111,129000.0,3289249.0,4,113,0.0008146179725184579,0.00019670455379103686,25.49805426356589,0,True,False,True,0.0,1,True,False
100000002916006100,peripheral,0.35,21,0.1591,"Низкая активность в выборке: 0 вход. / 1 исход., 32,000 KZT суммарно — выраженных признаков роли не выявлено.",0,1,0.0,32000.0,0,1,0.0002868488506751384,0.0,,0,True,False,False,,0,False,False
100000003016635100,coordinator,0.95,4,0.9404,"Одновременно принимает от 8 плательщиков (586,981 KZT) и рассылает 73 получателям (9,414,081 KZT) — двусторонний хаб, кандидат в организаторы. (seed: входящие занижены — граф собран от него)",8,73,586981.0,9414081.0,36,151,0.0011952566810188184,0.00733908623831256,16.038135817002594,0,True,False,True,0.0,3,True,True
100000003200071100,peripheral,0.35,63,0.1552,"Низкая активность в выборке: 0 вход. / 1 исход., 30,000 KZT суммарно — выраженных признаков роли не выявлено.",0,1,0.0,30000.0,0,1,0.0002868488506751384,0.0,,0,True,False,False,,0,False,False
100000003265658100,peripheral,0.2,67,0.0921,Seed-клиент без единого ребра в выборке — 0 входящих и исходящих переводов (порог 5 000 KZT или операции вне банка).,0,0,0.0,0.0,0,0,0.0,0.0,,0,True,False,False,,0,False,False
100000003349739100,peripheral,0.2,67,0.0921,Seed-клиент без единого ребра в выборке — 0 входящих и исходящих переводов (порог 5 000 KZT или операции вне банка).,0,0,0.0,0.0,0,0,0.0,0.0,,0,True,False,False,,0,False,False
100000003684369100,coordinator,0.95,7,0.9454,"Одновременно принимает от 24 плательщиков (3,848,436 KZT) и рассылает 62 получателям (8,588,655 KZT) — двусторонний хаб, кандидат в организаторы. (seed: входящие занижены — граф собран от него)",24,62,3848436.0,8588655.0,58,67,0.002028869963852267,0.002342531671550131,2.2317260830113845,0,True,False,True,0.0,6,True,True
100000003770083100,peripheral,0.2,67,0.0921,Seed-клиент без единого ребра в выборке — 0 входящих и исходящих переводов (порог 5 000 KZT или операции вне банка).,0,0,0.0,0.0,0,0,0.0,0.0,,0,True,False,False,,0,False,False
100000003975102100,peripheral,0.45,4,0.4286,"Низкая активность в выборке: 1 вход. / 2 исход., 114,150 KZT суммарно, pass_through=3.45 — выраженных признаков роли не выявлено.",1,2,25650.0,88500.0,1,2,0.000346992529923579,6.016015297809888e-06,3.4502923976608186,0,True,False,False,1.0,1,True,False
100000003977183100,peripheral,0.5,9,0.4786,"Низкая активность в выборке: 2 вход. / 4 исход., 889,800 KZT суммарно, pass_through=6.19 — выраженных признаков роли не выявлено.",2,4,123800.0,766000.0,2,6,0.00033293228527307104,1.612332408123253e-06,6.187399030694669,0,True,False,True,0.0,1,True,False
100000004007116100,peripheral,0.5,25,0.5534,"Низкая активность в выборке: 3 вход. / 4 исход., 912,704 KZT суммарно, pass_through=0.19 — выраженных признаков роли не выявлено.",3,4,764704.0,148000.0,24,6,0.0006304640304726743,4.0308310203081327e-07,0.19353893794200108,0,True,False,True,2.5,1,False,False
100000004019124100,terminal,0.76,4,0.5414,"Нет исходящих переводов на 0-м колене (обход не был искусственно прерван, глубина < 4) — получил 193,000 KZT от 3 плательщиков и удержал их.",3,0,193000.0,0.0,3,0,0.0012079590546220128,0.0,0.0,0,True,False,False,,1,False,False
100000004021459100,peripheral,0.2,67,0.0921,Seed-клиент без единого ребра в выборке — 0 входящих и исходящих переводов (порог 5 000 KZT или операции вне банка).,0,0,0.0,0.0,0,0,0.0,0.0,,0,True,False,False,,0,False,False
100000004041163100,peripheral,0.45,21,0.5959,"Низкая активность в выборке: 1 вход. / 2 исход., 916,000 KZT суммарно, pass_through=17.32 — выраженных признаков роли не выявлено.",1,2,50000.0,866000.0,1,6,0.0020929038577057815,2.3781903019817984e-05,17.32,0,True,False,True,0.0,1,True,False
100000004174835100,peripheral,0.2,67,0.0921,Seed-клиент без единого ребра в выборке — 0 входящих и исходящих переводов (порог 5 000 KZT или операции вне банка).,0,0,0.0,0.0,0,0,0.0,0.0,,0,True,False,False,,0,False,False
100000004193835100,peripheral,0.4,4,0.4306,"Низкая активность в выборке: 1 вход. / 1 исход., 52,000 KZT суммарно, pass_through=0.11 — выраженных признаков роли не выявлено.",1,1,47000.0,5000.0,1,1,0.00047199654932406684,6.791950269219204e-06,0.10638297872340426,0,True,False,False,0.0,1,True,False
100000004269433100,peripheral,0.35,52,0.2828,"Низкая активность в выборке: 0 вход. / 1 исход., 1,372,000 KZT суммарно — выраженных признаков роли не выявлено.",0,1,0.0,1372000.0,0,67,0.0002868488506751384,0.0,,0,True,False,False,,0,False,False
100000004358004100,distributor,0.33,7,0.5059,"Рассылает 11 получателям (980,850 KZT), получая лишь от 0 плательщиков — веерное распределение средств вниз по цепочке. (seed: входящие занижены — граф собран от него)",0,11,0.0,980850.0,0,17,0.0002868488506751384,0.0,,0,True,False,False,,0,False,False
100000004388983100,peripheral,0.4,59,0.2625,"Низкая активность в выборке: 0 вход. / 2 исход., 450,816 KZT суммарно — выраженных признаков роли не выявлено.",0,2,0.0,450816.0,0,23,0.0002868488506751384,0.0,,0,True,False,False,,0,False,False
100000004714705100,peripheral,0.35,21,0.1639,"Низкая активность в выборке: 0 вход. / 1 исход., 36,550 KZT суммарно — выраженных признаков роли не выявлено.",0,1,0.0,36550.0,0,1,0.0002868488506751384,0.0,,0,True,False,False,,0,False,False
100000004723755100,peripheral,0.35,7,0.2068,"Низкая активность в выборке: 0 вход. / 1 исход., 95,000 KZT суммарно — выраженных признаков роли не выявлено.",0,1,0.0,95000.0,0,5,0.0002868488506751384,0.0,,0,True,False,False,,0,False,False
100000004813068100,peripheral,0.45,24,0.2486,"Низкая активность в выборке: 0 вход. / 3 исход., 297,000 KZT суммарно — выраженных признаков роли не выявлено.",0,3,0.0,297000.0,0,5,0.0002868488506751384,0.0,,0,True,False,False,,0,False,False
100000004971871100,peripheral,0.4,54,0.3842,"Низкая активность в выборке: 1 вход. / 1 исход., 31,050 KZT суммарно, pass_through=0.22 — выраженных признаков роли не выявлено.",1,1,25400.0,5650.0,3,1,0.0007461346034888536,0.0,0.22244094488188976,0,True,False,True,2.5,1,False,False
100000005017150100,peripheral,0.2,67,0.0921,Seed-клиент без единого ребра в выборке — 0 входящих и исходящих переводов (порог 5 000 KZT или операции вне банка).,0,0,0.0,0.0,0,0,0.0,0.0,,0,True,False,False,,0,False,False
100000005087431100,peripheral,0.2,67,0.0921,Seed-клиент без единого ребра в выборке — 0 входящих и исходящих переводов (порог 5 000 KZT или операции вне банка).,0,0,0.0,0.0,0,0,0.0,0.0,,0,True,False,False,,0,False,False
100000005235389100,peripheral,0.2,67,0.0921,Seed-клиент без единого ребра в выборке — 0 входящих и исходящих переводов (порог 5 000 KZT или операции вне банка).,0,0,0.0,0.0,0,0,0.0,0.0,,0,True,False,False,,0,False,False
100000005264990100,peripheral,0.45,21,0.4638,"Низкая активность в выборке: 1 вход. / 2 исход., 139,070 KZT суммарно, pass_through=7.15 — выраженных признаков роли не выявлено.",1,2,17070.0,122000.0,1,2,0.0003655985512877528,7.898413384293786e-05,7.147041593438781,0,True,False,False,4.0,1,False,False
100000005370580100,terminal,0.72,14,0.3651,"Нет исходящих переводов на 0-м колене (обход не был искусственно прерван, глубина < 4) — получил 24,075 KZT от 1 плательщиков и удержал их.",1,0,24075.0,0.0,1,0,0.00034749711449252456,0.0,0.0,0,True,False,False,,1,False,False
100000005382566100,peripheral,0.5,21,0.5847,"Низкая активность в выборке: 7 вход. / 1 исход., 443,066 KZT суммарно, pass_through=0.13 — выраженных признаков роли не выявлено.",7,1,393066.0,50000.0,11,1,0.0021219671978348763,4.7160722937605155e-05,0.12720510041570626,0,True,False,True,5.0,2,False,False
100000005386383100,peripheral,0.45,21,0.4612,"Низкая активность в выборке: 2 вход. / 1 исход., 66,500 KZT суммарно, pass_through=0.77 — выраженных признаков роли не выявлено.",2,1,37500.0,29000.0,2,1,0.0005266275322641048,2.9011906268667784e-05,0.7733333333333333,0,True,False,False,,2,False,False
100000005392290100,peripheral,0.35,64,0.1985,"Низкая активность в выборке: 0 вход. / 1 исход., 81,465 KZT суммарно — выраженных признаков роли не выявлено.",0,1,0.0,81465.0,0,1,0.0002868488506751384,0.0,,0,True,False,False,,0,False,False
100000005395727100,terminal,0.72,15,0.3596,"Нет исходящих переводов на 0-м колене (обход не был искусственно прерван, глубина < 4) — получил 17,000 KZT от 1 плательщиков и удержал их.",1,0,17000.0,0.0,1,0,0.00037285017574889003,0.0,0.0,0,True,False,False,,1,False,False
100000005409680100,terminal,0.74,3,0.4761,"Нет исходящих переводов на 0-м колене (обход не был искусственно прерван, глубина < 4) — получил 55,060 KZT от 2 плательщиков и удержал их.",2,0,55060.0,0.0,2,0,0.0006362170091600229,0.0,0.0,0,True,False,False,,1,False,False
100000005417257100,peripheral,0.4,21,0.2122,"Низкая активность в выборке: 0 вход. / 2 исход., 106,000 KZT суммарно — выраженных признаков роли не выявлено.",0,2,0.0,106000.0,0,2,0.0002868488506751384,0.0,,0,True,False,False,,0,False,False
100000005454368100,terminal,0.74,14,0.4177,"Нет исходящих переводов на 0-м колене (обход не был искусственно прерван, глубина < 4) — получил 48,600 KZT от 2 плательщиков и удержал их.",2,0,48600.0,0.0,2,0,0.00039592373535834356,0.0,0.0,0,True,False,False,,1,False,False
100000005480435100,peripheral,0.2,67,0.0921,Seed-клиент без единого ребра в выборке — 0 входящих и исходящих переводов (порог 5 000 KZT или операции вне банка).,0,0,0.0,0.0,0,0,0.0,0.0,,0,True,False,False,,0,False,False
100000005485830100,peripheral,0.5,41,0.2463,"Низкая активность в выборке: 0 вход. / 5 исход., 275,885 KZT суммарно — выраженных признаков роли не выявлено.",0,5,0.0,275885.0,0,9,0.0002868488506751384,0.0,,0,True,False,False,,0,False,False
100000005493505100,terminal,0.76,7,0.4786,"Нет исходящих переводов на 0-м колене (обход не был искусственно прерван, глубина < 4) — получил 62,020 KZT от 3 плательщиков и удержал их.",3,0,62020.0,0.0,3,0,0.0006201052363006153,0.0,0.0,0,True,False,False,,1,False,False
100000005495722100,peripheral,0.2,67,0.0921,Seed-клиент без единого ребра в выборке — 0 входящих и исходящих переводов (порог 5 000 KZT или операции вне банка).,0,0,0.0,0.0,0,0,0.0,0.0,,0,True,False,False,,0,False,False
100000005498992100,distributor,0.42,9,0.5161,"Рассылает 16 получателям (2,262,868 KZT), получая лишь от 0 плательщиков — веерное распределение средств вниз по цепочке. (seed: входящие занижены — граф собран от него)",0,16,0.0,2262868.0,0,19,0.0002868488506751384,0.0,,0,True,False,False,,0,False,False
100000005519347100,peripheral,0.45,4,0.5012,"Низкая активность в выборке: 2 вход. / 1 исход., 172,100 KZT суммарно, pass_through=1.35 — выраженных признаков роли не выявлено.",2,1,73100.0,99000.0,2,1,0.0005591119636921243,1.5451518911181176e-06,1.3543091655266757,0,True,False,False,8.0,1,False,False
100000005523088100,terminal,0.72,21,0.5841,"Нет исходящих переводов на 0-м колене (обход не был искусственно прерван, глубина < 4) — получил 700,000 KZT от 1 плательщиков и удержал их.",1,0,700000.0,0.0,2,0,0.0017270161361158107,0.0,0.0,0,True,False,False,,1,False,False
100000005543136100,peripheral,0.35,7,0.1092,"Низкая активность в выборке: 0 вход. / 1 исход., 10,000 KZT суммарно — выраженных признаков роли не выявлено.",0,1,0.0,10000.0,0,1,0.0002868488506751384,0.0,,0,True,False,False,,0,False,False
100000005550592100,peripheral,0.2,67,0.0921,Seed-клиент без единого ребра в выборке — 0 входящих и исходящих переводов (порог 5 000 KZT или операции вне банка).,0,0,0.0,0.0,0,0,0.0,0.0,,0,True,False,False,,0,False,False
100000005560900100,peripheral,0.2,67,0.0921,Seed-клиент без единого ребра в выборке — 0 входящих и исходящих переводов (порог 5 000 KZT или операции вне банка).,0,0,0.0,0.0,0,0,0.0,0.0,,0,True,False,False,,0,False,False
100000005568407100,peripheral,0.2,67,0.0921,Seed-клиент без единого ребра в выборке — 0 входящих и исходящих переводов (порог 5 000 KZT или операции вне банка).,0,0,0.0,0.0,0,0,0.0,0.0,,0,True,False,False,,0,False,False
100000005668605100,terminal,0.76,21,0.5061,"Нет исходящих переводов на 0-м колене (обход не был искусственно прерван, глубина < 4) — получил 94,500 KZT от 3 плательщиков и удержал их.",3,0,94500.0,0.0,3,0,0.0008418642511074627,0.0,0.0,0,True,False,False,,1,False,False
100000005744674100,peripheral,0.35,21,0.1804,"Низкая активность в выборке: 0 вход. / 1 исход., 50,066 KZT суммарно — выраженных признаков роли не выявлено.",0,1,0.0,50066.0,0,2,0.0002868488506751384,0.0,,0,True,False,False,,0,False,False
100000006232815100,peripheral,0.5,29,0.5352,"Низкая активность в выборке: 1 вход. / 5 исход., 456,500 KZT суммарно, pass_through=1.85 — выраженных признаков роли не выявлено.",1,5,160000.0,296500.0,2,5,0.0005589743134767571,2.821581714215693e-06,1.853125,0,True,False,True,4.0,1,False,False
100000006249740100,peripheral,0.45,46,0.2054,"Низкая активность в выборке: 0 вход. / 3 исход., 93,007 KZT суммарно — выраженных признаков роли не выявлено.",0,3,0.0,93007.0,0,5,0.0002868488506751384,0.0,,0,True,False,False,,0,False,False
100000006831291100,peripheral,0.35,46,0.1212,"Низкая активность в выборке: 0 вход. / 1 исход., 15,000 KZT суммарно — выраженных признаков роли не выявлено.",0,1,0.0,15000.0,0,3,0.0002868488506751384,0.0,,0,True,False,False,,0,False,False
100000006866783100,coordinator,0.95,0,0.9332,"Одновременно принимает от 13 плательщиков (838,812 KZT) и рассылает 67 получателям (3,948,037 KZT) — двусторонний хаб, кандидат в организаторы. (seed: входящие занижены — граф собран от него)",13,67,838812.0,3948037.0,31,90,0.0008741047179040808,0.006148793520652797,4.706700667133994,0,True,False,True,0.0,5,True,True
100000007018630100,peripheral,0.35,60,0.2356,"Низкая активность в выборке: 0 вход. / 1 исход., 200,000 KZT суммарно — выраженных признаков роли не выявлено.",0,1,0.0,200000.0,0,5,0.0002868488506751384,0.0,,0,True,False,False,,0,False,False
100000007747786100,distributor,0.71,9,0.519,"Рассылает 31 получателям (4,238,009 KZT), получая лишь от 0 плательщиков — веерное распределение средств вниз по цепочке. (seed: входящие занижены — граф собран от него)",0,31,0.0,4238009.4,0,35,0.0002868488506751384,0.0,,0,True,False,False,,0,False,False
100000007982728100,peripheral,0.5,10,0.2861,"Низкая активность в выборке: 0 вход. / 8 исход., 1,804,384 KZT суммарно — выраженных признаков роли не выявлено.",0,8,0.0,1804384.0,0,12,0.0002868488506751384,0.0,,0,True,False,False,,0,False,False
100000008117324100,peripheral,0.2,67,0.0921,Seed-клиент без единого ребра в выборке — 0 входящих и исходящих переводов (порог 5 000 KZT или операции вне банка).,0,0,0.0,0.0,0,0,0.0,0.0,,0,True,False,False,,0,False,False
100000008205000100,peripheral,0.2,67,0.0921,Seed-клиент без единого ребра в выборке — 0 входящих и исходящих переводов (порог 5 000 KZT или операции вне банка).,0,0,0.0,0.0,0,0,0.0,0.0,,0,True,False,False,,0,False,False
100000008314203100,transit,0.61,35,0.569,"Пропускает средства не удерживая: получил 382,076 KZT, отдал 327,000 KZT (0.86x) от 2 плательщиков 2 получателям, медианная задержка 1 дн.. (seed: входящие занижены — граф собран от него)",2,2,382076.0,327000.0,10,13,0.0005050728131960834,0.0,0.8558506684533967,0,True,False,True,1.0,1,True,False
100000008418835100,peripheral,0.5,52,0.569,"Низкая активность в выборке: 1 вход. / 4 исход., 1,558,179 KZT суммарно, pass_through=0.14 — выраженных признаков роли не выявлено.",1,4,1372000.0,186179.0,67,6,0.0005309030338467371,0.0003220633985226198,0.13569897959183674,0,True,False,False,2.0,1,True,False
100000008513251100,peripheral,0.2,67,0.0921,Seed-клиент без единого ребра в выборке — 0 входящих и исходящих переводов (порог 5 000 KZT или операции вне банка).,0,0,0.0,0.0,0,0,0.0,0.0,,0,True,False,False,,0,False,False
100000008516839100,terminal,0.76,21,0.5312,"Нет исходящих переводов на 0-м колене (обход не был искусственно прерван, глубина < 4) — получил 155,000 KZT от 3 плательщиков и удержал их.",3,0,155000.0,0.0,4,0,0.0010741596212647685,0.0,0.0,0,True,False,False,,2,False,False
100000008522127100,peripheral,0.35,61,0.222,"Низкая активность в выборке: 0 вход. / 1 исход., 145,000 KZT суммарно — выраженных признаков роли не выявлено.",0,1,0.0,145000.0,0,3,0.0002868488506751384,0.0,,0,True,False,False,,0,False,False
100000008571433100,peripheral,0.5,47,0.5846,"Низкая активность в выборке: 2 вход. / 2 исход., 1,784,000 KZT суммарно, pass_through=4.10 — выраженных признаков роли не выявлено.",2,2,350000.0,1434000.0,2,3,0.0016372326866585755,1.0077077550770332e-06,4.097142857142857,0,True,False,True,0.5,1,True,False
100000008575624100,peripheral,0.45,44,0.2032,"Низкая активность в выборке: 0 вход. / 3 исход., 89,500 KZT суммарно — выраженных признаков роли не выявлено.",0,3,0.0,89500.0,0,5,0.0002868488506751384,0.0,,0,True,False,False,,0,False,False
100000008601794100,peripheral,0.45,53,0.5835,"Низкая активность в выборке: 2 вход. / 1 исход., 1,365,800 KZT суммарно, pass_through=1.76 — выраженных признаков роли не выявлено.",2,1,494400.0,871400.0,8,13,0.002387285088965427,4.0308310203081327e-07,1.7625404530744337,0,True,False,True,0.0,1,True,False
100000008637537100,peripheral,0.5,35,0.6031,"Низкая активность в выборке: 3 вход. / 3 исход., 2,971,385 KZT суммарно, pass_through=3.79 — выраженных признаков роли не выявлено.",3,3,619890.0,2351495.0,22,30,0.0008320760827428094,7.886373928483128e-05,3.793406894771653,0,True,False,True,0.0,2,True,False
100000008650785100,peripheral,0.5,4,0.53,"Низкая активность в выборке: 2 вход. / 2 исход., 212,120 KZT суммарно, pass_through=1.31 — выраженных признаков роли не выявлено.",2,2,92000.0,120120.0,2,2,0.0006151829911466896,2.2807785523243515e-05,1.3056521739130436,0,True,False,False,1.0,1,True,False
100000008654653100,peripheral,0.35,4,0.1845,"Низкая активность в выборке: 0 вход. / 1 исход., 54,000 KZT суммарно — выраженных признаков роли не выявлено.",0,1,0.0,54000.0,0,1,0.0002868488506751384,0.0,,0,True,False,False,,0,False,False
100000008659445100,peripheral,0.5,42,0.5826,"Низкая активность в выборке: 3 вход. / 4 исход., 1,013,640 KZT суммарно, pass_through=6.32 — выраженных признаков роли не выявлено.",3,4,138490.0,875150.0,7,18,0.0024576486184352342,1.0077077550770332e-06,6.319228825185934,0,True,False,True,1.0,2,True,False
100000008669037100,peripheral,0.2,67,0.0921,Seed-клиент без единого ребра в выборке — 0 входящих и исходящих переводов (порог 5 000 KZT или операции вне банка).,0,0,0.0,0.0,0,0,0.0,0.0,,0,True,False,False,,0,False,False
100000008673001100,terminal,0.72,21,0.4528,"Нет исходящих переводов на 0-м колене (обход не был искусственно прерван, глубина < 4) — получил 80,000 KZT от 1 плательщиков и удержал их.",1,0,80000.0,0.0,1,0,0.000471040687031062,0.0,0.0,0,True,False,False,,1,False,False
100000008680731100,distributor,0.64,17,0.5113,"Рассылает 27 получателям (1,464,354 KZT), получая лишь от 0 плательщиков — веерное распределение средств вниз по цепочке. (seed: входящие занижены — граф собран от него)",0,27,0.0,1464354.0,0,28,0.0002868488506751384,0.0,,0,True,False,False,,0,False,False
100000008701222100,peripheral,0.2,67,0.0921,Seed-клиент без единого ребра в выборке — 0 входящих и исходящих переводов (порог 5 000 KZT или операции вне банка).,0,0,0.0,0.0,0,0,0.0,0.0,,0,True,False,False,,0,False,False
100000008738325100,peripheral,0.4,21,0.4542,"Низкая активность в выборке: 1 вход. / 1 исход., 90,550 KZT суммарно, pass_through=1.48 — выраженных признаков роли не выявлено.",1,1,36550.0,54000.0,1,1,0.0005309030338467371,2.0154155101540663e-07,1.4774281805745555,0,True,False,False,,1,False,False
100000003134937100,terminal,0.72,4,0.2386,"Нет исходящих переводов на 1-м колене (обход не был искусственно прерван, глубина < 4) — получил 10,286 KZT от 1 плательщиков и удержал их.",1,0,10286.0,0.0,1,0,0.0002879597204265753,0.0,0.0,1,False,False,False,,1,False,False
100000005074393100,peripheral,0.5,14,0.6556,"Низкая активность в выборке: 4 вход. / 6 исход., 1,248,526 KZT суммарно, pass_through=1.22 — выраженных признаков роли не выявлено.",4,6,563026.0,685500.0,5,10,0.001064513470901251,0.00022068799836187026,1.2175281425724567,1,False,False,True,1.0,1,True,False
100000001924185100,terminal,0.74,11,0.4596,"Нет исходящих переводов на 1-м колене (обход не был искусственно прерван, глубина < 4) — получил 151,000 KZT от 2 плательщиков и удержал их.",2,0,151000.0,0.0,2,0,0.0003116111345159545,0.0,0.0,1,False,False,False,,1,False,False
100000004070318100,distributor,0.48,0,0.7683,"Рассылает 19 получателям (551,860 KZT), получая лишь от 4 плательщиков — веерное распределение средств вниз по цепочке.",4,19,207246.55,551860.0,6,37,0.00031551856613583904,0.002108784807773284,2.662818753798314,1,False,False,True,0.0,2,True,False
100000005807278100,terminal,0.72,41,0.2847,"Нет исходящих переводов на 1-м колене (обход не был искусственно прерван, глубина < 4) — получил 8,385 KZT от 1 плательщиков и удержал их.",1,0,8385.0,0.0,1,0,0.000294266413521592,0.0,0.0,1,False,False,False,,1,False,False
100000003377795100,terminal,0.72,9,0.224,"Нет исходящих переводов на 1-м колене (обход не был искусственно прерван, глубина < 4) — получил 7,000 KZT от 1 плательщиков и удержал их.",1,0,7000.0,0.0,1,0,0.0002872519595691869,0.0,0.0,1,False,False,False,,1,False,False
100000004330371100,peripheral,0.5,4,0.6331,"Низкая активность в выборке: 2 вход. / 2 исход., 354,852 KZT суммарно, pass_through=0.34 — выраженных признаков роли не выявлено.",2,2,264171.0,90681.0,12,6,0.0012610864292053746,0.00034040367966502183,0.3432662934235779,1,False,False,True,2.5,2,False,False
100000008165763100,coordinator,0.64,0,0.9776,"Одновременно принимает от 15 плательщиков (1,165,815 KZT) и рассылает 17 получателям (1,267,858 KZT) — двусторонний хаб, кандидат в организаторы.",15,17,1165815.0,1267858.0,26,17,0.0009141720501285515,0.00035120969385587,1.087529324978663,1,False,False,False,0.0,4,True,True
100000001684867100,terminal,0.72,4,0.3047,"Нет исходящих переводов на 1-м колене (обход не был искусственно прерван, глубина < 4) — получил 30,550 KZT от 1 плательщиков и удержал их.",1,0,30550.0,0.0,1,0,0.0002901481964758771,0.0,0.0,1,False,False,False,,1,False,False
100000003900547100,terminal,0.72,4,0.2803,"Нет исходящих переводов на 1-м колене (обход не был искусственно прерван, глубина < 4) — получил 23,700 KZT от 1 плательщиков и удержал их.",1,0,23700.0,0.0,1,0,0.0002894084086285756,0.0,0.0,1,False,False,False,,1,False,False
100000006656003100,peripheral,0.4,1,0.2402,"Низкая активность в выборке: 1 вход. / 1 исход., 29,000 KZT суммарно, pass_through=0.45 — выраженных признаков роли не выявлено.",1,1,20000.0,9000.0,1,1,0.00029106374333946164,0.0,0.45,1,False,False,True,0.0,1,True,False
100000008237827100,terminal,0.72,7,0.3525,"Нет исходящих переводов на 1-м колене (обход не был искусственно прерван, глубина < 4) — получил 40,001 KZT от 1 плательщиков и удержал их.",1,0,40001.0,0.0,1,0,0.00029489033300801034,0.0,0.0,1,False,False,False,,1,False,False
100000003014659100,terminal,0.72,11,0.5059,"Нет исходящих переводов на 1-м колене (обход не был искусственно прерван, глубина < 4) — получил 280,000 KZT от 1 плательщиков и удержал их.",1,0,280000.0,0.0,1,0,0.00032951873404572074,0.0,0.0,1,False,False,False,,1,False,False
100000007939160100,peripheral,0.45,43,0.6041,"Низкая активность в выборке: 1 вход. / 2 исход., 809,300 KZT суммарно, pass_through=0.02 — выраженных признаков роли не выявлено.",1,2,795000.0,14300.0,2,2,0.0006680900198229337,4.0308310203081327e-07,0.017987421383647798,1,False,False,True,,1,False,False
100000007274584100,terminal,0.72,7,0.3475,"Нет исходящих переводов на 1-м колене (обход не был искусственно прерван, глубина < 4) — получил 38,000 KZT от 1 плательщиков и удержал их.",1,0,38000.0,0.0,1,0,0.00029448806791093586,0.0,0.0,1,False,False,False,,1,False,False
100000001524952100,terminal,0.72,0,0.4368,"Нет исходящих переводов на 1-м колене (обход не был искусственно прерван, глубина < 4) — получил 103,807 KZT от 1 плательщиков и удержал их.",1,0,103807.0,0.0,1,0,0.0003064069407623941,0.0,0.0,1,False,False,False,,1,False,False
100000003131693100,terminal,0.72,7,0.5302,"Нет исходящих переводов на 1-м колене (обход не был искусственно прерван, глубина < 4) — получил 353,277 KZT от 1 плательщиков и удержал их.",1,0,353277.0,0.0,1,0,0.0003578688440280549,0.0,0.0,1,False,False,False,,1,False,False
100000008383405100,terminal,0.72,24,0.3728,"Нет исходящих переводов на 1-м колене (обход не был искусственно прерван, глубина < 4) — получил 25,000 KZT от 1 плательщиков и удержал их.",1,0,25000.0,0.0,2,0,0.0003073921320868891,0.0,0.0,1,False,False,False,,1,False,False
100000008736173100,terminal,0.72,1,0.3328,"Нет исходящих переводов на 1-м колене (обход не был искусственно прерван, глубина < 4) — получил 31,060 KZT от 1 плательщиков и удержал их.",1,0,31060.0,0.0,1,0,0.0002933945789828324,0.0,0.0,1,False,False,False,,1,False,False
100000002861485100,terminal,0.72,4,0.2988,"Нет исходящих переводов на 1-м колене (обход не был искусственно прерван, глубина < 4) — получил 29,323 KZT от 1 плательщиков и удержал их.",1,0,29323.0,0.0,1,0,0.0002900156826527181,0.0,0.0,1,False,False,False,,1,False,False
100000008745474100,terminal,0.72,1,0.3561,"Нет исходящих переводов на 1-м колене (обход не был искусственно прерван, глубина < 4) — получил 40,559 KZT от 1 плательщиков и удержал их.",1,0,40559.0,0.0,1,0,0.00029539644225375273,0.0,0.0,1,False,False,False,,1,False,False
100000008691330100,terminal,0.72,1,0.2984,"Нет исходящих переводов на 1-м колене (обход не был искусственно прерван, глубина < 4) — получил 21,440 KZT от 1 плательщиков и удержал их.",1,0,21440.0,0.0,1,0,0.00029136721561129293,0.0,0.0,1,False,False,False,,1,False,False
100000007639767100,distributor,0.31,0,0.7458,"Рассылает 10 получателям (822,244 KZT), получая лишь от 4 плательщиков — веерное распределение средств вниз по цепочке.",4,10,90913.0,822244.0,4,13,0.00030278321457567146,0.0025542440466601903,9.044295095310902,1,False,False,True,4.0,1,False,False
100000002921047100,peripheral,0.45,9,0.5175,"Низкая активность в выборке: 2 вход. / 1 исход., 501,000 KZT суммарно, pass_through=0.48 — выраженных признаков роли не выявлено.",2,1,338000.0,163000.02,2,1,0.0003184621242533609,2.1968029060679322e-05,0.48224857988165676,1,False,False,False,8.5,1,False,False
100000004783447100,terminal,0.72,1,0.3167,"Нет исходящих переводов на 1-м колене (обход не был искусственно прерван, глубина < 4) — получил 26,200 KZT от 1 плательщиков и удержал их.",1,0,26200.0,0.0,1,0,0.00029237036006540183,0.0,0.0,1,False,False,False,,1,False,False
100000008696919100,terminal,0.72,1,0.3353,"Нет исходящих переводов на 1-м колене (обход не был искусственно прерван, глубина < 4) — получил 31,945 KZT от 1 плательщиков и удержал их.",1,0,31945.0,0.0,1,0,0.00029358108798322873,0.0,0.0,1,False,False,False,,1,False,False
100000008736940100,peripheral,0.5,42,0.6244,"Низкая активность в выборке: 3 вход. / 3 исход., 633,190 KZT суммарно, pass_through=0.40 — выраженных признаков роли не выявлено.",3,3,451090.0,182100.0,13,6,0.0024481745423749293,8.061662040616265e-07,0.40368884258130305,1,False,False,True,0.0,2,True,False
100000005940652100,terminal,0.72,35,0.2418,"Нет исходящих переводов на 1-м колене (обход не был искусственно прерван, глубина < 4) — получил 8,395 KZT от 1 плательщиков и удержал их.",1,0,8395.0,0.0,1,0,0.0002893773976301022,0.0,0.0,1,False,False,False,,1,False,False
100000004180097100,peripheral,0.5,0,0.5955,"Низкая активность в выборке: 3 вход. / 3 исход., 152,654 KZT суммарно, pass_through=0.46 — выраженных признаков роли не выявлено.",3,3,104854.0,47800.0,5,7,0.0008599843237032203,0.0003190402752573887,0.4558719743643542,1,False,False,True,0.0,1,True,False
100000005539201100,peripheral,0.4,4,0.3666,"Низкая активность в выборке: 1 вход. / 1 исход., 70,504 KZT суммарно, pass_through=0.55 — выраженных признаков роли не выявлено.",1,1,45504.0,25000.0,1,1,0.00029176320194573786,4.2693218556763636e-05,0.5494022503516175,1,False,False,False,,1,False,False
100000005620225100,terminal,0.74,0,0.3753,"Нет исходящих переводов на 1-м колене (обход не был искусственно прерван, глубина < 4) — получил 49,846 KZT от 2 плательщиков и удержал их.",2,0,49845.66,0.0,2,0,0.00029755896877035047,0.0,0.0,1,False,False,False,,1,False,False
100000004388353100,terminal,0.74,11,0.4584,"Нет исходящих переводов на 1-м колене (обход не был искусственно прерван, глубина < 4) — получил 62,960 KZT от 2 плательщиков и удержал их.",2,0,62960.0,0.0,2,0,0.000342271741802324,0.0,0.0,1,False,False,False,,1,False,False
100000007442518100,peripheral,0.5,28,0.6526,"Низкая активность в выборке: 5 вход. / 9 исход., 4,929,999 KZT суммарно, pass_through=8.67 — выраженных признаков роли не выявлено.",5,9,510000.0,4419999.0,8,12,0.0006515232072674919,0.00025656239444261263,8.666664705882352,1,False,False,True,3.0,1,False,False
100000000267734100,peripheral,0.5,9,0.5778,"Низкая активность в выборке: 2 вход. / 7 исход., 462,000 KZT суммарно, pass_through=1.57 — выраженных признаков роли не выявлено.",2,7,180000.0,282000.0,4,8,0.0005396268570373788,3.6277479182773194e-06,1.5666666666666667,1,False,False,True,1.0,1,True,False
100000001987030100,peripheral,0.45,15,0.3749,"Низкая активность в выборке: 2 вход. / 1 исход., 49,864 KZT суммарно, pass_through=0.62 — выраженных признаков роли не выявлено.",2,1,30864.0,19000.0,2,1,0.0002951862409947939,5.804396669243711e-05,0.6156039398652151,1,False,False,False,13.0,1,False,False
100000002603478100,terminal,0.72,17,0.2953,"Нет исходящих переводов на 1-м колене (обход не был искусственно прерван, глубина < 4) — получил 23,500 KZT от 1 плательщиков и удержал их.",1,0,23500.0,0.0,1,0,0.00029076544004118823,0.0,0.0,1,False,False,False,,1,False,False
100000001380054100,peripheral,0.5,29,0.6015,"Низкая активность в выборке: 2 вход. / 3 исход., 487,050 KZT суммарно, pass_through=2.83 — выраженных признаков роли не выявлено.",2,3,127050.0,360000.0,2,4,0.0007193751577744338,2.821581714215693e-06,2.833530106257379,1,False,False,True,3.5,1,False,False
100000002992171100,terminal,0.72,1,0.2636,"Нет исходящих переводов на 1-м колене (обход не был искусственно прерван, глубина < 4) — получил 14,627 KZT от 1 плательщиков и удержал их.",1,0,14627.0,0.0,1,0,0.0002899314124251912,0.0,0.0,1,False,False,False,,1,False,False
100000002781227100,transit,0.68,61,0.7447,"Пропускает средства не удерживая: получил 191,168 KZT, отдал 212,420 KZT (1.11x) от 2 плательщиков 3 получателям, медианная задержка 0 дн..",2,3,191167.62,212420.0,8,10,0.0023373647787345683,0.00013523438073133784,1.1111714421092862,1,False,False,True,0.0,1,True,False
100000008745643100,terminal,0.72,1,0.2948,"Нет исходящих переводов на 1-м колене (обход не был искусственно прерван, глубина < 4) — получил 20,313 KZT от 1 плательщиков и удержал их.",1,0,20313.0,0.0,1,0,0.0002911297064096583,0.0,0.0,1,False,False,False,,1,False,False
100000002836736100,terminal,0.74,10,0.5699,"Нет исходящих переводов на 1-м колене (обход не был искусственно прерван, глубина < 4) — получил 509,000 KZT от 2 плательщиков и удержал их.",2,0,509000.0,0.0,2,0,0.00045376548996403247,0.0,0.0,1,False,False,False,,2,False,False
100000004188160100,peripheral,0.5,15,0.4628,"Низкая активность в выборке: 2 вход. / 5 исход., 221,708 KZT суммарно, pass_through=1.52 — выраженных признаков роли не выявлено.",2,5,87862.0,133846.0,5,6,0.0002981560916449918,0.00250225193563317,1.5233661878855478,1,False,False,True,1.0,1,True,False
100000004841728100,terminal,0.72,1,0.3811,"Нет исходящих переводов на 1-м колене (обход не был искусственно прерван, глубина < 4) — получил 52,208 KZT от 1 плательщиков и удержал их.",1,0,52208.0,0.0,1,0,0.00029785140648608786,0.0,0.0,1,False,False,False,,1,False,False
100000001554432100,terminal,0.72,7,0.3822,"Нет исходящих переводов на 1-м колене (обход не был искусственно прерван, глубина < 4) — получил 53,920 KZT от 1 плательщиков и удержал их.",1,0,53920.0,0.0,1,0,0.00029768849786866996,0.0,0.0,1,False,False,False,,1,False,False
100000008768896100,terminal,0.72,1,0.3691,"Нет исходящих переводов на 1-м колене (обход не был искусственно прерван, глубина < 4) — получил 47,060 KZT от 1 плательщиков и удержал их.",1,0,47060.0,0.0,1,0,0.00029676649311429106,0.0,0.0,1,False,False,False,,1,False,False
100000008232832100,peripheral,0.4,35,0.5038,"Низкая активность в выборке: 1 вход. / 1 исход., 475,000 KZT суммарно, pass_through=0.41 — выраженных признаков роли не выявлено.",1,1,337000.0,138000.0,2,1,0.0004962754348031017,0.0,0.4094955489614243,1,False,False,False,,1,False,False
100000002864256100,terminal,0.72,7,0.4596,"Нет исходящих переводов на 1-м колене (обход не был искусственно прерван, глубина < 4) — получил 135,780 KZT от 1 плательщиков и удержал их.",1,0,135780.0,0.0,1,0,0.00031414498005083794,0.0,0.0,1,False,False,False,,1,False,False
100000001929088100,terminal,0.74,9,0.5061,"Нет исходящих переводов на 1-м колене (обход не был искусственно прерван, глубина < 4) — получил 396,010 KZT от 2 плательщиков и удержал их.",2,0,396010.0,0.0,2,0,0.00031900361406278716,0.0,0.0,1,False,False,False,,1,False,False
100000002794197100,terminal,0.72,9,0.2877,"Нет исходящих переводов на 1-м колене (обход не был искусственно прерван, глубина < 4) — получил 30,100 KZT от 1 плательщиков и удержал их.",1,0,30100.0,0.0,1,0,0.00028858221891954694,0.0,0.0,1,False,False,False,,1,False,False
100000005669845100,terminal,0.72,29,0.3823,"Нет исходящих переводов на 1-м колене (обход не был искусственно прерван, глубина < 4) — получил 20,000 KZT от 1 плательщиков и удержал их.",1,0,20000.0,0.0,1,0,0.0003189386946552999,0.0,0.0,1,False,False,False,,1,False,False
100000002211413100,terminal,0.72,1,0.3473,"Нет исходящих переводов на 1-м колене (обход не был искусственно прерван, глубина < 4) — получил 37,000 KZT от 1 плательщиков и удержал их.",1,0,37000.0,0.0,1,0,0.00029464640210413647,0.0,0.0,1,False,False,False,,1,False,False
100000002784085100,terminal,0.72,9,0.4649,"Нет исходящих переводов на 1-м колене (обход не был искусственно прерван, глубина < 4) — получил 200,000 KZT от 1 плательщиков и удержал их.",1,0,200000.0,0.0,1,0,0.0003084191926634115,0.0,0.0,1,False,False,False,,1,False,False
100000008782421100,terminal,0.72,1,0.374,"Нет исходящих переводов на 1-м колене (обход не был искусственно прерван, глубина < 4) — получил 49,680 KZT от 1 плательщиков и удержал их.",1,0,49680.0,0.0,1,0,0.0002973186440533174,0.0,0.0,1,False,False,False,,1,False,False
100000003739818100,terminal,0.72,7,0.3876,"Нет исходящих переводов на 1-м колене (обход не был искусственно прерван, глубина < 4) — получил 57,293 KZT от 1 плательщиков и удержал их.",1,0,57293.0,0.0,1,0,0.0002983665789143632,0.0,0.0,1,False,False,False,,1,False,False
100000002214570100,terminal,0.72,1,0.3179,"Нет исходящих переводов на 1-м колене (обход не был искусственно прерван, глубина < 4) — получил 26,471 KZT от 1 плательщиков и удержал их.",1,0,26471.0,0.0,1,0,0.00029242747186100345,0.0,0.0,1,False,False,False,,1,False,False
100000006443391100,peripheral,0.5,9,0.5761,"Низкая активность в выборке: 3 вход. / 2 исход., 146,818 KZT суммарно, pass_through=0.69 — выраженных признаков роли не выявлено.",3,2,86775.93,60041.71000000001,7,6,0.0024348970700620114,1.2092493060924398e-06,0.6919166409394865,1,False,False,True,5.0,1,False,False
100000005473151100,peripheral,0.5,8,0.6074,"Низкая активность в выборке: 3 вход. / 4 исход., 1,445,000 KZT суммарно, pass_through=0.18 — выраженных признаков роли не выявлено.",3,4,1220000.0,225000.0,4,6,0.0004703173260136694,0.00024573673398807077,0.18442622950819673,1,False,False,True,0.0,2,True,False
100000005124479100,peripheral,0.5,0,0.4583,"Низкая активность в выборке: 2 вход. / 2 исход., 159,753 KZT суммарно, pass_through=0.16 — выраженных признаков роли не выявлено.",2,2,137753.0,22000.0,2,2,0.00030458050269059774,4.836997224369759e-05,0.15970614070110994,1,False,False,False,4.0,1,False,False
100000005527892100,peripheral,0.5,2,0.5348,"Низкая активность в выборке: 3 вход. / 8 исход., 772,420 KZT суммарно, pass_through=2.51 — выраженных признаков роли не выявлено.",3,8,220001.0,552419.0,3,8,0.0003138247999831619,0.000504061585139276,2.510984040981632,1,False,False,False,2.0,1,True,False
100000008028628100,terminal,0.72,1,0.3891,"Нет исходящих переводов на 1-м колене (обход не был искусственно прерван, глубина < 4) — получил 57,224 KZT от 1 плательщиков и удержал их.",1,0,57224.0,0.0,1,0,0.0002989085015663001,0.0,0.0,1,False,False,False,,1,False,False
100000001953577100,terminal,0.72,1,0.2711,"Нет исходящих переводов на 1-м колене (обход не был искусственно прерван, глубина < 4) — получил 15,600 KZT от 1 плательщиков и удержал их.",1,0,15600.0,0.0,1,0,0.0002901364669533105,0.0,0.0,1,False,False,False,,1,False,False
100000008193577100,peripheral,0.5,42,0.6179,"Низкая активность в выборке: 2 вход. / 5 исход., 634,480 KZT суммарно, pass_through=3.11 — выраженных признаков роли не выявлено.",2,5,154300.0,480180.0,6,16,0.0012553919287856344,1.0077077550770332e-06,3.1119896305897603,1,False,False,True,0.0,1,True,False
100000008753193100,terminal,0.72,1,0.3434,"Нет исходящих переводов на 1-м колене (обход не был искусственно прерван, глубина < 4) — получил 35,225 KZT от 1 плательщиков и удержал их.",1,0,35225.0,0.0,1,0,0.00029427233038017774,0.0,0.0,1,False,False,False,,1,False,False
100000008746025100,terminal,0.72,1,0.2998,"Нет исходящих переводов на 1-м колене (обход не был искусственно прерван, глубина < 4) — получил 22,000 KZT от 1 плательщиков и удержал их.",1,0,22000.0,0.0,1,0,0.000291485232605894,0.0,0.0,1,False,False,False,,1,False,False
100000002934441100,terminal,0.74,0,0.4091,"Нет исходящих переводов на 1-м колене (обход не был искусственно прерван, глубина < 4) — получил 60,846 KZT от 2 плательщиков и удержал их.",2,0,60845.6,0.0,2,0,0.0003038298398555054,0.0,0.0,1,False,False,False,,2,False,False
100000003701161100,peripheral,0.5,23,0.6663,"Низкая активность в выборке: 4 вход. / 3 исход., 1,876,103 KZT суммарно, pass_through=0.23 — выраженных признаков роли не выявлено.",4,3,1527103.0,349000.0,13,7,0.0016606404744765636,0.00021665716734156214,0.22853730232996727,1,False,False,True,1.5,2,True,False
100000006707582100,distributor,0.38,8,0.8503,"Рассылает 14 получателям (961,138 KZT), получая лишь от 2 плательщиков — веерное распределение средств вниз по цепочке.",2,14,39520.0,961138.0,2,15,0.0005404098122016996,0.0003696943850792609,24.320293522267207,1,False,False,True,0.0,1,True,False
100000003239379100,terminal,0.72,17,0.4204,"Нет исходящих переводов на 1-м колене (обход не был искусственно прерван, глубина < 4) — получил 92,500 KZT от 1 плательщиков и удержал их.",1,0,92500.0,0.0,1,0,0.0003022652130734197,0.0,0.0,1,False,False,False,,1,False,False
100000000979923100,terminal,0.72,11,0.4212,"Нет исходящих переводов на 1-м колене (обход не был искусственно прерван, глубина < 4) — получил 97,900 KZT от 1 плательщиков и удержал их.",1,0,97900.0,0.0,1,0,0.0003017680706107813,0.0,0.0,1,False,False,False,,1,False,False
100000001111763100,terminal,0.72,1,0.2776,"Нет исходящих переводов на 1-м колене (обход не был искусственно прерван, глубина < 4) — получил 17,144 KZT от 1 плательщиков и удержал их.",1,0,17144.0,0.0,1,0,0.00029046185666699623,0.0,0.0,1,False,False,False,,1,False,False
100000003865939100,terminal,0.72,64,0.5129,"Нет исходящих переводов на 1-м колене (обход не был искусственно прерван, глубина < 4) — получил 81,465 KZT от 1 плательщиков и удержал их.",1,0,81465.0,0.0,1,0,0.0005309030338467371,0.0,0.0,1,False,False,False,,1,False,False
100000002858835100,terminal,0.72,1,0.3086,"Нет исходящих переводов на 1-м колене (обход не был искусственно прерван, глубина < 4) — получил 24,400 KZT от 1 плательщиков и удержал их.",1,0,24400.0,0.0,1,0,0.00029199101972561276,0.0,0.0,1,False,False,False,,1,False,False
100000003404627100,terminal,0.78,35,0.6357,"Нет исходящих переводов на 1-м колене (обход не был искусственно прерван, глубина < 4) — получил 877,700 KZT от 4 плательщиков и удержал их.",4,0,877700.0,0.0,5,0,0.001384218616675345,0.0,0.0,1,False,False,False,,3,False,True
100000008691027100,terminal,0.72,1,0.28,"Нет исходящих переводов на 1-м колене (обход не был искусственно прерван, глубина < 4) — получил 17,534 KZT от 1 плательщиков и удержал их.",1,0,17534.0,0.0,1,0,0.0002905440470739506,0.0,0.0,1,False,False,False,,1,False,False
100000004071080100,consolidator,0.39,0,0.8742,"Получает от 9 разных плательщиков (238,600 KZT), уходит дальше 19% — точка накопления средств.",9,2,238600.0,46500.0,16,5,0.0013756642514148798,2.861890024418774e-05,0.19488683989941324,1,False,False,True,1.0,2,True,False
100000002864680100,terminal,0.72,17,0.3775,"Нет исходящих переводов на 1-м колене (обход не был искусственно прерван, глубина < 4) — получил 55,932 KZT от 1 плательщиков и удержал их.",1,0,55932.0,0.0,1,0,0.0002961706666930916,0.0,0.0,1,False,False,False,,1,False,False
100000001330685100,peripheral,0.5,3,0.587,"Низкая активность в выборке: 3 вход. / 1 исход., 2,536,423 KZT суммарно, pass_through=0.04 — выраженных признаков роли не выявлено.",3,1,2435923.0,100500.0,7,1,0.00044009946636472093,1.9549530448494444e-05,0.04125746175063826,1,False,False,False,,2,False,False
100000008745725100,terminal,0.72,1,0.3691,"Нет исходящих переводов на 1-м колене (обход не был искусственно прерван, глубина < 4) — получил 47,060 KZT от 1 плательщиков и удержал их.",1,0,47060.0,0.0,1,0,0.00029676649311429106,0.0,0.0,1,False,False,False,,1,False,False
100000002621949100,terminal,0.72,7,0.4775,"Нет исходящих переводов на 1-м колене (обход не был искусственно прерван, глубина < 4) — получил 164,612 KZT от 1 плательщиков и удержал их.",1,0,164612.0,0.0,1,0,0.000319941135612483,0.0,0.0,1,False,False,False,,1,False,False
100000007908818100,peripheral,0.5,2,0.6038,"Низкая активность в выборке: 4 вход. / 6 исход., 1,029,475 KZT суммарно, pass_through=0.42 — выраженных признаков роли не выявлено.",4,6,727475.0,302000.0,4,13,0.0004774440730320631,0.00018058122970980434,0.4151345407058662,1,False,False,False,6.5,2,False,False
100000008691495100,terminal,0.72,1,0.3198,"Нет исходящих переводов на 1-м колене (обход не был искусственно прерван, глубина < 4) — получил 27,000 KZT от 1 плательщиков и удержал их.",1,0,27000.0,0.0,1,0,0.00029253895577197476,0.0,0.0,1,False,False,False,,1,False,False
100000003832231100,terminal,0.72,7,0.3405,"Нет исходящих переводов на 1-м колене (обход не был искусственно прерван, глубина < 4) — получил 35,000 KZT от 1 плательщиков и удержал их.",1,0,35000.0,0.0,1,0,0.0002938849718133729,0.0,0.0,1,False,False,False,,1,False,False
100000002371751100,peripheral,0.4,60,0.5621,"Низкая активность в выборке: 1 вход. / 1 исход., 450,000 KZT суммарно, pass_through=1.25 — выраженных признаков роли не выявлено.",1,1,200000.0,250000.0,5,1,0.0005309030338467371,2.0154155101540663e-07,1.25,1,False,False,False,2.0,1,True,False
100000002894076100,terminal,0.78,9,0.5672,"Нет исходящих переводов на 1-м колене (обход не был искусственно прерван, глубина < 4) — получил 1,122,782 KZT от 4 плательщиков и удержал их.",4,0,1122782.0,0.0,6,0,0.00038438193192336144,0.0,0.0,1,False,False,False,,3,False,True
100000001362940100,terminal,0.72,7,0.4161,"Нет исходящих переводов на 1-м колене (обход не был искусственно прерван, глубина < 4) — получил 81,000 KZT от 1 плательщиков и удержал их.",1,0,81000.0,0.0,1,0,0.0003031324453093383,0.0,0.0,1,False,False,False,,1,False,False
100000008741372100,terminal,0.72,1,0.3446,"Нет исходящих переводов на 1-м колене (обход не был искусственно прерван, глубина < 4) — получил 35,975 KZT от 1 плательщиков и удержал их.",1,0,35975.0,0.0,1,0,0.0002944303888550899,0.0,0.0,1,False,False,False,,1,False,False
100000002618492100,terminal,0.74,11,0.5308,"Нет исходящих переводов на 1-м колене (обход не был искусственно прерван, глубина < 4) — получил 296,500 KZT от 2 плательщиков и удержал их.",2,0,296500.0,0.0,2,0,0.00037066846997843073,0.0,0.0,1,False,False,False,,1,False,False
100000002750332100,terminal,0.72,9,0.2407,"Нет исходящих переводов на 1-м колене (обход не был искусственно прерван, глубина < 4) — получил 11,360 KZT от 1 плательщиков и удержал их.",1,0,11360.0,0.0,1,0,0.00028807404610007225,0.0,0.0,1,False,False,False,,1,False,False
100000004948177100,terminal,0.76,4,0.5577,"Нет исходящих переводов на 1-м колене (обход не был искусственно прерван, глубина < 4) — получил 437,163 KZT от 3 плательщиков и удержал их.",3,0,437163.0,0.0,8,0,0.00042401244562977747,0.0,0.0,1,False,False,False,,1,False,False
100000002511825100,terminal,0.72,0,0.3943,"Нет исходящих переводов на 1-м колене (обход не был искусственно прерван, глубина < 4) — получил 65,000 KZT от 1 плательщиков и удержал их.",1,0,65000.0,0.0,1,0,0.0002990953837188794,0.0,0.0,1,False,False,False,,1,False,False
100000008566737100,terminal,0.74,0,0.5128,"Нет исходящих переводов на 1-м колене (обход не был искусственно прерван, глубина < 4) — получил 230,000 KZT от 2 плательщиков и удержал их.",2,0,230000.0,0.0,2,0,0.00035100729487815376,0.0,0.0,1,False,False,False,,2,False,False
100000008661585100,terminal,0.72,1,0.3604,"Нет исходящих переводов на 1-м колене (обход не был искусственно прерван, глубина < 4) — получил 43,141 KZT от 1 плательщиков и удержал их.",1,0,43141.0,0.0,1,0,0.0002959405848967169,0.0,0.0,1,False,False,False,,1,False,False
100000004759121100,peripheral,0.5,0,0.6523,"Низкая активность в выборке: 6 вход. / 2 исход., 1,022,000 KZT суммарно, pass_through=0.44 — выраженных признаков роли не выявлено.",6,2,710000.0,312000.0,10,6,0.0014251342380562678,7.839966334499319e-05,0.4394366197183099,1,False,False,True,0.0,1,True,False
100000004360785100,terminal,0.72,4,0.4018,"Нет исходящих переводов на 1-м колене (обход не был искусственно прерван, глубина < 4) — получил 94,705 KZT от 1 плательщиков и удержал их.",1,0,94705.0,0.0,1,0,0.0002970768226574284,0.0,0.0,1,False,False,False,,1,False,False
100000005092518100,terminal,0.72,1,0.3156,"Нет исходящих переводов на 1-м колене (обход не был искусственно прерван, глубина < 4) — получил 26,144 KZT от 1 плательщиков и удержал их.",1,0,26144.0,0.0,1,0,0.00029235855836594175,0.0,0.0,1,False,False,False,,1,False,False
100000008737958100,terminal,0.74,1,0.3939,"Нет исходящих переводов на 1-м колене (обход не был искусственно прерван, глубина < 4) — получил 53,373 KZT от 2 плательщиков и удержал их.",2,0,53373.0,0.0,2,0,0.0003009630124549006,0.0,0.0,1,False,False,False,,1,False,False
100000003044518100,terminal,0.72,9,0.2943,"Нет исходящих переводов на 1-м колене (обход не был искусственно прерван, глубина < 4) — получил 34,423 KZT от 1 плательщиков и удержал их.",1,0,34423.0,0.0,1,0,0.00028883116745511436,0.0,0.0,1,False,False,False,,1,False,False
100000004159526100,peripheral,0.5,13,0.6182,"Низкая активность в выборке: 4 вход. / 4 исход., 343,037 KZT суммарно, pass_through=0.25 — выраженных признаков роли не выявлено.",4,4,275037.0,68000.0,4,6,0.0008567019383121547,9.956152620161088e-05,0.24723946232688693,1,False,False,True,0.0,2,True,False
100000007544358100,transit,0.73,4,0.6457,"Пропускает средства не удерживая: получил 322,500 KZT, отдал 350,000 KZT (1.09x) от 2 плательщиков 1 получателям, медианная задержка 2 дн..",2,1,322500.0,350000.0,2,3,0.000342089268648019,1.9952613550525257e-05,1.0852713178294573,1,False,False,False,1.5,1,True,False
100000005901606100,terminal,0.72,1,0.3442,"Нет исходящих переводов на 1-м колене (обход не был искусственно прерван, глубина < 4) — получил 35,660 KZT от 1 плательщиков и удержал их.",1,0,35660.0,0.0,1,0,0.00029436400429562676,0.0,0.0,1,False,False,False,,1,False,False
100000006658598100,terminal,0.72,4,0.2312,"Нет исходящих переводов на 1-м колене (обход не был искусственно прерван, глубина < 4) — получил 9,000 KZT от 1 плательщиков и удержал их.",1,0,9000.0,0.0,1,0,0.0002878208347080892,0.0,0.0,1,False,False,False,,1,False,False
100000002793851100,terminal,0.72,4,0.2401,"Нет исходящих переводов на 1-м колене (обход не был искусственно прерван, глубина < 4) — получил 11,052 KZT от 1 плательщиков и удержал их.",1,0,11052.0,0.0,1,0,0.00028804244706760203,0.0,0.0,1,False,False,False,,1,False,False
100000005612411100,peripheral,0.5,7,0.5472,"Низкая активность в выборке: 3 вход. / 8 исход., 622,497 KZT суммарно, pass_through=4.39 — выраженных признаков роли не выявлено.",3,8,115500.0,506997.0,4,8,0.0003286627982415827,0.0001580085759960788,4.389584415584416,1,False,False,False,0.0,2,True,False
100000007511163100,peripheral,0.5,4,0.5064,"Низкая активность в выборке: 2 вход. / 3 исход., 145,718 KZT суммарно, pass_through=1.29 — выраженных признаков роли не выявлено.",2,3,63666.0,82052.0,2,3,0.0003410988058420594,0.00013879494813261005,1.2887883642760658,1,False,False,True,0.0,1,True,False
100000002648315100,peripheral,0.45,9,0.4046,"Низкая активность в выборке: 1 вход. / 2 исход., 208,000 KZT суммарно, pass_through=0.58 — выраженных признаков роли не выявлено.",1,2,132000.0,76000.0,1,3,0.000294450332677196,4.0308310203081327e-07,0.5757575757575758,1,False,False,False,4.0,1,False,False
100000004739664100,transit,0.57,1,0.3711,"Пропускает средства не удерживая: получил 12,000 KZT, отдал 10,000 KZT (0.83x) от 1 плательщиков 1 получателям.",1,1,12000.0,10000.0,1,1,0.0002893777862737323,1.4107908571078464e-06,0.8333333333333334,1,False,False,False,,1,False,False
100000003713616100,terminal,0.72,4,0.2552,"Нет исходящих переводов на 1-м колене (обход не был искусственно прерван, глубина < 4) — получил 15,893 KZT от 1 плательщиков и удержал их.",1,0,15893.0,0.0,1,0,0.00028856526647910366,0.0,0.0,1,False,False,False,,1,False,False
100000003476560100,terminal,0.72,7,0.3738,"Нет исходящих переводов на 1-м колене (обход не был искусственно прерван, глубина < 4) — получил 50,000 KZT от 1 плательщиков и удержал их.",1,0,50000.0,0.0,1,0,0.00029690045230118767,0.0,0.0,1,False,False,False,,1,False,False
100000008782800100,terminal,0.72,1,0.361,"Нет исходящих переводов на 1-м колене (обход не был искусственно прерван, глубина < 4) — получил 43,381 KZT от 1 плательщиков и удержал их.",1,0,43381.0,0.0,1,0,0.0002959911636086888,0.0,0.0,1,False,False,False,,1,False,False
100000004218576100,terminal,0.72,1,0.3156,"Нет исходящих переводов на 1-м колене (обход не был искусственно прерван, глубина < 4) — получил 26,144 KZT от 1 плательщиков и удержал их.",1,0,26144.0,0.0,1,0,0.00029235855836594175,0.0,0.0,1,False,False,False,,1,False,False
100000003299365100,transit,0.9,7,0.5509,"Пропускает средства не удерживая: получил 200,000 KZT, отдал 200,000 KZT (1.00x) от 1 плательщиков 1 получателям, медианная задержка 0 дн..",1,1,200000.0,200000.0,1,1,0.0003270552571793357,0.0,1.0,1,False,False,True,0.0,1,True,False
100000008730021100,terminal,0.72,52,0.501,"Нет исходящих переводов на 1-м колене (обход не был искусственно прерван, глубина < 4) — получил 75,555 KZT от 1 плательщиков и удержал их.",1,0,75555.0,0.0,3,0,0.00047017474651074543,0.0,0.0,1,False,False,False,,1,False,False
100000002757797100,terminal,0.72,17,0.4281,"Нет исходящих переводов на 1-м колене (обход не был искусственно прерван, глубина < 4) — получил 100,000 KZT от 1 плательщиков и удержал их.",1,0,100000.0,0.0,1,0,0.0003035151884030101,0.0,0.0,1,False,False,False,,1,False,False
100000002845605100,terminal,0.72,0,0.385,"Нет исходящих переводов на 1-м колене (обход не был искусственно прерван, глубина < 4) — получил 57,567 KZT от 1 плательщиков и удержал их.",1,0,57567.0,0.0,1,0,0.00029769494556327746,0.0,0.0,1,False,False,False,,1,False,False
100000000817146100,terminal,0.72,4,0.53,"Нет исходящих переводов на 1-м колене (обход не был искусственно прерван, глубина < 4) — получил 70,020 KZT от 1 плательщиков и удержал их.",1,0,70020.0,0.0,1,0,0.0005919922486484179,0.0,0.0,1,False,False,False,,1,False,False
100000002957306100,terminal,0.74,11,0.5336,"Нет исходящих переводов на 1-м колене (обход не был искусственно прерван, глубина < 4) — получил 398,490 KZT от 2 плательщиков и удержал их.",2,0,398490.0,0.0,2,0,0.0003567681108089118,0.0,0.0,1,False,False,False,,1,False,False
100000008188026100,peripheral,0.5,15,0.4822,"Низкая активность в выборке: 2 вход. / 4 исход., 424,451 KZT суммарно, pass_through=3.91 — выраженных признаков роли не выявлено.",2,4,86468.0,337983.17,5,4,0.0003006429930811252,8.343820212037835e-05,3.9087659018365173,1,False,False,True,21.0,1,False,False
100000004790991100,terminal,0.72,4,0.4791,"Нет исходящих переводов на 1-м колене (обход не был искусственно прерван, глубина < 4) — получил 239,413 KZT от 1 плательщиков и удержал их.",1,0,239413.0,0.0,4,0,0.0003127050299285675,0.0,0.0,1,False,False,False,,1,False,False
100000002973903100,terminal,0.76,17,0.4525,"Нет исходящих переводов на 1-м колене (обход не был искусственно прерван, глубина < 4) — получил 92,880 KZT от 3 плательщиков и удержал их.",3,0,92880.0,0.0,3,0,0.00031828026758801,0.0,0.0,1,False,False,False,,1,False,False
100000004325327100,transit,0.88,0,0.5284,"Пропускает средства не удерживая: получил 70,817 KZT, отдал 70,000 KZT (0.99x) от 2 плательщиков 1 получателям, медианная задержка 2 дн..",2,1,70817.0,70000.0,3,1,0.000297113253610291,3.909906089698889e-05,0.988463222107686,1,False,False,False,2.0,1,True,False
100000001477796100,terminal,0.72,7,0.4925,"Нет исходящих переводов на 1-м колене (обход не был искусственно прерван, глубина < 4) — получил 182,000 KZT от 1 плательщиков и удержал их.",1,0,182000.0,0.0,1,0,0.0003321339211112203,0.0,0.0,1,False,False,False,,1,False,False
100000007536804100,peripheral,0.45,9,0.3838,"Низкая активность в выборке: 1 вход. / 2 исход., 155,000 KZT суммарно, pass_through=0.55 — выраженных признаков роли не выявлено.",1,2,100000.0,55000.0,1,2,0.0002926075491615456,8.061662040616265e-07,0.55,1,False,False,False,2.0,1,True,False
100000008665380100,peripheral,0.45,0,0.3639,"Низкая активность в выборке: 2 вход. / 1 исход., 87,300 KZT суммарно, pass_through=0.26 — выраженных признаков роли не выявлено.",2,1,69100.0,18200.0,2,1,0.0002920753644667848,1.9549530448494444e-05,0.2633863965267728,1,False,False,False,1.0,1,True,False
100000001870116100,terminal,0.72,1,0.3075,"Нет исходящих переводов на 1-м колене (обход не был искусственно прерван, глубина < 4) — получил 24,000 KZT от 1 плательщиков и удержал их.",1,0,24000.0,0.0,1,0,0.00029190672187232627,0.0,0.0,1,False,False,False,,1,False,False
100000001074553100,terminal,0.74,9,0.3069,"Нет исходящих переводов на 1-м колене (обход не был искусственно прерван, глубина < 4) — получил 28,971 KZT от 2 плательщиков и удержал их.",2,0,28971.0,0.0,2,0,0.00029079508036821983,0.0,0.0,1,False,False,False,,1,False,False
100000000978041100,terminal,0.72,1,0.3629,"Нет исходящих переводов на 1-м колене (обход не был искусственно прерван, глубина < 4) — получил 44,445 KZT от 1 плательщиков и удержал их.",1,0,44445.0,0.0,1,0,0.00029621539589843075,0.0,0.0,1,False,False,False,,1,False,False
100000002603769100,terminal,0.76,0,0.6067,"Нет исходящих переводов на 1-м колене (обход не был искусственно прерван, глубина < 4) — получил 1,185,368 KZT от 3 плательщиков и удержал их.",3,0,1185368.0,0.0,3,0,0.0005438818121874442,0.0,0.0,1,False,False,False,,1,False,False
100000005034574100,terminal,0.72,59,0.5422,"Нет исходящих переводов на 1-м колене (обход не был искусственно прерван, глубина < 4) — получил 258,816 KZT от 1 плательщиков и удержал их.",1,0,258816.0,0.0,16,0,0.0004269617292591738,0.0,0.0,1,False,False,False,,1,False,False
100000002958286100,terminal,0.72,9,0.4854,"Нет исходящих переводов на 1-м колене (обход не был искусственно прерван, глубина < 4) — получил 257,000 KZT от 1 плательщиков и удержал их.",1,0,257000.0,0.0,1,0,0.0003145667401300694,0.0,0.0,1,False,False,False,,1,False,False
100000005634552100,peripheral,0.5,0,0.4284,"Низкая активность в выборке: 1 вход. / 3 исход., 1,221,850 KZT суммарно, pass_through=46.27 — выраженных признаков роли не выявлено.",1,3,25850.0,1196000.0,1,4,0.000289640604814225,2.967699338701863e-05,46.2669245647969,1,False,False,False,,1,False,False
100000008736760100,terminal,0.72,1,0.3862,"Нет исходящих переводов на 1-м колене (обход не был искусственно прерван, глубина < 4) — получил 54,757 KZT от 1 плательщиков и удержал их.",1,0,54757.0,0.0,1,0,0.00029838859455615584,0.0,0.0,1,False,False,False,,1,False,False
100000008701944100,terminal,0.72,52,0.4778,"Нет исходящих переводов на 1-м колене (обход не был искусственно прерван, глубина < 4) — получил 52,124 KZT от 1 плательщиков и удержал их.",1,0,52124.0,0.0,1,0,0.00041332200261128005,0.0,0.0,1,False,False,False,,1,False,False
100000008748408100,distributor,0.52,10,0.7706,"Рассылает 21 получателям (1,499,960 KZT), получая лишь от 1 плательщиков — веерное распределение средств вниз по цепочке.",1,21,360000.0,1499960.0,2,22,0.000335541094644147,7.255495836554639e-06,4.166555555555555,1,False,False,False,0.0,1,True,False
100000008486520100,peripheral,0.4,4,0.3277,"Низкая активность в выборке: 1 вход. / 1 исход., 49,720 KZT суммарно, pass_through=0.39 — выраженных признаков роли не выявлено.",1,1,35720.0,14000.0,2,1,0.0002907065473036944,1.9549530448494444e-05,0.3919372900335946,1,False,False,False,,1,False,False
100000003163256100,transit,0.68,4,0.3826,"Пропускает средства не удерживая: получил 13,485 KZT, отдал 15,000 KZT (1.11x) от 1 плательщиков 1 получателям.",1,1,13485.0,15000.0,1,1,0.0002883052067511764,1.9549530448494444e-05,1.1123470522803114,1,False,False,False,,1,False,False
100000003102157100,terminal,0.72,0,0.4308,"Нет исходящих переводов на 1-м колене (обход не был искусственно прерван, глубина < 4) — получил 96,746 KZT от 1 плательщиков и удержал их.",1,0,96746.0,0.0,2,0,0.0003050765904574425,0.0,0.0,1,False,False,False,,1,False,False
100000004741837100,terminal,0.72,4,0.2882,"Нет исходящих переводов на 1-м колене (обход не был искусственно прерван, глубина < 4) — получил 25,596 KZT от 1 плательщиков и удержал их.",1,0,25596.0,0.0,1,0,0.0002896131732648506,0.0,0.0,1,False,False,False,,1,False,False
100000008443341100,peripheral,0.5,0,0.5638,"Низкая активность в выборке: 2 вход. / 3 исход., 84,500 KZT суммарно, pass_through=1.45 — выраженных признаков роли не выявлено.",2,3,34500.0,50000.0,2,4,0.000671792314388838,0.0003662682646506782,1.4492753623188406,1,False,False,True,2.5,1,False,False
100000004792397100,terminal,0.72,1,0.4108,"Нет исходящих переводов на 1-м колене (обход не был искусственно прерван, глубина < 4) — получил 73,520 KZT от 1 плательщиков и удержал их.",1,0,73520.0,0.0,1,0,0.0003023427961091907,0.0,0.0,1,False,False,False,,1,False,False
100000003809101100,peripheral,0.5,11,0.5348,"Низкая активность в выборке: 2 вход. / 2 исход., 221,250 KZT суммарно, pass_through=0.33 — выраженных признаков роли не выявлено.",2,2,166050.0,55200.0,3,4,0.00036356101123662506,0.00013562402772996764,0.3324299909665763,1,False,False,True,1.0,1,True,False
100000002838861100,peripheral,0.5,9,0.6325,"Низкая активность в выборке: 5 вход. / 1 исход., 564,524 KZT суммарно, pass_through=0.02 — выраженных признаков роли не выявлено.",5,1,554523.95,10000.0,5,1,0.0021445334798070167,1.975107199950985e-05,0.018033486200190272,1,False,False,True,8.5,2,False,False
100000008560717100,peripheral,0.5,3,0.5263,"Низкая активность в выборке: 7 вход. / 1 исход., 554,000 KZT суммарно, pass_through=0.05 — выраженных признаков роли не выявлено.",7,1,529000.0,25000.0,9,1,0.0003322955354998574,1.9549530448494444e-05,0.04725897920604915,1,False,False,False,19.0,2,False,False
100000008693069100,terminal,0.72,1,0.2917,"Нет исходящих переводов на 1-м колене (обход не был искусственно прерван, глубина < 4) — получил 20,000 KZT от 1 плательщиков и удержал их.",1,0,20000.0,0.0,1,0,0.00029106374333946164,0.0,0.0,1,False,False,False,,1,False,False
100000008672162100,terminal,0.72,1,0.2708,"Нет исходящих переводов на 1-м колене (обход не был искусственно прерван, глубина < 4) — получил 15,550 KZT от 1 плательщиков и удержал их.",1,0,15550.0,0.0,1,0,0.00029012592972164973,0.0,0.0,1,False,False,False,,1,False,False
100000007311010100,peripheral,0.45,7,0.4388,"Низкая активность в выборке: 2 вход. / 1 исход., 84,480 KZT суммарно, pass_through=0.31 — выраженных признаков роли не выявлено.",2,1,64480.0,20000.0,2,1,0.000310735293731328,2.43865276728642e-05,0.31017369727047145,1,False,False,False,,1,False,False
100000005505655100,peripheral,0.45,26,0.4572,"Низкая активность в выборке: 2 вход. / 1 исход., 53,070 KZT суммарно, pass_through=0.60 — выраженных признаков роли не выявлено.",2,1,33070.0,20000.0,2,1,0.0003229334635277663,0.0002736934262789222,0.6047777441790142,1,False,False,True,1.5,1,True,False
100000004707703100,transit,0.84,4,0.7246,"Пропускает средства не удерживая: получил 239,300 KZT, отдал 231,650 KZT (0.97x) от 2 плательщиков 5 получателям, медианная задержка 0 дн..",2,5,239300.0,231650.0,3,6,0.0006383417067098009,0.00010893973006882227,0.9680317592979524,1,False,False,False,0.0,1,True,False
100000004005964100,peripheral,0.5,25,0.5104,"Низкая активность в выборке: 3 вход. / 3 исход., 169,900 KZT суммарно, pass_through=0.74 — выраженных признаков роли не выявлено.",3,3,97900.0,72000.0,9,5,0.00040628580390527854,5.038538775385166e-07,0.7354443309499489,1,False,False,True,0.5,1,True,False
100000008244300100,terminal,0.8,3,0.4986,"Нет исходящих переводов на 1-м колене (обход не был искусственно прерван, глубина < 4) — получил 65,430 KZT от 5 плательщиков и удержал их.",5,0,65430.0,0.0,6,0,0.0004814540293765088,0.0,0.0,1,False,False,False,,1,False,False
100000002692044100,terminal,0.72,17,0.4252,"Нет исходящих переводов на 1-м колене (обход не был искусственно прерван, глубина < 4) — получил 97,000 KZT от 1 плательщиков и удержал их.",1,0,97000.0,0.0,1,0,0.00030301519827117396,0.0,0.0,1,False,False,False,,1,False,False
100000001103905100,terminal,0.72,1,0.2831,"Нет исходящих переводов на 1-м колене (обход не был искусственно прерван, глубина < 4) — получил 18,000 KZT от 1 плательщиков и удержал их.",1,0,18000.0,0.0,1,0,0.00029064225407302935,0.0,0.0,1,False,False,False,,1,False,False
100000008755361100,terminal,0.72,1,0.2636,"Нет исходящих переводов на 1-м колене (обход не был искусственно прерван, глубина < 4) — получил 14,627 KZT от 1 плательщиков и удержал их.",1,0,14627.0,0.0,1,0,0.0002899314124251912,0.0,0.0,1,False,False,False,,1,False,False
100000002810870100,terminal,0.72,1,0.3391,"Нет исходящих переводов на 1-м колене (обход не был искусственно прерван, глубина < 4) — получил 33,677 KZT от 1 плательщиков и удержал их.",1,0,33677.0,0.0,1,0,0.00029394609768795913,0.0,0.0,1,False,False,False,,1,False,False
100000005897462100,terminal,0.72,11,0.4215,"Нет исходящих переводов на 1-м колене (обход не был искусственно прерван, глубина < 4) — получил 98,400 KZT от 1 плательщиков и удержал их.",1,0,98400.0,0.0,1,0,0.0003018442668310859,0.0,0.0,1,False,False,False,,1,False,False
100000000941942100,terminal,0.72,7,0.4564,"Нет исходящих переводов на 1-м колене (обход не был искусственно прерван, глубина < 4) — получил 130,000 KZT от 1 плательщиков и удержал их.",1,0,130000.0,0.0,1,0,0.0003129830149028666,0.0,0.0,1,False,False,False,,1,False,False
100000008723830100,transit,0.88,4,0.651,"Пропускает средства не удерживая: получил 459,785 KZT, отдал 455,000 KZT (0.99x) от 2 плательщиков 1 получателям, медианная задержка 1 дн..",2,1,459785.0,455000.0,2,1,0.0003417527073129891,1.9952613550525257e-05,0.9895929619278576,1,False,False,False,1.0,1,True,False
100000008776576100,terminal,0.72,1,0.2646,"Нет исходящих переводов на 1-м колене (обход не был искусственно прерван, глубина < 4) — получил 14,765 KZT от 1 плательщиков и удержал их.",1,0,14765.0,0.0,1,0,0.000289960495184575,0.0,0.0,1,False,False,False,,1,False,False
100000005432267100,terminal,0.74,7,0.523,"Нет исходящих переводов на 1-м колене (обход не был искусственно прерван, глубина < 4) — получил 350,001 KZT от 2 плательщиков и удержал их.",2,0,350001.0,0.0,2,0,0.0003438402969096735,0.0,0.0,1,False,False,False,,2,False,False
100000006745291100,terminal,0.72,11,0.4032,"Нет исходящих переводов на 1-м колене (обход не был искусственно прерван, глубина < 4) — получил 82,534 KZT от 1 плательщиков и удержал их.",1,0,82534.0,0.0,1,0,0.00029942640836837995,0.0,0.0,1,False,False,False,,1,False,False
100000008670667100,terminal,0.72,1,0.2702,"Нет исходящих переводов на 1-м колене (обход не был искусственно прерван, глубина < 4) — получил 15,534 KZT от 1 плательщиков и удержал их.",1,0,15534.0,0.0,1,0,0.00029012255780751825,0.0,0.0,1,False,False,False,,1,False,False
100000002480800100,terminal,0.74,7,0.61,"Нет исходящих переводов на 1-м колене (обход не был искусственно прерван, глубина < 4) — получил 569,251 KZT от 2 плательщиков и удержал их.",2,0,569251.0,0.0,2,0,0.000643827768895838,0.0,0.0,1,False,False,False,,2,False,False
100000002182176100,terminal,0.72,0,0.354,"Нет исходящих переводов на 1-м колене (обход не был искусственно прерван, глубина < 4) — получил 42,465 KZT от 1 плательщиков и удержал их.",1,0,42465.0,0.0,1,0,0.00029484960491671467,0.0,0.0,1,False,False,False,,1,False,False
100000008219168100,terminal,0.72,9,0.3274,"Нет исходящих переводов на 1-м колене (обход не был искусственно прерван, глубина < 4) — получил 53,200 KZT от 1 плательщиков и удержал их.",1,0,53200.0,0.0,2,0,0.00028991247826990705,0.0,0.0,1,False,False,False,,1,False,False
100000004226848100,terminal,0.72,7,0.5213,"Нет исходящих переводов на 1-м колене (обход не был искусственно прерван, глубина < 4) — получил 301,866 KZT от 1 плательщиков и удержал их.",1,0,301866.0,0.0,1,0,0.00034753358620411847,0.0,0.0,1,False,False,False,,1,False,False
100000006326645100,terminal,0.72,1,0.3128,"Нет исходящих переводов на 1-м колене (обход не был искусственно прерван, глубина < 4) — получил 25,264 KZT от 1 плательщиков и удержал их.",1,0,25264.0,0.0,1,0,0.0002921731030887115,0.0,0.0,1,False,False,False,,1,False,False
100000003589877100,peripheral,0.5,5,0.5135,"Низкая активность в выборке: 2 вход. / 6 исход., 592,129 KZT суммарно, pass_through=2.36 — выраженных признаков роли не выявлено.",2,6,176000.0,416129.0,2,6,0.0003083459858879622,9.709264220167214e-05,2.364369318181818,1,False,False,False,0.0,1,True,False
100000003942602100,transit,0.9,1,0.3966,"Пропускает средства не удерживая: получил 30,000 KZT, отдал 30,000 KZT (1.00x) от 1 плательщиков 1 получателям, медианная задержка 0 дн..",1,1,30000.0,30000.0,1,1,0.00029317118967162324,0.0,1.0,1,False,False,True,0.0,1,True,False
100000000922570100,transit,0.78,17,0.4816,"Пропускает средства не удерживая: получил 47,101 KZT, отдал 50,000 KZT (1.06x) от 1 плательщиков 1 получателям.",1,1,47101.0,50000.0,1,1,0.00029469886240834323,2.0154155101540663e-07,1.0615485870788306,1,False,False,False,,1,False,False
100000005079754100,peripheral,0.45,7,0.4576,"Низкая активность в выборке: 1 вход. / 2 исход., 192,000 KZT суммарно, pass_through=1.74 — выраженных признаков роли не выявлено.",1,2,70000.0,122000.0,1,2,0.0003009210929516074,9.673994448739518e-05,1.7428571428571429,1,False,False,False,1.0,1,True,False
100000003187359100,terminal,0.72,1,0.2867,"Нет исходящих переводов на 1-м колене (обход не был искусственно прерван, глубина < 4) — получил 19,072 KZT от 1 плательщиков и удержал их.",1,0,19072.0,0.0,1,0,0.000290868172319837,0.0,0.0,1,False,False,False,,1,False,False
100000000998559100,terminal,0.72,7,0.4357,"Нет исходящих переводов на 1-м колене (обход не был искусственно прерван, глубина < 4) — получил 100,000 KZT от 1 плательщиков и удержал их.",1,0,100000.0,0.0,1,0,0.000306952053927237,0.0,0.0,1,False,False,False,,1,False,False
100000008690932100,terminal,0.72,1,0.3025,"Нет исходящих переводов на 1-м колене (обход не был искусственно прерван, глубина < 4) — получил 23,000 KZT от 1 плательщиков и удержал их.",1,0,23000.0,0.0,1,0,0.00029169597723911013,0.0,0.0,1,False,False,False,,1,False,False
100000008773876100,terminal,0.72,1,0.3152,"Нет исходящих переводов на 1-м колене (обход не был искусственно прерван, глубина < 4) — получил 26,120 KZT от 1 плательщиков и удержал их.",1,0,26120.0,0.0,1,0,0.0002923535004947446,0.0,0.0,1,False,False,False,,1,False,False
100000006789108100,terminal,0.72,11,0.3348,"Нет исходящих переводов на 1-м колене (обход не был искусственно прерван, глубина < 4) — получил 37,500 KZT от 1 плательщиков и удержал их.",1,0,37500.0,0.0,1,0,0.0002925635671979842,0.0,0.0,1,False,False,False,,1,False,False
100000004058740100,terminal,0.72,1,0.3284,"Нет исходящих переводов на 1-м колене (обход не был искусственно прерван, глубина < 4) — получил 30,000 KZT от 1 плательщиков и удержал их.",1,0,30000.0,0.0,1,0,0.00029317118967162324,0.0,0.0,1,False,False,False,,1,False,False
100000007641801100,terminal,0.72,9,0.4364,"Нет исходящих переводов на 1-м колене (обход не был искусственно прерван, глубина < 4) — получил 200,000 KZT от 1 плательщиков и удержал их.",1,0,200000.0,0.0,1,0,0.0002983662476479529,0.0,0.0,1,False,False,False,,1,False,False
100000000555721100,terminal,0.74,0,0.4462,"Нет исходящих переводов на 1-м колене (обход не был искусственно прерван, глубина < 4) — получил 113,000 KZT от 2 плательщиков и удержал их.",2,0,113000.0,0.0,3,0,0.0003094618711002596,0.0,0.0,1,False,False,False,,2,False,False
100000008729801100,terminal,0.72,1,0.28,"Нет исходящих переводов на 1-м колене (обход не был искусственно прерван, глубина < 4) — получил 17,534 KZT от 1 плательщиков и удержал их.",1,0,17534.0,0.0,1,0,0.0002905440470739506,0.0,0.0,1,False,False,False,,1,False,False
100000004664905100,terminal,0.74,4,0.5476,"Нет исходящих переводов на 1-м колене (обход не был искусственно прерван, глубина < 4) — получил 329,020 KZT от 2 плательщиков и удержал их.",2,0,329020.0,0.0,4,0,0.00041365015812107607,0.0,0.0,1,False,False,False,,1,False,False
100000003057225100,terminal,0.72,4,0.4777,"Нет исходящих переводов на 1-м колене (обход не был искусственно прерван, глубина < 4) — получил 236,000 KZT от 1 плательщиков и удержал их.",1,0,236000.0,0.0,1,0,0.00031233643198362744,0.0,0.0,1,False,False,False,,1,False,False
100000000703902100,terminal,0.72,1,0.3138,"Нет исходящих переводов на 1-м колене (обход не был искусственно прерван, глубина < 4) — получил 25,499 KZT от 1 плательщиков и удержал их.",1,0,25499.0,0.0,1,0,0.0002922226280775173,0.0,0.0,1,False,False,False,,1,False,False
100000008720798100,terminal,0.72,1,0.2702,"Нет исходящих переводов на 1-м колене (обход не был искусственно прерван, глубина < 4) — получил 15,534 KZT от 1 плательщиков и удержал их.",1,0,15534.0,0.0,1,0,0.00029012255780751825,0.0,0.0,1,False,False,False,,1,False,False
100000001411870100,terminal,0.74,10,0.5841,"Нет исходящих переводов на 1-м колене (обход не был искусственно прерван, глубина < 4) — получил 900,000 KZT от 2 плательщиков и удержал их.",2,0,900000.0,0.0,4,0,0.0004801372969925954,0.0,0.0,1,False,False,False,,1,False,False
100000008556318100,terminal,0.74,7,0.5636,"Нет исходящих переводов на 1-м колене (обход не был искусственно прерван, глубина < 4) — получил 180,132 KZT от 2 плательщиков и удержал их.",2,0,180132.0,0.0,2,0,0.0005629471177705023,0.0,0.0,1,False,False,False,,1,False,False
100000002720627100,terminal,0.72,11,0.4807,"Нет исходящих переводов на 1-м колене (обход не был искусственно прерван, глубина < 4) — получил 199,300 KZT от 1 плательщиков и удержал их.",1,0,199300.0,0.0,1,0,0.00031722066408855645,0.0,0.0,1,False,False,False,,1,False,False
100000003022835100,terminal,0.72,7,0.4536,"Нет исходящих переводов на 1-м колене (обход не был искусственно прерван, глубина < 4) — получил 125,000 KZT от 1 плательщиков и удержал их.",1,0,125000.0,0.0,1,0,0.0003119778547402617,0.0,0.0,1,False,False,False,,1,False,False
100000008304115100,terminal,0.72,17,0.3683,"Нет исходящих переводов на 1-м колене (обход не был искусственно прерван, глубина < 4) — получил 51,000 KZT от 1 плательщиков и удержал их.",1,0,51000.0,0.0,1,0,0.00029534868291635294,0.0,0.0,1,False,False,False,,1,False,False
100000003886323100,peripheral,0.45,4,0.5597,"Низкая активность в выборке: 2 вход. / 1 исход., 85,818 KZT суммарно, pass_through=0.10 — выраженных признаков роли не выявлено.",2,1,78168.0,7650.0,6,1,0.0018299553035193094,1.9549530448494444e-05,0.09786613447958244,1,False,False,True,9.0,1,False,False
100000000607731100,peripheral,0.4,29,0.437,"Низкая активность в выборке: 1 вход. / 1 исход., 86,666 KZT суммарно, pass_through=3.33 — выраженных признаков роли не выявлено.",1,1,20000.0,66666.0,1,1,0.0003189386946552999,6.046246530462199e-07,3.3333,1,False,False,False,,1,False,False
100000005961971100,terminal,0.72,1,0.3699,"Нет исходящих переводов на 1-м колене (обход не был искусственно прерван, глубина < 4) — получил 47,353 KZT от 1 плательщиков и удержал их.",1,0,47353.0,0.0,1,0,0.00029682824129182334,0.0,0.0,1,False,False,False,,1,False,False
100000000440392100,terminal,0.72,4,0.4123,"Нет исходящих переводов на 1-м колене (обход не был искусственно прерван, глубина < 4) — получил 105,705 KZT от 1 плательщиков и удержал их.",1,0,105705.0,0.0,4,0,0.0002982648031421461,0.0,0.0,1,False,False,False,,1,False,False
100000004105288100,terminal,0.74,7,0.5418,"Нет исходящих переводов на 1-м колене (обход не был искусственно прерван, глубина < 4) — получил 215,000 KZT от 2 плательщиков и удержал их.",2,0,215000.0,0.0,2,0,0.00046507021594303433,0.0,0.0,1,False,False,False,,1,False,False
100000008169544100,peripheral,0.5,4,0.4596,"Низкая активность в выборке: 1 вход. / 4 исход., 179,904 KZT суммарно, pass_through=0.31 — выраженных признаков роли не выявлено.",1,4,137104.0,42800.0,2,7,0.0003016558394366599,0.00012033348704726003,0.31217178200490137,1,False,False,True,1.0,1,True,False
100000004186824100,peripheral,0.45,4,0.5404,"Низкая активность в выборке: 2 вход. / 1 исход., 458,700 KZT суммарно, pass_through=0.02 — выраженных признаков роли не выявлено.",2,1,451700.0,7000.0,7,1,0.00038362670399067405,2.2169570611694728e-06,0.015497011290679655,1,False,False,False,10.0,1,False,False
100000008672200100,terminal,0.72,1,0.2364,"Нет исходящих переводов на 1-м колене (обход не был искусственно прерван, глубина < 4) — получил 8,511 KZT от 1 плательщиков и удержал их.",1,0,8511.0,0.0,1,0,0.00028864249824844113,0.0,0.0,1,False,False,False,,1,False,False
100000002188829100,terminal,0.72,7,0.5395,"Нет исходящих переводов на 1-м колене (обход не был искусственно прерван, глубина < 4) — получил 400,000 KZT от 1 плательщиков и удержал их.",1,0,400000.0,0.0,1,0,0.000367261663683533,0.0,0.0,1,False,False,False,,1,False,False
100000008717341100,terminal,0.72,1,0.2636,"Нет исходящих переводов на 1-м колене (обход не был искусственно прерван, глубина < 4) — получил 14,627 KZT от 1 плательщиков и удержал их.",1,0,14627.0,0.0,1,0,0.0002899314124251912,0.0,0.0,1,False,False,False,,1,False,False
100000002214301100,peripheral,0.4,0,0.3229,"Низкая активность в выборке: 1 вход. / 1 исход., 29,438 KZT суммарно, pass_through=0.37 — выраженных признаков роли не выявлено.",1,1,21438.0,8000.0,1,1,0.0002908879456811648,9.774765224247222e-05,0.373169138912212,1,False,False,False,19.0,1,False,False
100000002565277100,terminal,0.72,7,0.551,"Нет исходящих переводов на 1-м колене (обход не был искусственно прерван, глубина < 4) — получил 483,319 KZT от 1 плательщиков и удержал их.",1,0,483319.0,0.0,1,0,0.000384011451601149,0.0,0.0,1,False,False,False,,1,False,False
100000005546031100,peripheral,0.5,44,0.5277,"Низкая активность в выборке: 3 вход. / 1 исход., 74,800 KZT суммарно, pass_through=0.12 — выраженных признаков роли не выявлено.",3,1,66800.0,8000.0,6,1,0.0007155990213297739,6.046246530462199e-07,0.11976047904191617,1,False,False,True,2.0,2,True,False
100000003449074100,terminal,0.72,0,0.2411,"Нет исходящих переводов на 1-м колене (обход не был искусственно прерван, глубина < 4) — получил 10,000 KZT от 1 плательщиков и удержал их.",1,0,10000.0,0.0,1,0,0.00028873293268186776,0.0,0.0,1,False,False,False,,1,False,False
100000008748914100,distributor,0.36,7,0.8891,"Рассылает 13 получателям (4,471,847 KZT), получая лишь от 2 плательщиков — веерное распределение средств вниз по цепочке.",2,13,180000.0,4471847.0,9,21,0.0007942533093309326,0.0006515838344328097,24.843594444444445,1,False,False,True,1.0,1,True,False
100000004744306100,peripheral,0.45,21,0.5392,"Низкая активность в выборке: 1 вход. / 2 исход., 161,000 KZT суммарно, pass_through=1.33 — выраженных признаков роли не выявлено.",1,2,69000.0,92000.0,1,3,0.0004627875910079735,3.9905227101050515e-05,1.3333333333333333,1,False,False,False,3.0,1,False,False
100000003158727100,terminal,0.76,9,0.4985,"Нет исходящих переводов на 1-м колене (обход не был искусственно прерван, глубина < 4) — получил 367,940 KZT от 3 плательщиков и удержал их.",3,0,367940.0,0.0,3,0,0.0003155311171243542,0.0,0.0,1,False,False,False,,2,False,False
100000001389255100,terminal,0.72,1,0.2744,"Нет исходящих переводов на 1-м колене (обход не был искусственно прерван, глубина < 4) — получил 16,136 KZT от 1 плательщиков и удержал их.",1,0,16136.0,0.0,1,0,0.00029024942607671435,0.0,0.0,1,False,False,False,,1,False,False
100000008695495100,terminal,0.72,1,0.2966,"Нет исходящих переводов на 1-м колене (обход не был искусственно прерван, глубина < 4) — получил 21,000 KZT от 1 плательщиков и удержал их.",1,0,21000.0,0.0,1,0,0.00029127448797267784,0.0,0.0,1,False,False,False,,1,False,False
100000004015047100,consolidator,0.39,10,0.9096,"Получает от 9 разных плательщиков (919,104 KZT), уходит дальше 8% — точка накопления средств.",9,1,919104.0,69195.0,18,7,0.0022863430313044366,2.3278049142279465e-05,0.07528527783580531,1,False,False,True,2.5,2,False,False
100000005183943100,terminal,0.72,43,0.6108,"Нет исходящих переводов на 1-м колене (обход не был искусственно прерван, глубина < 4) — получил 680,900 KZT от 1 плательщиков и удержал их.",1,0,680900.0,0.0,9,0,0.0006133735199490174,0.0,0.0,1,False,False,False,,1,False,False
100000003004487100,peripheral,0.5,30,0.5537,"Низкая активность в выборке: 4 вход. / 2 исход., 448,718 KZT суммарно, pass_through=1.44 — выраженных признаков роли не выявлено.",4,2,183702.8,265015.0,9,3,0.00035240525203726765,0.00019609992913799065,1.4426290726107605,1,False,False,True,13.0,2,False,False
100000003042994100,terminal,0.72,4,0.4941,"Нет исходящих переводов на 1-м колене (обход не был искусственно прерван, глубина < 4) — получил 286,086 KZT от 1 плательщиков и удержал их.",1,0,286086.0,0.0,3,0,0.0003177456311252248,0.0,0.0,1,False,False,False,,1,False,False
100000001899164100,peripheral,0.5,2,0.6287,"Низкая активность в выборке: 4 вход. / 3 исход., 368,175 KZT суммарно, pass_through=0.26 — выраженных признаков роли не выявлено.",4,3,291675.0,76500.0,5,3,0.001181155112298038,0.00012878505109884485,0.2622782206222679,1,False,False,True,8.0,2,False,False
100000003946524100,transit,0.74,7,0.6248,"Пропускает средства не удерживая: получил 133,757 KZT, отдал 144,750 KZT (1.08x) от 2 плательщиков 2 получателям, медианная задержка 6 дн..",2,2,133757.0,144750.0,2,2,0.0003275053717421067,0.0001215295552622902,1.0821863528637754,1,False,False,True,6.0,1,False,False
100000008717340100,terminal,0.72,1,0.3573,"Нет исходящих переводов на 1-м колене (обход не был искусственно прерван, глубина < 4) — получил 41,500 KZT от 1 плательщиков и удержал их.",1,0,41500.0,0.0,1,0,0.0002955947529536092,0.0,0.0,1,False,False,False,,1,False,False
100000003831324100,terminal,0.74,9,0.4945,"Нет исходящих переводов на 1-м колене (обход не был искусственно прерван, глубина < 4) — получил 300,000 KZT от 2 плательщиков и удержал их.",2,0,300000.0,0.0,2,0,0.0003166000006754677,0.0,0.0,1,False,False,False,,1,False,False
100000008129393100,terminal,0.72,46,0.3472,"Нет исходящих переводов на 1-м колене (обход не был искусственно прерван, глубина < 4) — получил 10,000 KZT от 1 плательщиков и удержал их.",1,0,10000.0,0.0,1,0,0.0003130892608777682,0.0,0.0,1,False,False,False,,1,False,False
100000004388209100,terminal,0.72,1,0.2508,"Нет исходящих переводов на 1-м колене (обход не был искусственно прерван, глубина < 4) — получил 11,800 KZT от 1 плательщиков и удержал их.",1,0,11800.0,0.0,1,0,0.00028933563734708905,0.0,0.0,1,False,False,False,,1,False,False
100000000706545100,peripheral,0.5,4,0.6475,"Низкая активность в выборке: 3 вход. / 1 исход., 1,146,100 KZT суммарно, pass_through=0.07 — выраженных признаков роли не выявлено.",3,1,1070300.0,75800.0,8,3,0.003277557229983339,1.9952613550525257e-05,0.07082126506586939,1,False,False,True,11.0,1,False,False
100000004497606100,terminal,0.72,1,0.2702,"Нет исходящих переводов на 1-м колене (обход не был искусственно прерван, глубина < 4) — получил 15,534 KZT от 1 плательщиков и удержал их.",1,0,15534.0,0.0,1,0,0.00029012255780751825,0.0,0.0,1,False,False,False,,1,False,False
100000008470470100,terminal,0.72,1,0.3388,"Нет исходящих переводов на 1-м колене (обход не был искусственно прерван, глубина < 4) — получил 33,547 KZT от 1 плательщиков и удержал их.",1,0,33547.0,0.0,1,0,0.000293918700885641,0.0,0.0,1,False,False,False,,1,False,False
100000004318918100,terminal,0.72,11,0.3973,"Нет исходящих переводов на 1-м колене (обход не был искусственно прерван, глубина < 4) — получил 75,600 KZT от 1 плательщиков и удержал их.",1,0,75600.0,0.0,1,0,0.0002983697191851956,0.0,0.0,1,False,False,False,,1,False,False
100000005228059100,terminal,0.72,1,0.3148,"Нет исходящих переводов на 1-м колене (обход не был искусственно прерван, глубина < 4) — получил 26,000 KZT от 1 плательщиков и удержал их.",1,0,26000.0,0.0,1,0,0.0002923282111387586,0.0,0.0,1,False,False,False,,1,False,False
100000001609499100,peripheral,0.5,0,0.5188,"Низкая активность в выборке: 3 вход. / 2 исход., 284,113 KZT суммарно, pass_through=0.08 — выраженных признаков роли не выявлено.",3,2,263113.0,21000.0,3,2,0.0003223366953122211,0.00018737932753908515,0.07981361620292422,1,False,False,True,2.0,1,True,False
100000002824176100,terminal,0.72,9,0.4882,"Нет исходящих переводов на 1-м колене (обход не был искусственно прерван, глубина < 4) — получил 144,000 KZT от 1 плательщиков и удержал их.",1,0,144000.0,0.0,1,0,0.0003401013976697427,0.0,0.0,1,False,False,False,,1,False,False
100000001363952100,peripheral,0.45,2,0.4737,"Низкая активность в выборке: 2 вход. / 1 исход., 287,655 KZT суммарно, pass_through=0.46 — выраженных признаков роли не выявлено.",2,1,196655.0,91000.0,2,2,0.00030846326752516595,1.9549530448494444e-05,0.4627393150441128,1,False,False,False,0.0,1,True,False
100000001049200100,peripheral,0.5,19,0.4414,"Низкая активность в выборке: 2 вход. / 4 исход., 112,624 KZT суммарно, pass_through=0.47 — выраженных признаков роли не выявлено.",2,4,76624.0,36000.0,2,5,0.0002996239878397914,0.0011795208267563184,0.46982668615577367,1,False,False,True,6.5,1,False,False
100000002662768100,terminal,0.72,7,0.4285,"Нет исходящих переводов на 1-м колене (обход не был искусственно прерван, глубина < 4) — получил 84,300 KZT от 1 плательщиков и удержал их.",1,0,84300.0,0.0,1,0,0.0003078242981353675,0.0,0.0,1,False,False,False,,1,False,False
100000004737477100,transit,0.53,0,0.4825,"Пропускает средства не удерживая: получил 49,598 KZT, отдал 40,500 KZT (0.82x) от 2 плательщиков 1 получателям, медианная задержка 1 дн..",2,1,49598.0,40500.0,3,3,0.00029362621724889526,1.9549530448494444e-05,0.8165651840800032,1,False,False,False,1.0,1,True,False
100000008680451100,terminal,0.72,1,0.3048,"Нет исходящих переводов на 1-м колене (обход не был искусственно прерван, глубина < 4) — получил 23,534 KZT от 1 плательщиков и удержал их.",1,0,23534.0,0.0,1,0,0.00029180851487324756,0.0,0.0,1,False,False,False,,1,False,False
100000001952325100,terminal,0.72,1,0.4153,"Нет исходящих переводов на 1-м колене (обход не был искусственно прерван, глубина < 4) — получил 77,888 KZT от 1 плательщиков и удержал их.",1,0,77888.0,0.0,2,0,0.0003032633286670789,0.0,0.0,1,False,False,False,,1,False,False
100000008751429100,peripheral,0.5,42,0.5533,"Низкая активность в выборке: 3 вход. / 1 исход., 458,800 KZT суммарно, pass_through=0.19 — выраженных признаков роли не выявлено.",3,1,386200.0,72600.0,6,2,0.00152475286361168,0.0,0.1879854997410668,1,False,False,True,2.0,2,True,False
100000001960517100,terminal,0.72,9,0.5134,"Нет исходящих переводов на 1-м колене (обход не был искусственно прерван, глубина < 4) — получил 200,000 KZT от 1 плательщиков и удержал их.",1,0,200000.0,0.0,1,0,0.00036081072150097776,0.0,0.0,1,False,False,False,,1,False,False
100000008686234100,terminal,0.72,0,0.3477,"Нет исходящих переводов на 1-м колене (обход не был искусственно прерван, глубина < 4) — получил 39,778 KZT от 1 плательщиков и удержал их.",1,0,39778.0,0.0,1,0,0.0002943433520815065,0.0,0.0,1,False,False,False,,1,False,False
100000004213658100,terminal,0.72,1,0.3133,"Нет исходящих переводов на 1-м колене (обход не был искусственно прерван, глубина < 4) — получил 25,347 KZT от 1 плательщиков и удержал их.",1,0,25347.0,0.0,1,0,0.0002921905948932685,0.0,0.0,1,False,False,False,,1,False,False
100000001194266100,terminal,0.72,7,0.3738,"Нет исходящих переводов на 1-м колене (обход не был искусственно прерван, глубина < 4) — получил 50,000 KZT от 1 плательщиков и удержал их.",1,0,50000.0,0.0,1,0,0.00029690045230118767,0.0,0.0,1,False,False,False,,1,False,False
100000002243354100,terminal,0.72,1,0.2959,"Нет исходящих переводов на 1-м колене (обход не был искусственно прерван, глубина < 4) — получил 20,879 KZT от 1 плательщиков и удержал их.",1,0,20879.0,0.0,1,0,0.00029124898787205865,0.0,0.0,1,False,False,False,,1,False,False
100000006069103100,transit,0.54,4,0.7386,"Пропускает средства не удерживая: получил 228,818 KZT, отдал 270,000 KZT (1.18x) от 3 плательщиков 3 получателям, медианная задержка 0 дн..",3,3,228818.0,270000.0,3,4,0.0011564584242151762,5.905167444751414e-05,1.1799770997036947,1,False,False,True,0.5,1,True,False
100000002760175100,terminal,0.72,11,0.475,"Нет исходящих переводов на 1-м колене (обход не был искусственно прерван, глубина < 4) — получил 187,410 KZT от 1 плательщиков и удержал их.",1,0,187410.0,0.0,1,0,0.0003154087179697128,0.0,0.0,1,False,False,False,,1,False,False
100000003567087100,terminal,0.72,1,0.3953,"Нет исходящих переводов на 1-м колене (обход не был искусственно прерван, глубина < 4) — получил 62,115 KZT от 1 плательщиков и удержал их.",1,0,62115.0,0.0,1,0,0.0002999392535673604,0.0,0.0,1,False,False,False,,1,False,False
100000008229700100,peripheral,0.4,17,0.2964,"Низкая активность в выборке: 1 вход. / 1 исход., 30,700 KZT суммарно, pass_through=0.31 — выраженных признаков роли не выявлено.",1,1,23500.0,7200.0,1,1,0.00029076544004118823,2.0154155101540663e-07,0.30638297872340425,1,False,False,False,11.0,1,False,False
100000004076740100,peripheral,0.5,20,0.6057,"Низкая активность в выборке: 3 вход. / 6 исход., 218,250 KZT суммарно, pass_through=1.34 — выраженных признаков роли не выявлено.",3,6,93250.0,125000.0,5,10,0.0007445676652619175,0.0004426156735691908,1.3404825737265416,1,False,False,True,2.0,1,True,False
100000003284932100,terminal,0.72,7,0.4027,"Нет исходящих переводов на 1-м колене (обход не был искусственно прерван, глубина < 4) — получил 69,925 KZT от 1 плательщиков и удержал их.",1,0,69925.0,0.0,1,0,0.0003009060155491684,0.0,0.0,1,False,False,False,,1,False,False
100000008071620100,terminal,0.72,0,0.3632,"Нет исходящих переводов на 1-м колене (обход не был искусственно прерван, глубина < 4) — получил 46,968 KZT от 1 плательщиков и удержал их.",1,0,46968.0,0.0,1,0,0.0002956980070443449,0.0,0.0,1,False,False,False,,1,False,False
100000003235780100,terminal,0.74,0,0.3598,"Нет исходящих переводов на 1-м колене (обход не был искусственно прерван, глубина < 4) — получил 65,000 KZT от 2 плательщиков и удержал их.",2,0,65000.0,0.0,2,0,0.00029250275015301337,0.0,0.0,1,False,False,False,,1,False,False
100000005363908100,transit,0.9,44,0.4677,"Пропускает средства не удерживая: получил 19,500 KZT, отдал 19,500 KZT (1.00x) от 1 плательщиков 1 получателям, медианная задержка 0 дн..",1,1,19500.0,19500.0,1,1,0.0003400226671203471,0.0,1.0,1,False,False,False,0.0,1,True,False
100000001851289100,terminal,0.72,4,0.4149,"Нет исходящих переводов на 1-м колене (обход не был искусственно прерван, глубина < 4) — получил 109,510 KZT от 1 плательщиков и удержал их.",1,0,109510.0,0.0,3,0,0.00029867573639163255,0.0,0.0,1,False,False,False,,1,False,False
100000002870937100,terminal,0.72,9,0.3616,"Нет исходящих переводов на 1-м колене (обход не был искусственно прерван, глубина < 4) — получил 83,700 KZT от 1 плательщиков и удержал их.",1,0,83700.0,0.0,1,0,0.00029166888130826126,0.0,0.0,1,False,False,False,,1,False,False
100000002152857100,peripheral,0.5,10,0.5129,"Низкая активность в выборке: 1 вход. / 5 исход., 1,335,000 KZT суммарно, pass_through=11.71 — выраженных признаков роли не выявлено.",1,5,105000.0,1230000.0,1,6,0.00030105075516609917,0.00031883873370637327,11.714285714285714,1,False,False,False,2.0,1,True,False
100000002600345100,terminal,0.74,4,0.3778,"Нет исходящих переводов на 1-м колене (обход не был искусственно прерван, глубина < 4) — получил 52,400 KZT от 2 плательщиков и удержал их.",2,0,52400.0,0.0,2,0,0.00029704373329486887,0.0,0.0,1,False,False,False,,1,False,False
100000002580377100,peripheral,0.4,4,0.3218,"Низкая активность в выборке: 1 вход. / 1 исход., 42,750 KZT суммарно, pass_through=0.13 — выраженных признаков роли не выявлено.",1,1,37750.0,5000.0,2,1,0.00029092578370223775,1.9549530448494444e-05,0.13245033112582782,1,False,False,False,6.0,1,False,False
100000004094958100,transit,0.85,44,0.5775,"Пропускает средства не удерживая: получил 39,000 KZT, отдал 40,000 KZT (1.03x) от 1 плательщиков 1 получателям, медианная задержка 0 дн..",1,1,39000.0,40000.0,1,1,0.00039319648356555577,2.0154155101540663e-07,1.0256410256410255,1,False,False,False,0.0,1,True,False
100000002609774100,peripheral,0.4,8,0.3067,"Низкая активность в выборке: 1 вход. / 1 исход., 35,200 KZT суммарно, pass_through=3.57 — выраженных признаков роли не выявлено.",1,1,7700.0,27500.0,1,1,0.00028768043701444076,0.0002844926943874977,3.5714285714285716,1,False,False,False,,1,False,False
100000002596035100,terminal,0.72,11,0.4933,"Нет исходящих переводов на 1-м колене (обход не был искусственно прерван, глубина < 4) — получил 231,570 KZT от 1 плательщиков и удержал их.",1,0,231570.0,0.0,1,0,0.0003221383681470161,0.0,0.0,1,False,False,False,,1,False,False
100000004664515100,terminal,0.72,0,0.344,"Нет исходящих переводов на 1-м колене (обход не был искусственно прерван, глубина < 4) — получил 37,691 KZT от 1 плательщиков и удержал их.",1,0,37691.0,0.0,1,0,0.0002939501441667021,0.0,0.0,1,False,False,False,,1,False,False
100000000661912100,transit,0.71,2,0.7652,"Пропускает средства не удерживая: получил 393,036 KZT, отдал 430,700 KZT (1.10x) от 5 плательщиков 2 получателям, медианная задержка 0 дн..",5,2,393036.0,430700.0,9,8,0.0017684681959515515,0.001356539653161389,1.0958283719557496,1,False,False,True,0.0,2,True,False
100000004144536100,terminal,0.78,25,0.5828,"Нет исходящих переводов на 1-м колене (обход не был искусственно прерван, глубина < 4) — получил 168,000 KZT от 4 плательщиков и удержал их.",4,0,168000.0,0.0,6,0,0.0009726769407571354,0.0,0.0,1,False,False,False,,2,False,False
100000006177176100,terminal,0.72,4,0.2307,"Нет исходящих переводов на 1-м колене (обход не был искусственно прерван, глубина < 4) — получил 8,911 KZT от 1 плательщиков и удержал их.",1,0,8911.0,0.0,1,0,0.0002878112228659856,0.0,0.0,1,False,False,False,,1,False,False
100000002158488100,terminal,0.72,1,0.3349,"Нет исходящих переводов на 1-м колене (обход не был искусственно прерван, глубина < 4) — получил 31,723 KZT от 1 плательщиков и удержал их.",1,0,31723.0,0.0,1,0,0.00029353430267465473,0.0,0.0,1,False,False,False,,1,False,False
100000000041368100,terminal,0.72,7,0.4753,"Нет исходящих переводов на 1-м колене (обход не был искусственно прерван, глубина < 4) — получил 160,000 KZT от 1 плательщиков и удержал их.",1,0,160000.0,0.0,1,0,0.0003190139758784962,0.0,0.0,1,False,False,False,,1,False,False
100000008722328100,terminal,0.72,1,0.3058,"Нет исходящих переводов на 1-м колене (обход не был искусственно прерван, глубина < 4) — получил 23,677 KZT от 1 плательщиков и удержал их.",1,0,23677.0,0.0,1,0,0.00029183865135579747,0.0,0.0,1,False,False,False,,1,False,False
100000008735384100,terminal,0.72,1,0.3526,"Нет исходящих переводов на 1-м колене (обход не был искусственно прерван, глубина < 4) — получил 39,220 KZT от 1 плательщиков и удержал их.",1,0,39220.0,0.0,1,0,0.0002951142551898763,0.0,0.0,1,False,False,False,,1,False,False
100000004480280100,peripheral,0.45,7,0.5122,"Низкая активность в выборке: 1 вход. / 2 исход., 442,544 KZT суммарно, pass_through=2.02 — выраженных признаков роли не выявлено.",1,2,146694.0,295850.0,1,7,0.00031633904365377196,3.632954408345218e-05,2.0167832358515003,1,False,False,False,1.0,1,True,False
100000004286573100,terminal,0.72,17,0.2673,"Нет исходящих переводов на 1-м колене (обход не был искусственно прерван, глубина < 4) — получил 16,590 KZT от 1 плательщиков и удержал их.",1,0,16590.0,0.0,1,0,0.00028961379610419226,0.0,0.0,1,False,False,False,,1,False,False
100000001746925100,peripheral,0.4,7,0.4156,"Низкая активность в выборке: 1 вход. / 1 исход., 70,250 KZT суммарно, pass_through=0.08 — выраженных признаков роли не выявлено.",1,1,65250.0,5000.0,1,1,0.00029996619079713274,0.00012092493060924399,0.07662835249042145,1,False,False,False,,1,False,False
100000001660397100,transit,0.88,2,0.5266,"Пропускает средства не удерживая: получил 48,600 KZT, отдал 49,000 KZT (1.01x) от 2 плательщиков 3 получателям, медианная задержка 0 дн..",2,3,48600.0,49000.0,2,4,0.00029647040245110793,0.0005119177069132883,1.008230452674897,1,False,False,True,0.0,1,True,False
100000002591469100,terminal,0.72,9,0.4483,"Нет исходящих переводов на 1-м колене (обход не был искусственно прерван, глубина < 4) — получил 235,670 KZT от 1 плательщиков и удержал их.",1,0,235670.0,0.0,1,0,0.00030042037539805447,0.0,0.0,1,False,False,False,,1,False,False
100000002731501100,peripheral,0.5,25,0.5836,"Низкая активность в выборке: 3 вход. / 7 исход., 1,404,330 KZT суммарно, pass_through=1.46 — выраженных признаков роли не выявлено.",3,7,570370.0,833960.0,7,20,0.00048768656883344495,4.534684897846649e-06,1.4621386117783193,1,False,False,True,2.0,3,True,True
100000000089154100,distributor,0.4,0,0.6352,"Рассылает 15 получателям (425,500 KZT), получая лишь от 1 плательщиков — веерное распределение средств вниз по цепочке.",1,15,10000.0,425500.0,1,21,0.00028873293268186776,0.00011082142424807871,42.55,1,False,False,True,0.0,1,True,False
100000008732098100,terminal,0.72,1,0.2719,"Нет исходящих переводов на 1-м колене (обход не был искусственно прерван, глубина < 4) — получил 15,677 KZT от 1 плательщиков и удержал их.",1,0,15677.0,0.0,1,0,0.00029015269429006816,0.0,0.0,1,False,False,False,,1,False,False
100000005456919100,peripheral,0.45,42,0.5539,"Низкая активность в выборке: 2 вход. / 1 исход., 484,950 KZT суммарно, pass_through=0.01 — выраженных признаков роли не выявлено.",2,1,479950.0,5000.0,10,1,0.0013880209367746214,0.0,0.010417751849150954,1,False,False,True,6.5,2,False,False
100000000507799100,peripheral,0.4,37,0.2546,"Низкая активность в выборке: 1 вход. / 1 исход., 13,132 KZT суммарно, pass_through=1.56 — выраженных признаков роли не выявлено.",1,1,5132.0,8000.0,1,1,0.0002874030975703721,0.00011729718269096666,1.558846453624318,1,False,False,False,3.0,1,False,False
100000008716439100,terminal,0.72,1,0.253,"Нет исходящих переводов на 1-м колене (обход не был искусственно прерван, глубина < 4) — получил 12,267 KZT от 1 плательщиков и удержал их.",1,0,12267.0,0.0,1,0,0.00028943405509080104,0.0,0.0,1,False,False,False,,1,False,False
100000002981527100,terminal,0.72,9,0.452,"Нет исходящих переводов на 1-м колене (обход не был искусственно прерван, глубина < 4) — получил 168,000 KZT от 1 плательщиков и удержал их.",1,0,168000.0,0.0,1,0,0.0003049679379452878,0.0,0.0,1,False,False,False,,1,False,False
100000002844652100,terminal,0.72,9,0.3389,"Нет исходящих переводов на 1-м колене (обход не был искусственно прерван, глубина < 4) — получил 61,360 KZT от 1 плательщиков и удержал их.",1,0,61360.0,0.0,1,0,0.00029038238806639786,0.0,0.0,1,False,False,False,,1,False,False
100000002605548100,terminal,0.74,11,0.4591,"Нет исходящих переводов на 1-м колене (обход не был искусственно прерван, глубина < 4) — получил 116,695 KZT от 2 плательщиков и удержал их.",2,0,116695.0,0.0,2,0,0.00031573037452786804,0.0,0.0,1,False,False,False,,1,False,False
100000002750956100,terminal,0.72,0,0.3651,"Нет исходящих переводов на 1-м колене (обход не был искусственно прерван, глубина < 4) — получил 47,416 KZT от 1 плательщиков и удержал их.",1,0,47416.0,0.0,1,0,0.00029578241391824643,0.0,0.0,1,False,False,False,,1,False,False
100000002982252100,terminal,0.72,1,0.295,"Нет исходящих переводов на 1-м колене (обход не был искусственно прерван, глубина < 4) — получил 20,320 KZT от 1 плательщиков и удержал их.",1,0,20320.0,0.0,1,0,0.00029113118162209077,0.0,0.0,1,False,False,False,,1,False,False
100000000961900100,terminal,0.74,0,0.3522,"Нет исходящих переводов на 1-м колене (обход не был искусственно прерван, глубина < 4) — получил 36,000 KZT от 2 плательщиков и удержал их.",2,0,36000.0,0.0,3,0,0.00029563555809140516,0.0,0.0,1,False,False,False,,1,False,False
100000007175718100,terminal,0.72,41,0.356,"Нет исходящих переводов на 1-м колене (обход не был искусственно прерван, глубина < 4) — получил 20,000 KZT от 1 плательщиков и удержал их.",1,0,20000.0,0.0,1,0,0.00030454130826954175,0.0,0.0,1,False,False,False,,1,False,False
100000002306369100,peripheral,0.5,0,0.4729,"Низкая активность в выборке: 1 вход. / 6 исход., 334,066 KZT суммарно, pass_through=3.57 — выраженных признаков роли не выявлено.",1,6,73166.0,260900.0,1,9,0.0003006339250855746,7.145508825410446e-05,3.5658639258672062,1,False,False,True,17.0,1,False,False
100000000667713100,peripheral,0.5,4,0.504,"Низкая активность в выборке: 2 вход. / 6 исход., 198,731 KZT суммарно, pass_through=0.66 — выраженных признаков роли не выявлено.",2,6,119495.0,79236.0,10,7,0.00032153406026379726,0.00014206922093968531,0.663090505878907,1,False,False,True,9.0,1,False,False
100000001072022100,terminal,0.76,7,0.5959,"Нет исходящих переводов на 1-м колене (обход не был искусственно прерван, глубина < 4) — получил 1,684,000 KZT от 3 плательщиков и удержал их.",3,0,1684000.0,0.0,6,0,0.0005042792209937786,0.0,0.0,1,False,False,False,,2,False,False
100000008116374100,terminal,0.72,4,0.3068,"Нет исходящих переводов на 1-м колене (обход не был искусственно прерван, глубина < 4) — получил 31,284 KZT от 1 плательщиков и удержал их.",1,0,31284.0,0.0,1,0,0.00029022746717367556,0.0,0.0,1,False,False,False,,1,False,False
100000000703894100,peripheral,0.4,29,0.5196,"Низкая активность в выборке: 1 вход. / 1 исход., 155,000 KZT суммарно, pass_through=0.29 — выраженных признаков роли не выявлено.",1,1,120000.0,35000.0,1,1,0.0004793879145561075,6.046246530462199e-07,0.2916666666666667,1,False,False,False,,1,False,False
100000008066326100,terminal,0.72,0,0.2829,"Нет исходящих переводов на 1-м колене (обход не был искусственно прерван, глубина < 4) — получил 19,320 KZT от 1 плательщиков и удержал их.",1,0,19320.0,0.0,1,0,0.00029048889711213955,0.0,0.0,1,False,False,False,,1,False,False
100000004662806100,peripheral,0.5,17,0.4624,"Низкая активность в выборке: 2 вход. / 2 исход., 166,485 KZT суммарно, pass_through=0.56 — выраженных признаков роли не выявлено.",2,2,106585.0,59900.0,2,3,0.0003068136044092031,3.95021439990197e-05,0.5619927757189098,1,False,False,False,1.5,1,True,False
100000005778283100,terminal,0.76,9,0.5719,"Нет исходящих переводов на 1-м колене (обход не был искусственно прерван, глубина < 4) — получил 615,760 KZT от 3 плательщиков и удержал их.",3,0,615760.0,0.0,3,0,0.000439496671777111,0.0,0.0,1,False,False,False,,1,False,False
100000004408683100,terminal,0.74,4,0.502,"Нет исходящих переводов на 1-м колене (обход не был искусственно прерван, глубина < 4) — получил 112,920 KZT от 2 плательщиков и удержал их.",2,0,112919.68,0.0,3,0,0.00038701027103105775,0.0,0.0,1,False,False,False,,1,False,False
100000002704875100,terminal,0.76,2,0.488,"Нет исходящих переводов на 1-м колене (обход не был искусственно прерван, глубина < 4) — получил 244,891 KZT от 3 плательщиков и удержал их.",3,0,244891.0,0.0,4,0,0.00031647299000806526,0.0,0.0,1,False,False,False,,1,False,False
100000008349675100,peripheral,0.4,9,0.3239,"Низкая активность в выборке: 1 вход. / 1 исход., 83,170 KZT суммарно, pass_through=0.79 — выраженных признаков роли не выявлено.",1,1,46520.0,36650.0,1,2,0.00028952779721101507,2.0154155101540663e-07,0.7878331900257953,1,False,False,False,0.0,1,True,False
100000006889963100,peripheral,0.5,3,0.5901,"Низкая активность в выборке: 4 вход. / 1 исход., 1,874,476 KZT суммарно, pass_through=0.31 — выраженных признаков роли не выявлено.",4,1,1431000.0,443475.8,6,3,0.0004291309761802344,2.5595776978956642e-05,0.30990621942697416,1,False,False,False,0.0,4,True,True
100000008771819100,terminal,0.72,1,0.352,"Нет исходящих переводов на 1-м колене (обход не был искусственно прерван, глубина < 4) — получил 38,900 KZT от 1 плательщиков и удержал их.",1,0,38900.0,0.0,1,0,0.0002950468169072472,0.0,0.0,1,False,False,False,,1,False,False
100000008586731100,terminal,0.72,17,0.2476,"Нет исходящих переводов на 1-м колене (обход не был искусственно прерван, глубина < 4) — получил 12,000 KZT от 1 плательщиков и удержал их.",1,0,12000.0,0.0,1,0,0.000288848811202483,0.0,0.0,1,False,False,False,,1,False,False
100000005844459100,terminal,0.74,0,0.5087,"Нет исходящих переводов на 1-м колене (обход не был искусственно прерван, глубина < 4) — получил 243,400 KZT от 2 плательщиков и удержал их.",2,0,243400.0,0.0,2,0,0.0003395717553947093,0.0,0.0,1,False,False,False,,1,False,False
100000008172352100,peripheral,0.5,31,0.5595,"Низкая активность в выборке: 3 вход. / 7 исход., 379,775 KZT суммарно, pass_through=3.21 — выраженных признаков роли не выявлено.",3,7,90265.0,289510.0,3,8,0.00037692105541289644,0.0001899327576769192,3.207333961114496,1,False,False,False,0.0,2,True,False
100000001162560100,distributor,0.35,9,0.7637,"Рассылает 12 получателям (2,904,398 KZT), получая лишь от 1 плательщиков — веерное распределение средств вниз по цепочке.",1,12,331300.0,2904398.0,2,14,0.00032258012217871294,3.0231232652310993e-06,8.76667069121642,1,False,False,False,2.5,1,False,False
100000008779584100,terminal,0.72,1,0.334,"Нет исходящих переводов на 1-м колене (обход не был искусственно прерван, глубина < 4) — получил 31,400 KZT от 1 плательщиков и удержал их.",1,0,31400.0,0.0,1,0,0.0002934662321581259,0.0,0.0,1,False,False,False,,1,False,False
100000007631637100,terminal,0.72,1,0.2689,"Нет исходящих переводов на 1-м колене (обход не был искусственно прерван, глубина < 4) — получил 15,341 KZT от 1 плательщиков и удержал их.",1,0,15341.0,0.0,1,0,0.00029008188409330754,0.0,0.0,1,False,False,False,,1,False,False
100000007347733100,terminal,0.72,46,0.4118,"Нет исходящих переводов на 1-м колене (обход не был искусственно прерван, глубина < 4) — получил 23,007 KZT от 1 плательщиков и удержал их.",1,0,23007.0,0.0,1,0,0.00034722016242832873,0.0,0.0,1,False,False,False,,1,False,False
100000001463701100,terminal,0.74,11,0.6049,"Нет исходящих переводов на 1-м колене (обход не был искусственно прерван, глубина < 4) — получил 621,000 KZT от 2 плательщиков и удержал их.",2,0,621000.0,0.0,2,0,0.000574735494084051,0.0,0.0,1,False,False,False,,2,False,False
100000008664469100,terminal,0.72,7,0.3097,"Нет исходящих переводов на 1-м колене (обход не был искусственно прерван, глубина < 4) — получил 25,000 KZT от 1 плательщиков и удержал их.",1,0,25000.0,0.0,1,0,0.000291874651488163,0.0,0.0,1,False,False,False,,1,False,False
100000003923946100,peripheral,0.5,10,0.558,"Низкая активность в выборке: 1 вход. / 4 исход., 957,000 KZT суммарно, pass_through=2.39 — выраженных признаков роли не выявлено.",1,4,282000.0,675000.0,3,4,0.0003911350885395719,2.0154155101540663e-06,2.393617021276596,1,False,False,True,0.0,1,True,False
100000006562026100,terminal,0.74,46,0.5395,"Нет исходящих переводов на 1-м колене (обход не был искусственно прерван, глубина < 4) — получил 75,000 KZT от 2 плательщиков и удержал их.",2,0,75000.0,0.0,6,0,0.0006883454950625159,0.0,0.0,1,False,False,False,,1,False,False
100000008776298100,terminal,0.72,1,0.3599,"Нет исходящих переводов на 1-м колене (обход не был искусственно прерван, глубина < 4) — получил 42,800 KZT от 1 плательщиков и удержал их.",1,0,42800.0,0.0,1,0,0.00029586872097679017,0.0,0.0,1,False,False,False,,1,False,False
100000006446271100,terminal,0.74,7,0.4401,"Нет исходящих переводов на 1-м колене (обход не был искусственно прерван, глубина < 4) — получил 80,000 KZT от 2 плательщиков и удержал их.",2,0,80000.0,0.0,2,0,0.0003153074301943812,0.0,0.0,1,False,False,False,,2,False,False
100000004588479100,terminal,0.72,4,0.4553,"Нет исходящих переводов на 1-м колене (обход не был искусственно прерван, глубина < 4) — получил 177,633 KZT от 1 плательщиков и удержал их.",1,0,177633.0,0.0,2,0,0.00030603289953348934,0.0,0.0,1,False,False,False,,1,False,False
100000002324543100,terminal,0.72,9,0.3032,"Нет исходящих переводов на 1-м колене (обход не был искусственно прерван, глубина < 4) — получил 30,202 KZT от 1 плательщиков и удержал их.",1,0,30202.0,0.0,1,0,0.0002901061880187875,0.0,0.0,1,False,False,False,,1,False,False
100000007129492100,peripheral,0.45,11,0.3973,"Низкая активность в выборке: 2 вход. / 1 исход., 87,990 KZT суммарно, pass_through=0.73 — выраженных признаков роли не выявлено.",2,1,50990.0,37000.0,2,1,0.0002958353310195967,2.5595776978956642e-05,0.725632476956266,1,False,False,False,0.0,1,True,False
100000003877908100,terminal,0.72,7,0.3518,"Нет исходящих переводов на 1-м колене (обход не был искусственно прерван, глубина < 4) — получил 40,000 KZT от 1 плательщиков и удержал их.",1,0,40000.0,0.0,1,0,0.0002948901319759778,0.0,0.0,1,False,False,False,,1,False,False
100000002748180100,peripheral,0.5,12,0.396,"Низкая активность в выборке: 1 вход. / 8 исход., 689,643 KZT суммарно, pass_through=68.66 — выраженных признаков роли не выявлено.",1,8,9900.0,679743.0,1,9,0.00028849881811019763,8.666286693662486e-06,68.66090909090909,1,False,False,False,0.0,1,True,False
100000000945428100,terminal,0.72,0,0.4224,"Нет исходящих переводов на 1-м колене (обход не был искусственно прерван, глубина < 4) — получил 89,629 KZT от 1 плательщиков и удержал их.",1,0,89629.0,0.0,1,0,0.0003037356892932532,0.0,0.0,1,False,False,False,,1,False,False
100000003115284100,consolidator,0.35,11,0.9288,"Получает от 8 разных плательщиков (2,160,500 KZT), уходит дальше 24% — точка накопления средств.",8,2,2160500.0,517000.0,15,4,0.0015347529278087768,0.00012999430040493728,0.23929645915297384,1,False,False,True,0.0,7,True,True
100000005394708100,peripheral,0.4,21,0.4608,"Низкая активность в выборке: 1 вход. / 1 исход., 91,000 KZT суммарно, pass_through=2.50 — выраженных признаков роли не выявлено.",1,1,26000.0,65000.0,1,1,0.00034671119749081356,2.0154155101540663e-07,2.5,1,False,False,False,1.0,1,True,False
100000008747113100,terminal,0.74,3,0.4646,"Нет исходящих переводов на 1-м колене (обход не был искусственно прерван, глубина < 4) — получил 197,801 KZT от 2 плательщиков и удержал их.",2,0,197801.0,0.0,2,0,0.0003088857922381499,0.0,0.0,1,False,False,False,,2,False,False
100000004491881100,terminal,0.72,1,0.2776,"Нет исходящих переводов на 1-м колене (обход не был искусственно прерван, глубина < 4) — получил 17,144 KZT от 1 плательщиков и удержал их.",1,0,17144.0,0.0,1,0,0.00029046185666699623,0.0,0.0,1,False,False,False,,1,False,False
100000006008169100,terminal,0.72,17,0.3949,"Нет исходящих переводов на 1-м колене (обход не был искусственно прерван, глубина < 4) — получил 70,000 KZT от 1 плательщиков и удержал их.",1,0,70000.0,0.0,1,0,0.0002985152870846486,0.0,0.0,1,False,False,False,,1,False,False
100000002681449100,peripheral,0.5,35,0.4255,"Низкая активность в выборке: 2 вход. / 2 исход., 227,638 KZT суммарно, pass_through=1.41 — выраженных признаков роли не выявлено.",2,2,94638.0,133000.0,2,2,0.00029645812466344356,1.794996199420444e-05,1.4053551427544961,1,False,False,False,0.0,1,True,False
100000002645609100,terminal,0.78,0,0.544,"Нет исходящих переводов на 1-м колене (обход не был искусственно прерван, глубина < 4) — получил 546,821 KZT от 4 плательщиков и удержал их.",4,0,546820.6799999999,0.0,5,0,0.00035692526785594734,0.0,0.0,1,False,False,False,,1,False,False
100000006369769100,terminal,0.72,1,0.3544,"Нет исходящих переводов на 1-м колене (обход не был искусственно прерван, глубина < 4) — получил 40,000 KZT от 1 плательщиков и удержал их.",1,0,40000.0,0.0,1,0,0.0002952786360037849,0.0,0.0,1,False,False,False,,1,False,False
100000002173161100,terminal,0.76,4,0.5841,"Нет исходящих переводов на 1-м колене (обход не был искусственно прерван, глубина < 4) — получил 1,427,500 KZT от 3 плательщиков и удержал их.",3,0,1427500.0,0.0,5,0,0.00043734980636124494,0.0,0.0,1,False,False,False,,2,False,False
100000008686313100,peripheral,0.5,0,0.6167,"Низкая активность в выборке: 6 вход. / 7 исход., 2,246,516 KZT суммарно, pass_through=0.17 — выраженных признаков роли не выявлено.",6,7,1912716.0,333800.0,16,13,0.00046965063948727754,0.002018830542803389,0.17451623764322566,1,False,False,True,1.0,2,True,False
100000004692798100,peripheral,0.45,17,0.5921,"Низкая активность в выборке: 2 вход. / 1 исход., 255,305 KZT суммарно, pass_through=0.06 — выраженных признаков роли не выявлено.",2,1,240305.0,15000.0,4,2,0.0019344960727247715,2.0154155101540663e-07,0.06242067372713843,1,False,False,True,8.0,1,False,False
100000002939838100,terminal,0.76,4,0.5624,"Нет исходящих переводов на 1-м колене (обход не был искусственно прерван, глубина < 4) — получил 571,233 KZT от 3 плательщиков и удержал их.",3,0,571233.0,0.0,3,0,0.0004017919755441816,0.0,0.0,1,False,False,False,,1,False,False
100000003119550100,terminal,0.72,1,0.2966,"Нет исходящих переводов на 1-м колене (обход не был искусственно прерван, глубина < 4) — получил 21,000 KZT от 1 плательщиков и удержал их.",1,0,21000.0,0.0,1,0,0.00029127448797267784,0.0,0.0,1,False,False,False,,1,False,False
100000004315838100,peripheral,0.45,7,0.3683,"Низкая активность в выборке: 2 вход. / 1 исход., 68,000 KZT суммарно, pass_through=0.36 — выраженных признаков роли не выявлено.",2,1,50000.0,18000.0,2,1,0.00029268806861577944,2.4184986121848794e-05,0.36,1,False,False,False,,1,False,False
100000002671806100,terminal,0.72,17,0.2496,"Нет исходящих переводов на 1-м колене (обход не был искусственно прерван, глубина < 4) — получил 12,440 KZT от 1 плательщиков и удержал их.",1,0,12440.0,0.0,1,0,0.0002889221430884856,0.0,0.0,1,False,False,False,,1,False,False
100000008716222100,terminal,0.72,1,0.2831,"Нет исходящих переводов на 1-м колене (обход не был искусственно прерван, глубина < 4) — получил 18,000 KZT от 1 плательщиков и удержал их.",1,0,18000.0,0.0,1,0,0.00029064225407302935,0.0,0.0,1,False,False,False,,1,False,False
100000005496254100,terminal,0.72,0,0.2517,"Нет исходящих переводов на 1-м колене (обход не был искусственно прерван, глубина < 4) — получил 12,700 KZT от 1 плательщиков и удержал их.",1,0,12700.0,0.0,1,0,0.00028924163482368465,0.0,0.0,1,False,False,False,,1,False,False
100000004622227100,peripheral,0.5,0,0.3418,"Низкая активность в выборке: 1 вход. / 3 исход., 43,931 KZT суммарно, pass_through=0.76 — выраженных признаков роли не выявлено.",1,3,24931.0,19000.0,1,3,0.0002915460555261154,4.866146516249831e-05,0.762103405398901,1,False,False,False,3.0,1,False,False
100000000274067100,peripheral,0.5,9,0.5758,"Низкая активность в выборке: 2 вход. / 3 исход., 3,486,704 KZT суммарно, pass_through=5.73 — выраженных признаков роли не выявлено.",2,3,517704.0,2969000.0,9,9,0.00041549935687245086,1.2092493060924398e-06,5.734937338710924,1,False,False,True,0.0,1,True,False
100000008782056100,terminal,0.72,1,0.3256,"Нет исходящих переводов на 1-м колене (обход не был искусственно прерван, глубина < 4) — получил 29,082 KZT от 1 плательщиков и удержал их.",1,0,29082.0,0.0,1,0,0.0002929777260983308,0.0,0.0,1,False,False,False,,1,False,False
100000006788200100,peripheral,0.5,10,0.5324,"Низкая активность в выборке: 4 вход. / 3 исход., 336,656 KZT суммарно, pass_through=0.24 — выраженных признаков роли не выявлено.",4,3,272155.8,64500.0,4,4,0.00033865826134583124,9.855381844653384e-05,0.23699660268125833,1,False,False,False,8.0,1,False,False
100000001164648100,terminal,0.74,8,0.2779,"Нет исходящих переводов на 1-м колене (обход не был искусственно прерван, глубина < 4) — получил 13,660 KZT от 2 плательщиков и удержал их.",2,0,13660.0,0.0,2,0,0.0002914417567020068,0.0,0.0,1,False,False,False,,1,False,False
100000005133757100,terminal,0.74,2,0.4,"Нет исходящих переводов на 1-м колене (обход не был искусственно прерван, глубина < 4) — получил 65,000 KZT от 2 плательщиков и удержал их.",2,0,65000.0,0.0,2,0,0.00030074590188942354,0.0,0.0,1,False,False,False,,1,False,False
100000006445501100,terminal,0.72,11,0.4133,"Нет исходящих переводов на 1-м колене (обход не был искусственно прерван, глубина < 4) — получил 91,000 KZT от 1 плательщиков и удержал их.",1,0,91000.0,0.0,1,0,0.0003007165627705776,0.0,0.0,1,False,False,False,,1,False,False
100000004390333100,peripheral,0.5,0,0.4799,"Низкая активность в выборке: 2 вход. / 9 исход., 571,058 KZT суммарно, pass_through=7.85 — выраженных признаков роли не выявлено.",2,9,64558.0,506500.0,2,14,0.0002965323541047171,0.00016112902413035324,7.845658167849066,1,False,False,True,0.5,1,True,False
100000001641789100,terminal,0.72,10,0.4382,"Нет исходящих переводов на 1-м колене (обход не был искусственно прерван, глубина < 4) — получил 17,826 KZT от 1 плательщиков и удержал их.",1,0,17826.0,0.0,1,0,0.0004914067816530845,0.0,0.0,1,False,False,False,,1,False,False
100000000968253100,terminal,0.72,1,0.2666,"Нет исходящих переводов на 1-м колене (обход не был искусственно прерван, глубина < 4) — получил 15,000 KZT от 1 плательщиков и удержал их.",1,0,15000.0,0.0,1,0,0.0002900100201733808,0.0,0.0,1,False,False,False,,1,False,False
100000001527186100,terminal,0.72,7,0.5691,"Нет исходящих переводов на 1-м колене (обход не был искусственно прерван, глубина < 4) — получил 678,000 KZT от 1 плательщиков и удержал их.",1,0,678000.0,0.0,2,0,0.0004231485687243672,0.0,0.0,1,False,False,False,,1,False,False
100000005852946100,terminal,0.72,7,0.3041,"Нет исходящих переводов на 1-м колене (обход не был искусственно прерван, глубина < 4) — получил 23,746 KZT от 1 плательщиков и удержал их.",1,0,23746.0,0.0,1,0,0.00029162255731938173,0.0,0.0,1,False,False,False,,1,False,False
100000001530983100,distributor,0.33,4,0.8121,"Рассылает 11 получателям (1,829,538 KZT), получая лишь от 4 плательщиков — веерное распределение средств вниз по цепочке.",4,11,564158.0,1829538.0,4,17,0.00035767381242849576,0.00033776124599615314,3.24295321523403,1,False,False,False,0.5,1,True,False
100000008221543100,terminal,0.74,16,0.5514,"Нет исходящих переводов на 1-м колене (обход не был искусственно прерван, глубина < 4) — получил 542,000 KZT от 2 плательщиков и удержал их.",2,0,542000.0,0.0,2,0,0.00037311805907859366,0.0,0.0,1,False,False,False,,1,False,False
100000001937767100,peripheral,0.5,13,0.6501,"Низкая активность в выборке: 1 вход. / 4 исход., 1,986,000 KZT суммарно, pass_through=36.47 — выраженных признаков роли не выявлено.",1,4,53000.0,1933000.0,1,6,0.0008950374707711298,5.7671286722446814e-05,36.471698113207545,1,False,False,True,0.0,1,True,False
100000002462183100,terminal,0.72,41,0.4986,"Нет исходящих переводов на 1-м колене (обход не был искусственно прерван, глубина < 4) — получил 107,500 KZT от 1 плательщиков и удержал их.",1,0,107500.0,0.0,3,0,0.00038194581024505656,0.0,0.0,1,False,False,False,,1,False,False
100000001805543100,terminal,0.72,4,0.3609,"Нет исходящих переводов на 1-м колене (обход не был искусственно прерван, глубина < 4) — получил 59,000 KZT от 1 плательщиков и удержал их.",1,0,59000.0,0.0,1,0,0.00029322074600226063,0.0,0.0,1,False,False,False,,1,False,False
100000002606567100,peripheral,0.4,0,0.3273,"Низкая активность в выборке: 1 вход. / 1 исход., 67,095 KZT суммарно, pass_through=3.76 — выраженных признаков роли не выявлено.",1,1,14095.0,53000.0,1,1,0.0002895044642636235,1.9549530448494444e-05,3.7601986520042567,1,False,False,False,,1,False,False
100000007281639100,terminal,0.74,4,0.4939,"Нет исходящих переводов на 1-м колене (обход не был искусственно прерван, глубина < 4) — получил 216,770 KZT от 2 плательщиков и удержал их.",2,0,216770.0,0.0,4,0,0.00032501112029930524,0.0,0.0,1,False,False,False,,1,False,False
100000002991079100,peripheral,0.45,4,0.5196,"Низкая активность в выборке: 2 вход. / 1 исход., 159,900 KZT суммарно, pass_through=0.07 — выраженных признаков роли не выявлено.",2,1,148900.0,11000.0,3,1,0.0003969046113959717,2.0154155101540664e-05,0.07387508394895903,1,False,False,False,0.0,1,True,False
100000002847207100,terminal,0.72,7,0.3649,"Нет исходящих переводов на 1-м колене (обход не был искусственно прерван, глубина < 4) — получил 46,243 KZT от 1 плательщиков и удержал их.",1,0,46243.0,0.0,1,0,0.00029614517495500637,0.0,0.0,1,False,False,False,,1,False,False
100000000011452100,peripheral,0.5,0,0.5171,"Низкая активность в выборке: 3 вход. / 1 исход., 126,685 KZT суммарно, pass_through=0.15 — выраженных признаков роли не выявлено.",3,1,110000.0,16685.0,7,2,0.000482691511210183,3.426206367261913e-06,0.1516818181818182,1,False,False,True,2.0,1,True,False
100000003148220100,peripheral,0.45,54,0.5167,"Низкая активность в выборке: 1 вход. / 2 исход., 49,050 KZT суммарно, pass_through=7.68 — выраженных признаков роли не выявлено.",1,2,5650.0,43400.0,1,4,0.0009218677970301556,4.0308310203081327e-07,7.68141592920354,1,False,False,True,2.0,1,True,False
100000002479804100,peripheral,0.45,7,0.3892,"Низкая активность в выборке: 1 вход. / 2 исход., 81,300 KZT суммарно, pass_through=0.77 — выраженных признаков роли не выявлено.",1,2,46000.0,35300.0,1,2,0.00029829452781832393,1.8138739591386597e-06,0.7673913043478261,1,False,False,False,1.0,1,True,False
100000008745489100,terminal,0.72,1,0.3876,"Нет исходящих переводов на 1-м колене (обход не был искусственно прерван, глубина < 4) — получил 55,539 KZT от 1 плательщиков и удержал их.",1,0,55539.0,0.0,1,0,0.0002985533968593309,0.0,0.0,1,False,False,False,,1,False,False
100000002289937100,terminal,0.72,1,0.2917,"Нет исходящих переводов на 1-м колене (обход не был искусственно прерван, глубина < 4) — получил 20,000 KZT от 1 плательщиков и удержал их.",1,0,20000.0,0.0,1,0,0.00029106374333946164,0.0,0.0,1,False,False,False,,1,False,False
100000004679953100,peripheral,0.5,2,0.5408,"Низкая активность в выборке: 3 вход. / 3 исход., 377,638 KZT суммарно, pass_through=0.10 — выраженных признаков роли не выявлено.",3,3,343538.0,34100.0,3,3,0.00033574399052437904,0.0003602843409147677,0.09926121709970949,1,False,False,True,3.0,2,False,False
100000003066385100,terminal,0.74,0,0.3062,"Нет исходящих переводов на 1-м колене (обход не был искусственно прерван, глубина < 4) — получил 20,000 KZT от 2 плательщиков и удержал их.",2,0,20000.0,0.0,2,0,0.000292843694901976,0.0,0.0,1,False,False,False,,1,False,False
100000008744849100,terminal,0.72,1,0.3629,"Нет исходящих переводов на 1-м колене (обход не был искусственно прерван, глубина < 4) — получил 44,445 KZT от 1 плательщиков и удержал их.",1,0,44445.0,0.0,1,0,0.00029621539589843075,0.0,0.0,1,False,False,False,,1,False,False
100000005093521100,terminal,0.72,7,0.266,"Нет исходящих переводов на 1-м колене (обход не был искусственно прерван, глубина < 4) — получил 15,200 KZT от 1 плательщиков и удержал их.",1,0,15200.0,0.0,1,0,0.0002899045375694574,0.0,0.0,1,False,False,False,,1,False,False
100000006518161100,transit,0.89,4,0.7467,"Пропускает средства не удерживая: получил 594,200 KZT, отдал 595,899 KZT (1.00x) от 3 плательщиков 2 получателям, медианная задержка 0 дн..",3,2,594200.0,595899.0,13,13,0.0008142086253494286,5.885013289649874e-05,1.002859306630764,1,False,False,True,0.0,2,True,False
100000001126374100,peripheral,0.5,0,0.4872,"Низкая активность в выборке: 4 вход. / 2 исход., 211,700 KZT суммарно, pass_through=0.16 — выраженных признаков роли не выявлено.",4,2,182500.0,29200.0,7,4,0.0003148952571233323,3.9905227101050515e-05,0.16,1,False,False,False,6.0,1,False,False
100000004509286100,terminal,0.72,7,0.3518,"Нет исходящих переводов на 1-м колене (обход не был искусственно прерван, глубина < 4) — получил 40,000 KZT от 1 плательщиков и удержал их.",1,0,40000.0,0.0,1,0,0.0002948901319759778,0.0,0.0,1,False,False,False,,1,False,False
100000005056870100,terminal,0.72,41,0.356,"Нет исходящих переводов на 1-м колене (обход не был искусственно прерван, глубина < 4) — получил 20,000 KZT от 1 плательщиков и удержал их.",1,0,20000.0,0.0,1,0,0.00030454130826954175,0.0,0.0,1,False,False,False,,1,False,False
100000008708368100,terminal,0.72,1,0.3058,"Нет исходящих переводов на 1-м колене (обход не был искусственно прерван, глубина < 4) — получил 23,677 KZT от 1 плательщиков и удержал их.",1,0,23677.0,0.0,1,0,0.00029183865135579747,0.0,0.0,1,False,False,False,,1,False,False
100000005895525100,terminal,0.72,41,0.5064,"Нет исходящих переводов на 1-м колене (обход не был искусственно прерван, глубина < 4) — получил 120,000 KZT от 1 плательщиков и удержал их.",1,0,120000.0,0.0,3,0,0.0003930035962415586,0.0,0.0,1,False,False,False,,1,False,False
100000008716773100,terminal,0.72,1,0.2719,"Нет исходящих переводов на 1-м колене (обход не был искусственно прерван, глубина < 4) — получил 15,677 KZT от 1 плательщиков и удержал их.",1,0,15677.0,0.0,1,0,0.00029015269429006816,0.0,0.0,1,False,False,False,,1,False,False
100000002778085100,terminal,0.72,4,0.3712,"Нет исходящих переводов на 1-м колене (обход не был искусственно прерван, глубина < 4) — получил 66,208 KZT от 1 плательщиков и удержал их.",1,0,66208.0,0.0,1,0,0.00029399919721442836,0.0,0.0,1,False,False,False,,1,False,False
100000007055802100,peripheral,0.5,0,0.6389,"Низкая активность в выборке: 6 вход. / 1 исход., 2,629,999 KZT суммарно, pass_through=0.30 — выраженных признаков роли не выявлено.",6,1,2024999.0,605000.0,34,7,0.0011867330774222946,4.4339141223389455e-06,0.29876557963732325,1,False,False,True,0.0,4,True,True
100000003071930100,peripheral,0.5,9,0.5464,"Низкая активность в выборке: 3 вход. / 1 исход., 482,610 KZT суммарно, pass_through=0.01 — выраженных признаков роли не выявлено.",3,1,477610.0,5000.0,4,1,0.0003499148355129672,4.353297501932783e-05,0.010468792529469651,1,False,False,False,4.5,1,False,False
100000002941114100,peripheral,0.45,11,0.5855,"Низкая активность в выборке: 2 вход. / 1 исход., 143,510 KZT суммарно, pass_through=0.12 — выраженных признаков роли не выявлено.",2,1,128510.0,15000.0,15,1,0.0018398734161550532,2.096032130560229e-05,0.11672243405182477,1,False,False,True,5.0,2,False,False
100000003888271100,peripheral,0.45,43,0.3226,"Низкая активность в выборке: 1 вход. / 2 исход., 37,767 KZT суммарно, pass_through=2.10 — выраженных признаков роли не выявлено.",1,2,12177.0,25590.0,2,3,0.00029268831446974553,4.0308310203081327e-07,2.10150283321015,1,False,False,True,3.5,1,False,False
100000007507343100,terminal,0.72,47,0.5967,"Нет исходящих переводов на 1-м колене (обход не был искусственно прерван, глубина < 4) — получил 370,000 KZT от 1 плательщиков и удержал их.",1,0,370000.0,0.0,1,0,0.0006455234397126382,0.0,0.0,1,False,False,False,,1,False,False
100000008002020100,peripheral,0.4,17,0.3982,"Низкая активность в выборке: 1 вход. / 1 исход., 90,860 KZT суммарно, pass_through=0.23 — выраженных признаков роли не выявлено.",1,1,73860.0,17000.0,1,1,0.0002991586077209444,1.612332408123253e-06,0.23016517736257786,1,False,False,False,7.0,1,False,False
100000001872484100,peripheral,0.5,53,0.6344,"Низкая активность в выборке: 1 вход. / 3 исход., 1,385,980 KZT суммарно, pass_through=0.59 — выраженных признаков роли не выявлено.",1,3,871400.0,514580.0,13,9,0.002310623959101203,6.046246530462199e-07,0.5905210006885472,1,False,False,True,7.0,1,False,False
100000008769636100,terminal,0.72,1,0.303,"Нет исходящих переводов на 1-м колене (обход не был искусственно прерван, глубина < 4) — получил 23,118 KZT от 1 плательщиков и удержал их.",1,0,23118.0,0.0,1,0,0.00029172084510582964,0.0,0.0,1,False,False,False,,1,False,False
100000004135268100,transit,0.51,47,0.7437,"Пропускает средства не удерживая: получил 1,239,000 KZT, отдал 1,000,200 KZT (0.81x) от 2 плательщиков 3 получателям, медианная задержка 0 дн..",2,3,1239000.0,1000200.0,3,4,0.0017518525045470586,1.2092493060924398e-06,0.8072639225181598,1,False,False,True,0.0,1,True,False
100000005316708100,peripheral,0.45,10,0.4453,"Низкая активность в выборке: 1 вход. / 2 исход., 347,500 KZT суммарно, pass_through=2.86 — выраженных признаков роли не выявлено.",1,2,90000.0,257500.0,1,4,0.0002990219116673905,1.2092493060924398e-06,2.861111111111111,1,False,False,False,,1,False,False
100000008671929100,terminal,0.72,7,0.4096,"Нет исходящих переводов на 1-м колене (обход не был искусственно прерван, глубина < 4) — получил 75,000 KZT от 1 плательщиков и удержал их.",1,0,75000.0,0.0,2,0,0.0003019262531142123,0.0,0.0,1,False,False,False,,1,False,False
100000005287097100,peripheral,0.5,4,0.5181,"Низкая активность в выборке: 2 вход. / 9 исход., 824,473 KZT суммарно, pass_through=5.48 — выраженных признаков роли не выявлено.",2,9,127173.0,697300.0,5,42,0.00030406133800166924,0.000796639145710943,5.483082100760382,1,False,False,True,0.0,1,True,False
100000007283257100,terminal,0.72,59,0.5221,"Нет исходящих переводов на 1-м колене (обход не был искусственно прерван, глубина < 4) — получил 192,000 KZT от 1 плательщиков и удержал их.",1,0,192000.0,0.0,7,0,0.00039079015526270175,0.0,0.0,1,False,False,False,,1,False,False
100000004847758100,distributor,0.4,0,0.7458,"Рассылает 15 получателям (488,800 KZT), получая лишь от 4 плательщиков — веерное распределение средств вниз по цепочке.",4,15,115171.0,488800.0,4,23,0.0003061000772998295,0.0013818647766974878,4.244123954815014,1,False,False,True,1.5,1,True,False
100000008737422100,terminal,0.72,1,0.4143,"Нет исходящих переводов на 1-м колене (обход не был искусственно прерван, глубина < 4) — получил 76,903 KZT от 1 плательщиков и удержал их.",1,0,76903.0,0.0,1,0,0.00030305574520336103,0.0,0.0,1,False,False,False,,1,False,False
100000008555918100,peripheral,0.45,7,0.4829,"Низкая активность в выборке: 1 вход. / 2 исход., 182,511 KZT суммарно, pass_through=0.31 — выраженных признаков роли не выявлено.",1,2,139211.0,43300.0,1,2,0.0003148347209544174,4.836997224369759e-05,0.3110386391879952,1,False,False,False,,1,False,False
100000008094734100,terminal,0.78,0,0.5109,"Нет исходящих переводов на 1-м колене (обход не был искусственно прерван, глубина < 4) — получил 236,249 KZT от 4 плательщиков и удержал их.",4,0,236249.0,0.0,4,0,0.00034565667449792524,0.0,0.0,1,False,False,False,,1,False,False
100000006952718100,terminal,0.72,4,0.3768,"Нет исходящих переводов на 1-м колене (обход не был искусственно прерван, глубина < 4) — получил 71,489 KZT от 1 плательщиков и удержал их.",1,0,71489.0,0.0,1,0,0.00029456953584531875,0.0,0.0,1,False,False,False,,1,False,False
100000005339662100,peripheral,0.5,4,0.6437,"Низкая активность в выборке: 4 вход. / 4 исход., 498,099 KZT суммарно, pass_through=1.45 — выраженных признаков роли не выявлено.",4,4,202939.0,295160.0,9,15,0.00166716269738381,0.00014201677869060477,1.4544271924075707,1,False,False,True,0.0,2,True,False
100000001716579100,terminal,0.72,1,0.2603,"Нет исходящих переводов на 1-м колене (обход не был искусственно прерван, глубина < 4) — получил 13,916 KZT от 1 плательщиков и удержал их.",1,0,13916.0,0.0,1,0,0.0002897815729909745,0.0,0.0,1,False,False,False,,1,False,False
100000002774456100,terminal,0.72,11,0.3629,"Нет исходящих переводов на 1-м колене (обход не был искусственно прерван, глубина < 4) — получил 50,363 KZT от 1 плательщиков и удержал их.",1,0,50363.0,0.0,1,0,0.00029452379116154067,0.0,0.0,1,False,False,False,,1,False,False
100000004394765100,peripheral,0.5,4,0.5712,"Низкая активность в выборке: 3 вход. / 2 исход., 686,344 KZT суммарно, pass_through=0.14 — выраженных признаков роли не выявлено.",3,2,603844.0,82500.0,10,2,0.00038196590482139484,6.628029807726674e-05,0.13662469114539516,1,False,False,False,1.0,2,True,False
100000004004621100,terminal,0.76,14,0.4107,"Нет исходящих переводов на 1-м колене (обход не был искусственно прерван, глубина < 4) — получил 75,389 KZT от 3 плательщиков и удержал их.",3,0,75389.0,0.0,3,0,0.0003021154851695287,0.0,0.0,1,False,False,False,,2,False,False
100000000907277100,terminal,0.72,1,0.28,"Нет исходящих переводов на 1-м колене (обход не был искусственно прерван, глубина < 4) — получил 17,534 KZT от 1 плательщиков и удержал их.",1,0,17534.0,0.0,1,0,0.0002905440470739506,0.0,0.0,1,False,False,False,,1,False,False
100000003835149100,peripheral,0.45,24,0.5915,"Низкая активность в выборке: 1 вход. / 2 исход., 4,848,940 KZT суммарно, pass_through=18.51 — выраженных признаков роли не выявлено.",1,2,248500.0,4600440.0,1,13,0.0004910490679079407,1.8138739591386597e-06,18.512837022132796,1,False,False,False,3.0,1,False,False
100000004254434100,terminal,0.72,1,0.3629,"Нет исходящих переводов на 1-м колене (обход не был искусственно прерван, глубина < 4) — получил 44,445 KZT от 1 плательщиков и удержал их.",1,0,44445.0,0.0,2,0,0.00029621539589843075,0.0,0.0,1,False,False,False,,1,False,False
100000003635170100,transit,0.79,11,0.7473,"Пропускает средства не удерживая: получил 268,500 KZT, отдал 253,500 KZT (0.94x) от 3 плательщиков 4 получателям, медианная задержка 2 дн..",3,4,268500.0,253500.0,13,10,0.001152553467557802,0.00019126293191362088,0.9441340782122905,1,False,False,True,2.0,2,True,False
100000006687202100,terminal,0.72,0,0.3712,"Нет исходящих переводов на 1-м колене (обход не был искусственно прерван, глубина < 4) — получил 50,000 KZT от 1 плательщиков и удержал их.",1,0,50000.0,0.0,1,0,0.0002962692607087853,0.0,0.0,1,False,False,False,,1,False,False
100000006030946100,terminal,0.72,1,0.4105,"Нет исходящих переводов на 1-м колене (обход не был искусственно прерван, глубина < 4) — получил 73,289 KZT от 1 плательщиков и удержал их.",1,0,73289.0,0.0,1,0,0.0003022941140989178,0.0,0.0,1,False,False,False,,1,False,False
100000002615479100,terminal,0.72,9,0.4716,"Нет исходящих переводов на 1-м колене (обход не был искусственно прерван, глубина < 4) — получил 220,000 KZT от 1 плательщиков и удержал их.",1,0,220000.0,0.0,1,0,0.00031057622686223886,0.0,0.0,1,False,False,False,,1,False,False
100000002952631100,terminal,0.72,4,0.3413,"Нет исходящих переводов на 1-м колене (обход не был искусственно прерван, глубина < 4) — получил 48,050 KZT от 1 плательщиков и удержал их.",1,0,48050.0,0.0,1,0,0.0002920381654288371,0.0,0.0,1,False,False,False,,1,False,False
100000002890167100,terminal,0.72,4,0.4204,"Нет исходящих переводов на 1-м колене (обход не был искусственно прерван, глубина < 4) — получил 118,150 KZT от 1 плательщиков и удержал их.",1,0,118150.0,0.0,1,0,0.0002996088410632654,0.0,0.0,1,False,False,False,,1,False,False
100000008687671100,terminal,0.72,1,0.3485,"Нет исходящих переводов на 1-м колене (обход не был искусственно прерван, глубина < 4) — получил 37,500 KZT от 1 плательщиков и удержал их.",1,0,37500.0,0.0,1,0,0.00029475177442074454,0.0,0.0,1,False,False,False,,1,False,False
100000000810551100,peripheral,0.4,7,0.4522,"Низкая активность в выборке: 1 вход. / 1 исход., 107,100 KZT суммарно, pass_through=0.07 — выраженных признаков роли не выявлено.",1,1,100000.0,7100.0,1,1,0.000306952053927237,7.902668150370777e-05,0.071,1,False,False,False,,1,False,False
100000008724279100,terminal,0.72,4,0.2413,"Нет исходящих переводов на 1-м колене (обход не был искусственно прерван, глубина < 4) — получил 11,750 KZT от 1 плательщиков и удержал их.",1,0,11750.0,0.0,1,0,0.0002881178298292686,0.0,0.0,1,False,False,False,,1,False,False
100000002592567100,peripheral,0.45,4,0.3283,"Низкая активность в выборке: 1 вход. / 2 исход., 53,897 KZT суммарно, pass_through=9.18 — выраженных признаков роли не выявлено.",1,2,5297.0,48600.0,1,2,0.0002874209172776429,0.0007325871426957816,9.175004719652634,1,False,False,False,7.0,1,False,False
100000002670860100,terminal,0.74,12,0.495,"Нет исходящих переводов на 1-м колене (обход не был искусственно прерван, глубина < 4) — получил 450,000 KZT от 2 плательщиков и удержал их.",2,0,450000.0,0.0,2,0,0.00031032361986134925,0.0,0.0,1,False,False,False,,1,False,False
100000002844897100,terminal,0.72,9,0.2392,"Нет исходящих переводов на 1-м колене (обход не был искусственно прерван, глубина < 4) — получил 10,800 KZT от 1 плательщиков и удержал их.",1,0,10800.0,0.0,1,0,0.0002880136491425051,0.0,0.0,1,False,False,False,,1,False,False
100000007938486100,terminal,0.72,1,0.3532,"Нет исходящих переводов на 1-м колене (обход не был искусственно прерван, глубина < 4) — получил 39,500 KZT от 1 плательщиков и удержал их.",1,0,39500.0,0.0,1,0,0.00029517326368717683,0.0,0.0,1,False,False,False,,1,False,False
100000008438656100,peripheral,0.45,7,0.4078,"Низкая активность в выборке: 2 вход. / 1 исход., 85,000 KZT суммарно, pass_through=0.06 — выраженных признаков роли не выявлено.",2,1,80000.0,5000.0,2,1,0.00029871902959140905,2.4184986121848794e-05,0.0625,1,False,False,False,7.0,1,False,False
100000008304139100,distributor,0.58,7,0.7795,"Рассылает 24 получателям (1,692,997 KZT), получая лишь от 4 плательщиков — веерное распределение средств вниз по цепочке.",4,24,189329.75,1692997.0,4,43,0.00031501336655354435,0.001332752984527783,8.942054801213228,1,False,False,True,1.5,1,True,False
100000002597003100,peripheral,0.4,0,0.2971,"Низкая активность в выборке: 1 вход. / 1 исход., 28,700 KZT суммарно, pass_through=0.62 — выраженных признаков роли не выявлено.",1,1,17700.0,11000.0,1,1,0.00029018367582704934,1.9549530448494444e-05,0.6214689265536724,1,False,False,False,,1,False,False
100000002830055100,terminal,0.72,1,0.261,"Нет исходящих переводов на 1-м колене (обход не был искусственно прерван, глубина < 4) — получил 14,000 KZT от 1 плательщиков и удержал их.",1,0,14000.0,0.0,1,0,0.00028979927554016467,0.0,0.0,1,False,False,False,,1,False,False
100000004299488100,peripheral,0.5,0,0.6507,"Низкая активность в выборке: 6 вход. / 2 исход., 2,093,999 KZT суммарно, pass_through=0.20 — выраженных признаков роли не выявлено.",6,2,1749000.0,344999.0,22,14,0.0014677101163357964,2.1161862856617695e-05,0.19725500285877645,1,False,False,True,0.0,3,True,True
100000002809568100,terminal,0.72,0,0.2411,"Нет исходящих переводов на 1-м колене (обход не был искусственно прерван, глубина < 4) — получил 10,000 KZT от 1 плательщиков и удержал их.",1,0,10000.0,0.0,1,0,0.00028873293268186776,0.0,0.0,1,False,False,False,,1,False,False
100000004784224100,peripheral,0.4,24,0.4274,"Низкая активность в выборке: 1 вход. / 1 исход., 123,500 KZT суммарно, pass_through=4.26 — выраженных признаков роли не выявлено.",1,1,23500.0,100000.0,2,1,0.0003061595352021841,2.0154155101540663e-07,4.25531914893617,1,False,False,False,5.5,1,False,False
100000003123296100,terminal,0.72,17,0.4129,"Нет исходящих переводов на 1-м колене (обход не был искусственно прерван, глубина < 4) — получил 86,200 KZT от 1 плательщиков и удержал их.",1,0,86200.0,0.0,2,0,0.0003012152337965638,0.0,0.0,1,False,False,False,,1,False,False
100000004130144100,terminal,0.72,9,0.4364,"Нет исходящих переводов на 1-м колене (обход не был искусственно прерван, глубина < 4) — получил 200,000 KZT от 1 плательщиков и удержал их.",1,0,200000.0,0.0,1,0,0.0002983662476479529,0.0,0.0,1,False,False,False,,1,False,False
100000001253557100,terminal,0.8,5,0.5109,"Нет исходящих переводов на 1-м колене (обход не был искусственно прерван, глубина < 4) — получил 210,200 KZT от 5 плательщиков и удержал их.",5,0,210200.0,0.0,5,0,0.0003526280508538812,0.0,0.0,1,False,False,False,,1,False,False
100000008767925100,terminal,0.72,1,0.2776,"Нет исходящих переводов на 1-м колене (обход не был искусственно прерван, глубина < 4) — получил 17,144 KZT от 1 плательщиков и удержал их.",1,0,17144.0,0.0,1,0,0.00029046185666699623,0.0,0.0,1,False,False,False,,1,False,False
100000007181706100,terminal,0.74,7,0.481,"Нет исходящих переводов на 1-м колене (обход не был искусственно прерван, глубина < 4) — получил 176,272 KZT от 2 плательщиков и удержал их.",2,0,176272.0,0.0,2,0,0.0003204792128221106,0.0,0.0,1,False,False,False,,2,False,False
100000003366154100,peripheral,0.5,7,0.5078,"Низкая активность в выборке: 1 вход. / 3 исход., 414,170 KZT суммарно, pass_through=2.31 — выраженных признаков роли не выявлено.",1,3,125000.0,289170.0,1,3,0.0003119778547402617,6.252016556059147e-05,2.31336,1,False,False,False,0.0,1,True,False
100000007641183100,terminal,0.72,4,0.2948,"Нет исходящих переводов на 1-м колене (обход не был искусственно прерван, глубина < 4) — получил 28,000 KZT от 1 плательщиков и удержал их.",1,0,28000.0,0.0,1,0,0.0002898728009998744,0.0,0.0,1,False,False,False,,1,False,False
100000008663007100,terminal,0.72,1,0.261,"Нет исходящих переводов на 1-м колене (обход не был искусственно прерван, глубина < 4) — получил 14,000 KZT от 1 плательщиков и удержал их.",1,0,14000.0,0.0,1,0,0.00028979927554016467,0.0,0.0,1,False,False,False,,1,False,False
100000007334196100,terminal,0.72,11,0.4561,"Нет исходящих переводов на 1-м колене (обход не был искусственно прерван, глубина < 4) — получил 150,002 KZT от 1 плательщиков и удержал их.",1,0,150002.0,0.0,1,0,0.00030970802155140303,0.0,0.0,1,False,False,False,,1,False,False
100000003873332100,peripheral,0.5,19,0.4314,"Низкая активность в выборке: 1 вход. / 4 исход., 309,468 KZT суммарно, pass_through=12.19 — выраженных признаков роли не выявлено.",1,4,23468.0,286000.0,1,8,0.0002912704143285309,0.0009088678199501039,12.186807567751833,1,False,False,False,3.0,1,False,False
100000001550388100,terminal,0.72,0,0.3712,"Нет исходящих переводов на 1-м колене (обход не был искусственно прерван, глубина < 4) — получил 50,000 KZT от 1 плательщиков и удержал их.",1,0,50000.0,0.0,1,0,0.0002962692607087853,0.0,0.0,1,False,False,False,,1,False,False
100000008718089100,terminal,0.72,1,0.2702,"Нет исходящих переводов на 1-м колене (обход не был искусственно прерван, глубина < 4) — получил 15,534 KZT от 1 плательщиков и удержал их.",1,0,15534.0,0.0,1,0,0.00029012255780751825,0.0,0.0,1,False,False,False,,1,False,False
100000008728457100,terminal,0.72,11,0.3498,"Нет исходящих переводов на 1-м колене (обход не был искусственно прерван, глубина < 4) — получил 45,000 KZT от 1 плательщиков и удержал их.",1,0,45000.0,0.0,1,0,0.0002937065105025534,0.0,0.0,1,False,False,False,,1,False,False
100000004206046100,terminal,0.72,4,0.2403,"Нет исходящих переводов на 1-м колене (обход не был искусственно прерван, глубина < 4) — получил 11,075 KZT от 1 плательщиков и удержал их.",1,0,11075.0,0.0,1,0,0.0002880449310267973,0.0,0.0,1,False,False,False,,1,False,False
100000006579678100,peripheral,0.5,4,0.6471,"Низкая активность в выборке: 2 вход. / 6 исход., 1,861,730 KZT суммарно, pass_through=8.65 — выраженных признаков роли не выявлено.",2,6,192930.0,1668800.0,2,15,0.0006283224398262306,0.00045663496441757985,8.649769346395066,1,False,False,True,2.0,1,True,False
100000002988894100,peripheral,0.5,7,0.5416,"Низкая активность в выборке: 1 вход. / 3 исход., 383,621 KZT суммарно, pass_through=0.25 — выраженных признаков роли не выявлено.",1,3,306121.0,77500.0,1,3,0.0003483889775024953,7.255495836554638e-05,0.25316786499456095,1,False,False,False,0.0,1,True,False
100000008749406100,terminal,0.72,1,0.2776,"Нет исходящих переводов на 1-м колене (обход не был искусственно прерван, глубина < 4) — получил 17,144 KZT от 1 плательщиков и удержал их.",1,0,17144.0,0.0,1,0,0.00029046185666699623,0.0,0.0,1,False,False,False,,1,False,False
100000005584222100,peripheral,0.5,0,0.6086,"Низкая активность в выборке: 2 вход. / 2 исход., 301,304 KZT суммарно, pass_through=0.56 — выраженных признаков роли не выявлено.",2,2,192717.0,108587.0,6,3,0.0008793968910150205,3.930060244800429e-05,0.5634531463233653,1,False,False,True,1.0,1,True,False
100000003239859100,terminal,0.72,17,0.2758,"Нет исходящих переводов на 1-м колене (обход не был искусственно прерван, глубина < 4) — получил 18,600 KZT от 1 плательщиков и удержал их.",1,0,18600.0,0.0,1,0,0.0002899487894925225,0.0,0.0,1,False,False,False,,1,False,False
100000003980083100,terminal,0.72,63,0.4695,"Нет исходящих переводов на 1-м колене (обход не был искусственно прерван, глубина < 4) — получил 30,000 KZT от 1 плательщиков и удержал их.",1,0,30000.0,0.0,1,0,0.0005309030338467371,0.0,0.0,1,False,False,False,,1,False,False
100000004351795100,distributor,0.38,0,0.7795,"Рассылает 14 получателям (1,715,161 KZT), получая лишь от 3 плательщиков — веерное распределение средств вниз по цепочке.",3,14,118333.0,1715161.0,3,37,0.0003149083893976027,0.0024701276217512446,14.494359139039828,1,False,False,True,0.0,1,True,False
100000002666248100,terminal,0.72,7,0.4041,"Нет исходящих переводов на 1-м колене (обход не был искусственно прерван, глубина < 4) — получил 70,032 KZT от 1 плательщиков и удержал их.",1,0,70032.0,0.0,1,0,0.0003009275259766481,0.0,0.0,1,False,False,False,,1,False,False
100000005877725100,terminal,0.72,1,0.4061,"Нет исходящих переводов на 1-м колене (обход не был искусственно прерван, глубина < 4) — получил 70,000 KZT от 1 плательщиков и удержал их.",1,0,70000.0,0.0,1,0,0.0003016009750002698,0.0,0.0,1,False,False,False,,1,False,False
100000001697501100,distributor,0.81,1,0.8672,"Рассылает 38 получателям (1,482,606 KZT), получая лишь от 3 плательщиков — веерное распределение средств вниз по цепочке.",3,38,123700.0,1482606.0,3,55,0.0005941641771451357,0.00020899858840297669,11.98549717057397,1,False,False,True,0.0,1,True,False
100000006972210100,terminal,0.76,9,0.5366,"Нет исходящих переводов на 1-м колене (обход не был искусственно прерван, глубина < 4) — получил 488,775 KZT от 3 плательщиков и удержал их.",3,0,488775.0,0.0,4,0,0.0003478417567552429,0.0,0.0,1,False,False,False,,1,False,False
100000008749618100,terminal,0.72,1,0.3696,"Нет исходящих переводов на 1-м колене (обход не был искусственно прерван, глубина < 4) — получил 47,280 KZT от 1 плательщиков и удержал их.",1,0,47280.0,0.0,1,0,0.0002968128569335986,0.0,0.0,1,False,False,False,,1,False,False
100000008671026100,terminal,0.72,1,0.3048,"Нет исходящих переводов на 1-м колене (обход не был искусственно прерван, глубина < 4) — получил 23,534 KZT от 1 плательщиков и удержал их.",1,0,23534.0,0.0,1,0,0.00029180851487324756,0.0,0.0,1,False,False,False,,1,False,False
100000001696818100,terminal,0.72,7,0.3901,"Нет исходящих переводов на 1-м колене (обход не был искусственно прерван, глубина < 4) — получил 53,550 KZT от 1 плательщиков и удержал их.",1,0,53550.0,0.0,1,0,0.0003001731117842163,0.0,0.0,1,False,False,False,,1,False,False
100000008679986100,terminal,0.72,1,0.2861,"Нет исходящих переводов на 1-м колене (обход не был искусственно прерван, глубина < 4) — получил 19,000 KZT от 1 плательщиков и удержал их.",1,0,19000.0,0.0,1,0,0.0002908529987062455,0.0,0.0,1,False,False,False,,1,False,False
100000003616818100,peripheral,0.5,25,0.5545,"Низкая активность в выборке: 3 вход. / 3 исход., 318,100 KZT суммарно, pass_through=3.08 — выраженных признаков роли не выявлено.",3,3,78000.0,240100.0,4,8,0.0005152127057006632,2.0154155101540663e-06,3.0782051282051284,1,False,False,True,5.0,1,False,False
100000004156082100,distributor,0.62,15,0.8921,"Рассылает 26 получателям (2,319,556 KZT), получая лишь от 5 плательщиков — веерное распределение средств вниз по цепочке.",5,26,377366.11,2319556.0,7,29,0.0008706976397489585,0.002074985513245345,6.146699288921308,1,False,False,True,0.0,2,True,False
100000008667058100,terminal,0.72,1,0.28,"Нет исходящих переводов на 1-м колене (обход не был искусственно прерван, глубина < 4) — получил 17,534 KZT от 1 плательщиков и удержал их.",1,0,17534.0,0.0,1,0,0.0002905440470739506,0.0,0.0,1,False,False,False,,1,False,False
100000008628231100,peripheral,0.45,58,0.4768,"Низкая активность в выборке: 1 вход. / 2 исход., 677,870 KZT суммарно, pass_through=12.56 — выраженных признаков роли не выявлено.",1,2,50000.0,627870.0,1,19,0.00029690045230118767,4.836997224369759e-05,12.5574,1,False,False,False,1.0,1,True,False
100000008749063100,terminal,0.72,1,0.2861,"Нет исходящих переводов на 1-м колене (обход не был искусственно прерван, глубина < 4) — получил 19,000 KZT от 1 плательщиков и удержал их.",1,0,19000.0,0.0,1,0,0.0002908529987062455,0.0,0.0,1,False,False,False,,1,False,False
100000004494983100,terminal,0.72,1,0.3423,"Нет исходящих переводов на 1-м колене (обход не был искусственно прерван, глубина < 4) — получил 35,000 KZT от 1 плательщиков и удержал их.",1,0,35000.0,0.0,1,0,0.00029422491283770413,0.0,0.0,1,False,False,False,,1,False,False
100000007648946100,peripheral,0.4,0,0.3143,"Низкая активность в выборке: 1 вход. / 1 исход., 44,550 KZT суммарно, pass_through=1.28 — выраженных признаков роли не выявлено.",1,1,19550.0,25000.0,1,1,0.0002905322309982943,2.9630022099315966e-06,1.278772378516624,1,False,False,False,3.0,1,False,False
100000003037660100,terminal,0.72,7,0.3806,"Нет исходящих переводов на 1-м колене (обход не был искусственно прерван, глубина < 4) — получил 53,000 KZT от 1 плательщиков и удержал их.",1,0,53000.0,0.0,1,0,0.00029750354839875063,0.0,0.0,1,False,False,False,,1,False,False
100000002679516100,terminal,0.76,2,0.4692,"Нет исходящих переводов на 1-м колене (обход не был искусственно прерван, глубина < 4) — получил 102,335 KZT от 3 плательщиков и удержал их.",3,0,102335.0,0.0,3,0,0.0003282761239237318,0.0,0.0,1,False,False,False,,1,False,False
100000005588444100,terminal,0.72,9,0.2387,"Нет исходящих переводов на 1-м колене (обход не был искусственно прерван, глубина < 4) — получил 12,300 KZT от 1 плательщиков и удержал их.",1,0,12300.0,0.0,1,0,0.0002875571705889665,0.0,0.0,1,False,False,False,,1,False,False
100000001307612100,terminal,0.72,1,0.3509,"Нет исходящих переводов на 1-м колене (обход не был искусственно прерван, глубина < 4) — получил 38,483 KZT от 1 плательщиков и удержал их.",1,0,38483.0,0.0,1,0,0.000294958936395196,0.0,0.0,1,False,False,False,,1,False,False
100000003001564100,peripheral,0.4,4,0.3707,"Низкая активность в выборке: 1 вход. / 1 исход., 203,520 KZT суммарно, pass_through=7.65 — выраженных признаков роли не выявлено.",1,1,23520.0,180000.0,1,1,0.0002893889689479166,1.9549530448494444e-05,7.653061224489796,1,False,False,False,5.0,1,False,False
100000002762076100,peripheral,0.45,9,0.4239,"Низкая активность в выборке: 2 вход. / 1 исход., 170,350 KZT суммарно, pass_through=0.21 — выраженных признаков роли не выявлено.",2,1,140350.0,30000.0,2,1,0.0003004831723747164,4.0308310203081327e-07,0.21375133594584966,1,False,False,False,,1,False,False
100000005514161100,peripheral,0.5,10,0.6202,"Низкая активность в выборке: 4 вход. / 1 исход., 451,500 KZT суммарно, pass_through=0.12 — выраженных признаков роли не выявлено.",4,1,401500.0,50000.0,7,1,0.0008096380965182424,4.1114476407142956e-05,0.12453300124533001,1,False,False,False,,2,False,False
100000008746673100,terminal,0.72,1,0.3833,"Нет исходящих переводов на 1-м колене (обход не был искусственно прерван, глубина < 4) — получил 53,048 KZT от 1 плательщиков и удержал их.",1,0,53048.0,0.0,1,0,0.00029802843197798944,0.0,0.0,1,False,False,False,,1,False,False
100000003265158100,transit,0.79,17,0.6598,"Пропускает средства не удерживая: получил 146,100 KZT, отдал 154,200 KZT (1.06x) от 3 плательщиков 2 получателям, медианная задержка 0 дн..",3,2,146100.4,154200.0,3,4,0.0003863693139115083,0.0001795735219547273,1.055438588806054,1,False,False,False,0.0,1,True,False
100000001567366100,terminal,0.72,4,0.5598,"Нет исходящих переводов на 1-м колене (обход не был искусственно прерван, глубина < 4) — получил 824,070 KZT от 1 плательщиков и удержал их.",1,0,824070.0,0.0,4,0,0.00037584694867889493,0.0,0.0,1,False,False,False,,1,False,False
100000008777088100,terminal,0.72,1,0.2831,"Нет исходящих переводов на 1-м колене (обход не был искусственно прерван, глубина < 4) — получил 18,000 KZT от 1 плательщиков и удержал их.",1,0,18000.0,0.0,1,0,0.00029064225407302935,0.0,0.0,1,False,False,False,,1,False,False
100000002589019100,terminal,0.72,17,0.3319,"Нет исходящих переводов на 1-м колене (обход не был искусственно прерван, глубина < 4) — получил 34,710 KZT от 1 плательщиков и удержал их.",1,0,34710.0,0.0,1,0,0.0002926337365004826,0.0,0.0,1,False,False,False,,1,False,False
100000008666075100,terminal,0.72,1,0.3173,"Нет исходящих переводов на 1-м колене (обход не был искусственно прерван, глубина < 4) — получил 26,217 KZT от 1 плательщиков и удержал их.",1,0,26217.0,0.0,1,0,0.00029237394272416654,0.0,0.0,1,False,False,False,,1,False,False
100000008137435100,peripheral,0.5,23,0.5472,"Низкая активность в выборке: 2 вход. / 6 исход., 1,513,606 KZT суммарно, pass_through=15.12 — выраженных признаков роли не выявлено.",2,6,93906.0,1419700.0,2,7,0.00031567491223442575,0.00030352157582920236,15.118309799160864,1,False,False,True,0.0,2,True,False
100000004403675100,peripheral,0.5,13,0.6322,"Низкая активность в выборке: 4 вход. / 5 исход., 447,679 KZT суммарно, pass_through=1.45 — выраженных признаков роли не выявлено.",4,5,182980.0,264699.0,8,6,0.00074315807328016,0.002835432608431344,1.4466007213903158,1,False,False,True,0.5,1,True,False
100000004677680100,peripheral,0.45,11,0.605,"Низкая активность в выборке: 2 вход. / 1 исход., 231,000 KZT суммарно, pass_through=2.67 — выраженных признаков роли не выявлено.",2,1,63000.0,168000.0,2,3,0.0010991088713129958,4.192064261120458e-05,2.6666666666666665,1,False,False,True,3.0,1,False,False
100000005958064100,peripheral,0.45,13,0.3573,"Низкая активность в выборке: 1 вход. / 2 исход., 169,733 KZT суммарно, pass_through=28.54 — выраженных признаков роли не выявлено.",1,2,5746.0,163986.84,1,3,0.0002874694084810645,2.5558713095011674e-05,28.539303863557258,1,False,False,False,26.0,1,False,False
100000002881669100,terminal,0.72,17,0.2758,"Нет исходящих переводов на 1-м колене (обход не был искусственно прерван, глубина < 4) — получил 18,600 KZT от 1 плательщиков и удержал их.",1,0,18600.0,0.0,1,0,0.0002899487894925225,0.0,0.0,1,False,False,False,,1,False,False
100000002938501100,peripheral,0.4,4,0.236,"Низкая активность в выборке: 1 вход. / 1 исход., 13,395 KZT суммарно, pass_through=0.60 — выраженных признаков роли не выявлено.",1,1,8395.0,5000.0,1,1,0.00028775549578142974,1.8251334958819943e-05,0.5955926146515783,1,False,False,False,,1,False,False
100000006734554100,peripheral,0.4,29,0.3947,"Низкая активность в выборке: 1 вход. / 1 исход., 41,500 KZT суммарно, pass_through=1.52 — выраженных признаков роли не выявлено.",1,1,16500.0,25000.0,1,1,0.0003133229719587716,6.046246530462199e-07,1.5151515151515151,1,False,False,False,19.0,1,False,False
100000008003034100,peripheral,0.5,14,0.3739,"Низкая активность в выборке: 1 вход. / 4 исход., 147,201 KZT суммарно, pass_through=11.06 — выраженных признаков роли не выявлено.",1,4,12201.0,135000.0,1,4,0.0002881665370291421,0.0020272859617955215,11.064666830587656,1,False,False,True,0.0,1,True,False
100000003970394100,terminal,0.72,17,0.4113,"Нет исходящих переводов на 1-м колене (обход не был искусственно прерван, глубина < 4) — получил 85,000 KZT от 1 плательщиков и удержал их.",1,0,85000.0,0.0,1,0,0.00030101523774382936,0.0,0.0,1,False,False,False,,1,False,False
100000003205210100,terminal,0.72,7,0.4608,"Нет исходящих переводов на 1-м колене (обход не был искусственно прерван, глубина < 4) — получил 137,563 KZT от 1 плательщиков и удержал их.",1,0,137563.0,0.0,1,0,0.00031450342016482285,0.0,0.0,1,False,False,False,,1,False,False
100000004559194100,terminal,0.72,4,0.4931,"Нет исходящих переводов на 1-м колене (обход не был искусственно прерван, глубина < 4) — получил 282,145 KZT от 1 плательщиков и удержал их.",1,0,282145.0,0.0,6,0,0.0003173200101170182,0.0,0.0,1,False,False,False,,1,False,False
100000008173359100,terminal,0.72,4,0.2241,"Нет исходящих переводов на 1-м колене (обход не был искусственно прерван, глубина < 4) — получил 6,110 KZT от 1 плательщиков и удержал их.",1,0,6110.0,0.0,1,0,0.0002875087198352861,0.0,0.0,1,False,False,False,,1,False,False
100000007953156100,peripheral,0.4,13,0.4594,"Низкая активность в выборке: 1 вход. / 1 исход., 28,000 KZT суммарно, pass_through=0.56 — выраженных признаков роли не выявлено.",1,1,18000.0,10000.0,1,1,0.0004798654843226402,2.0154155101540664e-05,0.5555555555555556,2,False,False,False,11.0,1,False,False
100000002224132100,peripheral,0.5,24,0.6528,"Низкая активность в выборке: 5 вход. / 4 исход., 16,066,020 KZT суммарно, pass_through=3.07 — выраженных признаков роли не выявлено.",5,4,3951020.0,12115000.0,10,25,0.0060854616344619755,6.348558856985309e-06,3.0662968043695047,2,False,False,True,1.0,2,True,False
100000008547844100,distributor,0.48,5,0.8089,"Рассылает 19 получателям (2,042,199 KZT), получая лишь от 3 плательщиков — веерное распределение средств вниз по цепочке.",3,19,177600.0,2042199.0,3,21,0.000345868828398246,0.0018182356452656127,11.498868243243244,2,False,False,True,0.0,1,True,False
100000002635780100,terminal,0.72,9,0.558,"Нет исходящих переводов на 2-м колене (обход не был искусственно прерван, глубина < 4) — получил 163,000 KZT от 1 плательщиков и удержал их.",1,0,163000.02,0.0,1,0,0.000557805708628852,0.0,0.0,2,False,False,False,,1,False,False
100000001279875100,terminal,0.72,12,0.3996,"Нет исходящих переводов на 2-м колене (обход не был искусственно прерван, глубина < 4) — получил 49,235 KZT от 1 плательщиков и удержал их.",1,0,49235.0,0.0,1,0,0.0003046278336040146,0.0,0.0,2,False,False,False,,1,False,False
100000001961048100,terminal,0.72,28,0.4475,"Нет исходящих переводов на 2-м колене (обход не был искусственно прерван, глубина < 4) — получил 150,000 KZT от 1 плательщиков и удержал их.",1,0,150000.0,0.0,1,0,0.0003056655581460328,0.0,0.0,2,False,False,False,,1,False,False
100000000993112100,terminal,0.72,31,0.5229,"Нет исходящих переводов на 2-м колене (обход не был искусственно прерван, глубина < 4) — получил 141,000 KZT от 1 плательщиков и удержал их.",1,0,141000.0,0.0,1,0,0.0004430447509175079,0.0,0.0,2,False,False,False,,1,False,False
100000005547096100,peripheral,0.45,44,0.5795,"Низкая активность в выборке: 1 вход. / 2 исход., 234,300 KZT суммарно, pass_through=28.29 — выраженных признаков роли не выявлено.",1,2,8000.0,226300.0,1,3,0.0008957944572170975,4.0308310203081327e-07,28.2875,2,False,False,True,,1,False,False
100000000331309100,distributor,0.95,3,0.8969,"Рассылает 99 получателям (23,001,375 KZT), получая лишь от 5 плательщиков — веерное распределение средств вниз по цепочке.",5,99,984635.0,23001375.0,8,126,0.0008793827745051868,0.004635309682700266,23.360306103276848,2,False,False,True,0.0,3,True,True
100000006684930100,terminal,0.72,14,0.3152,"Нет исходящих переводов на 2-м колене (обход не был искусственно прерван, глубина < 4) — получил 10,000 KZT от 1 плательщиков и удержал их.",1,0,10000.0,0.0,1,0,0.0003000651398213456,0.0,0.0,2,False,False,False,,1,False,False
100000004479404100,peripheral,0.45,45,0.6514,"Низкая активность в выборке: 2 вход. / 1 исход., 1,792,000 KZT суммарно, pass_through=0.20 — выраженных признаков роли не выявлено.",2,1,1492000.0,300000.0,8,2,0.0008705522657429225,9.774765224247222e-05,0.20107238605898123,2,False,False,True,18.5,1,False,False
100000004134060100,terminal,0.72,2,0.4618,"Нет исходящих переводов на 2-м колене (обход не был искусственно прерван, глубина < 4) — получил 88,179 KZT от 1 плательщиков и удержал их.",1,0,88179.0,0.0,1,0,0.00032947013371847304,0.0,0.0,2,False,False,False,,1,False,False
100000001083990100,terminal,0.72,17,0.4887,"Нет исходящих переводов на 2-м колене (обход не был искусственно прерван, глубина < 4) — получил 49,900 KZT от 1 плательщиков и удержал их.",1,0,49900.0,0.0,2,0,0.0005043133556429481,0.0,0.0,2,False,False,False,,1,False,False
100000004573782100,terminal,0.72,9,0.3559,"Нет исходящих переводов на 2-м колене (обход не был искусственно прерван, глубина < 4) — получил 15,000 KZT от 1 плательщиков и удержал их.",1,0,15000.0,0.0,1,0,0.0003112747469908201,0.0,0.0,2,False,False,False,,1,False,False
100000005660203100,peripheral,0.45,4,0.6238,"Низкая активность в выборке: 1 вход. / 2 исход., 613,899 KZT суммарно, pass_through=0.07 — выраженных признаков роли не выявлено.",1,2,572899.0,41000.0,12,5,0.0009530464731684012,1.975107199950985e-05,0.07156584319400104,2,False,False,True,2.0,1,True,False
100000008771627100,terminal,0.72,1,0.2946,"Нет исходящих переводов на 2-м колене (обход не был искусственно прерван, глубина < 4) — получил 16,500 KZT от 1 плательщиков и удержал их.",1,0,16500.0,0.0,1,0,0.00029247570347654204,0.0,0.0,2,False,False,False,,1,False,False
100000000031787100,transit,0.9,9,0.6219,"Пропускает средства не удерживая: получил 90,000 KZT, отдал 90,000 KZT (1.00x) от 1 плательщиков 2 получателям, медианная задержка 2 дн..",1,2,90000.0,90000.0,2,4,0.0004334042285692288,4.0308310203081327e-07,1.0,2,False,False,True,2.0,1,True,False
100000001346560100,peripheral,0.45,2,0.5005,"Низкая активность в выборке: 2 вход. / 1 исход., 32,200 KZT суммарно, pass_through=2.22 — выраженных признаков роли не выявлено.",2,1,10000.0,22200.0,2,1,0.0005891553059540461,2.6200401632002863e-05,2.22,2,False,False,False,7.0,1,False,False
100000001703168100,peripheral,0.4,7,0.395,"Низкая активность в выборке: 1 вход. / 1 исход., 135,000 KZT суммарно, pass_through=2.00 — выраженных признаков роли не выявлено.",1,1,45000.0,90000.0,1,1,0.000293972988119775,1.9549530448494444e-05,2.0,2,False,False,False,2.0,1,True,False
100000004904960100,terminal,0.74,0,0.5066,"Нет исходящих переводов на 2-м колене (обход не был искусственно прерван, глубина < 4) — получил 32,000 KZT от 2 плательщиков и удержал их.",2,0,32000.0,0.0,2,0,0.0007812763224699232,0.0,0.0,2,False,False,False,,1,False,False
100000004467157100,peripheral,0.4,20,0.3684,"Низкая активность в выборке: 1 вход. / 1 исход., 27,000 KZT суммарно, pass_through=0.35 — выраженных признаков роли не выявлено.",1,1,20000.0,7000.0,3,1,0.00038823565156986584,0.0,0.35,2,False,False,True,16.0,1,False,False
100000008346837100,coordinator,0.67,14,0.9512,"Одновременно принимает от 9 плательщиков (254,359 KZT) и рассылает 25 получателям (1,258,643 KZT) — двусторонний хаб, кандидат в организаторы.",9,25,254359.0,1258643.0,12,26,0.0005497850035412785,0.009135023615963252,4.948293553599441,2,False,False,True,0.0,4,True,True
100000006385877100,peripheral,0.4,9,0.4981,"Низкая активность в выборке: 1 вход. / 1 исход., 90,310 KZT суммарно, pass_through=0.68 — выраженных признаков роли не выявлено.",1,1,53706.62,36602.93,5,5,0.0021366719296378777,0.0,0.6815347903107661,2,False,False,True,0.0,1,True,False
100000002459093100,peripheral,0.4,10,0.5463,"Низкая активность в выборке: 1 вход. / 1 исход., 555,000 KZT суммарно, pass_through=0.11 — выраженных признаков роли не выявлено.",1,1,500000.0,55000.0,2,3,0.0003909707696326593,1.2092493060924398e-06,0.11,2,False,False,False,,1,False,False
100000005053653100,peripheral,0.45,14,0.4411,"Низкая активность в выборке: 2 вход. / 1 исход., 88,073 KZT суммарно, pass_through=0.40 — выраженных признаков роли не выявлено.",2,1,63073.0,25000.0,2,1,0.00031499740324346945,1.9549530448494444e-05,0.3963661154535221,2,False,False,False,,1,False,False
100000001557930100,terminal,0.72,10,0.3371,"Нет исходящих переводов на 2-м колене (обход не был искусственно прерван, глубина < 4) — получил 34,610 KZT от 1 плательщиков и удержал их.",1,0,34610.0,0.0,1,0,0.0002934362552844041,0.0,0.0,2,False,False,False,,1,False,False
100000002820010100,terminal,0.72,10,0.3246,"Нет исходящих переводов на 2-м колене (обход не был искусственно прерван, глубина < 4) — получил 30,000 KZT от 1 плательщиков и удержал их.",1,0,30000.0,0.0,1,0,0.00029255882288773506,0.0,0.0,2,False,False,False,,1,False,False
100000000769919100,terminal,0.72,60,0.5898,"Нет исходящих переводов на 2-м колене (обход не был искусственно прерван, глубина < 4) — получил 250,000 KZT от 1 плательщиков и удержал их.",1,0,250000.0,0.0,1,0,0.0007385917129711809,0.0,0.0,2,False,False,False,,1,False,False
100000003188607100,peripheral,0.4,9,0.372,"Низкая активность в выборке: 1 вход. / 1 исход., 23,000 KZT суммарно, pass_through=0.28 — выраженных признаков роли не выявлено.",1,1,18000.0,5000.0,1,1,0.00031615992625395645,6.046246530462199e-07,0.2777777777777778,2,False,False,False,,1,False,False
100000002836052100,terminal,0.72,2,0.3477,"Нет исходящих переводов на 2-м колене (обход не был искусственно прерван, глубина < 4) — получил 15,000 KZT от 1 плательщиков и удержал их.",1,0,15000.0,0.0,1,0,0.00030702799179248394,0.0,0.0,2,False,False,False,,1,False,False
100000001102676100,transit,0.9,7,0.5599,"Пропускает средства не удерживая: получил 50,000 KZT, отдал 50,000 KZT (1.00x) от 1 плательщиков 1 получателям, медианная задержка 0 дн..",1,1,50000.0,50000.0,1,1,0.0003144267344263659,2.43865276728642e-05,1.0,2,False,False,False,0.0,1,True,False
100000003390036100,peripheral,0.5,11,0.6205,"Низкая активность в выборке: 2 вход. / 2 исход., 293,300 KZT суммарно, pass_through=0.27 — выраженных признаков роли не выявлено.",2,2,231300.0,62000.0,4,2,0.0013293331293250184,7.960891265108562e-05,0.2680501513186338,2,False,False,True,0.0,1,True,False
100000008335401100,terminal,0.72,8,0.5522,"Нет исходящих переводов на 2-м колене (обход не был искусственно прерван, глубина < 4) — получил 150,000 KZT от 1 плательщиков и удержал их.",1,0,150000.0,0.0,3,0,0.0005536444343072919,0.0,0.0,2,False,False,False,,1,False,False
100000006994985100,peripheral,0.4,10,0.498,"Низкая активность в выборке: 1 вход. / 1 исход., 58,700 KZT суммарно, pass_through=0.21 — выраженных признаков роли не выявлено.",1,1,48500.0,10200.0,2,2,0.0005035182505388559,1.9952613550525257e-05,0.21030927835051547,2,False,False,False,1.0,1,True,False
100000008356606100,terminal,0.74,14,0.569,"Нет исходящих переводов на 2-м колене (обход не был искусственно прерван, глубина < 4) — получил 168,500 KZT от 2 плательщиков и удержал их.",2,0,168500.0,0.0,2,0,0.0006295168076387285,0.0,0.0,2,False,False,False,,1,False,False
100000007930878100,terminal,0.72,43,0.4043,"Нет исходящих переводов на 2-м колене (обход не был искусственно прерван, глубина < 4) — получил 5,000 KZT от 1 плательщиков и удержал их.",1,0,5000.0,0.0,1,0,0.00048566826131267427,0.0,0.0,2,False,False,False,,1,False,False
100000008389800100,peripheral,0.5,4,0.5991,"Низкая активность в выборке: 3 вход. / 7 исход., 590,620 KZT суммарно, pass_through=2.12 — выраженных признаков роли не выявлено.",3,7,189000.0,401620.0,3,8,0.000507290710970135,0.00016203940701638693,2.124973544973545,2,False,False,True,1.0,1,True,False
100000005474472100,terminal,0.72,24,0.5354,"Нет исходящих переводов на 2-м колене (обход не был искусственно прерван, глубина < 4) — получил 100,000 KZT от 1 плательщиков и удержал их.",1,0,100000.0,0.0,1,0,0.0005473363131713985,0.0,0.0,2,False,False,False,,1,False,False
100000004486525100,consolidator,0.35,0,0.8751,"Получает от 8 разных плательщиков (360,924 KZT), уходит дальше 75% — точка накопления средств.",8,2,360924.0,271045.0,21,3,0.0008092867088737128,4.836997224369759e-06,0.7509752745730403,2,False,False,False,2.0,5,True,True
100000003031890100,terminal,0.72,25,0.5278,"Нет исходящих переводов на 2-м колене (обход не был искусственно прерван, глубина < 4) — получил 215,000 KZT от 1 плательщиков и удержал их.",1,0,215000.0,0.0,10,0,0.00039383644638884126,0.0,0.0,2,False,False,False,,1,False,False
100000008624978100,terminal,0.72,2,0.479,"Нет исходящих переводов на 2-м колене (обход не был искусственно прерван, глубина < 4) — получил 109,000 KZT от 1 плательщиков и удержал их.",1,0,109000.0,0.0,1,0,0.0003395339554248348,0.0,0.0,2,False,False,False,,1,False,False
100000000790311100,terminal,0.72,15,0.3866,"Нет исходящих переводов на 2-м колене (обход не был искусственно прерван, глубина < 4) — получил 46,300 KZT от 1 плательщиков и удержал их.",1,0,46300.0,0.0,1,0,0.00030163839286252155,0.0,0.0,2,False,False,False,,1,False,False
100000008546855100,peripheral,0.5,19,0.57,"Низкая активность в выборке: 6 вход. / 2 исход., 81,790 KZT суммарно, pass_through=0.14 — выраженных признаков роли не выявлено.",6,2,71790.0,10000.0,8,2,0.0014320740761942126,5.985784065157577e-05,0.1392951664577239,2,False,False,True,0.0,5,True,True
100000002863356100,peripheral,0.4,1,0.3956,"Низкая активность в выборке: 1 вход. / 1 исход., 65,000 KZT суммарно, pass_through=0.44 — выраженных признаков роли не выявлено.",1,1,45000.0,20000.0,1,1,0.00030219481286078475,1.4107908571078464e-06,0.4444444444444444,2,False,False,False,,1,False,False
100000000332284100,consolidator,0.43,3,0.881,"Получает от 10 разных плательщиков (107,426 KZT), уходит дальше 269% — точка накопления средств.",10,3,107426.0,289500.0,12,3,0.0007202107423552581,0.0001110070323494966,2.69487833485376,2,False,False,False,4.0,3,False,True
100000002605308100,terminal,0.76,13,0.6414,"Нет исходящих переводов на 2-м колене (обход не был искусственно прерван, глубина < 4) — получил 2,569,522 KZT от 3 плательщиков и удержал их.",3,0,2569521.84,0.0,7,0,0.000889148934003877,0.0,0.0,2,False,False,False,,1,False,False
100000005931985100,terminal,0.72,12,0.4368,"Нет исходящих переводов на 2-м колене (обход не был искусственно прерван, глубина < 4) — получил 76,000 KZT от 1 плательщиков и удержал их.",1,0,76000.0,0.0,1,0,0.0003142927971074446,0.0,0.0,2,False,False,False,,1,False,False
100000001166289100,peripheral,0.45,1,0.567,"Низкая активность в выборке: 2 вход. / 1 исход., 746,039 KZT суммарно, pass_through=0.03 — выраженных признаков роли не выявлено.",2,1,721039.0,25000.0,10,1,0.0020451081794251777,0.0,0.0346721883282319,2,False,False,True,9.0,1,False,False
100000008477350100,coordinator,0.88,0,0.985,"Одновременно принимает от 11 плательщиков (610,100 KZT) и рассылает 39 получателям (3,374,866 KZT) — двусторонний хаб, кандидат в организаторы.",11,39,610100.0,3374866.0,14,44,0.0010386088331617244,0.0025603192438946824,5.531660383543682,2,False,False,True,0.0,2,True,False
100000003824464100,terminal,0.72,23,0.491,"Нет исходящих переводов на 2-м колене (обход не был искусственно прерван, глубина < 4) — получил 200,000 KZT от 1 плательщиков и удержал их.",1,0,200000.0,0.0,1,0,0.00032468634510831316,0.0,0.0,2,False,False,False,,1,False,False
100000002738256100,transit,0.57,47,0.5984,"Пропускает средства не удерживая: получил 150,200 KZT, отдал 175,000 KZT (1.17x) от 1 плательщиков 1 получателям, медианная задержка 1 дн..",1,1,150200.0,175000.0,1,1,0.0005102377719203939,0.0,1.1651131824234353,2,False,False,True,1.0,1,True,False
100000001857829100,distributor,0.42,2,0.8805,"Рассылает 16 получателям (2,390,993 KZT), получая лишь от 6 плательщиков — веерное распределение средств вниз по цепочке.",6,16,888535.0,2390993.0,9,16,0.0006231476278116462,0.0019931717062415936,2.690938454872346,2,False,False,True,0.0,3,True,True
100000008672762100,terminal,0.72,1,0.2756,"Нет исходящих переводов на 2-м колене (обход не был искусственно прерван, глубина < 4) — получил 13,000 KZT от 1 плательщиков и удержал их.",1,0,13000.0,0.0,1,0,0.00029128212863988067,0.0,0.0,2,False,False,False,,1,False,False
100000001737722100,terminal,0.72,7,0.4392,"Нет исходящих переводов на 2-м колене (обход не был искусственно прерван, глубина < 4) — получил 60,460 KZT от 1 плательщиков и удержал их.",1,0,60460.0,0.0,1,0,0.00032019602770712264,0.0,0.0,2,False,False,False,,1,False,False
100000005572303100,peripheral,0.4,4,0.4548,"Низкая активность в выборке: 1 вход. / 1 исход., 95,000 KZT суммарно, pass_through=0.27 — выраженных признаков роли не выявлено.",1,1,75000.0,20000.0,1,1,0.00031467414913640464,3.909906089698889e-05,0.26666666666666666,2,False,False,False,,1,False,False
100000008733049100,terminal,0.72,15,0.255,"Нет исходящих переводов на 2-м колене (обход не был искусственно прерван, глубина < 4) — получил 10,000 KZT от 1 плательщиков и удержал их.",1,0,10000.0,0.0,1,0,0.00029004313624476756,0.0,0.0,2,False,False,False,,1,False,False
100000000850297100,transit,0.9,8,0.3844,"Пропускает средства не удерживая: получил 17,520 KZT, отдал 17,520 KZT (1.00x) от 1 плательщиков 1 получателям, медианная задержка 0 дн..",1,1,17520.0,17520.0,1,1,0.00029523091616549607,0.0,1.0,2,False,False,True,0.0,1,True,False
100000005140601100,peripheral,0.5,2,0.6089,"Низкая активность в выборке: 3 вход. / 2 исход., 247,985 KZT суммарно, pass_through=3.71 — выраженных признаков роли не выявлено.",3,2,52685.0,195300.0,4,5,0.0027224677339201656,1.9952613550525257e-05,3.706937458479643,2,False,False,True,1.0,2,True,False
100000004410489100,terminal,0.72,0,0.4278,"Нет исходящих переводов на 2-м колене (обход не был искусственно прерван, глубина < 4) — получил 54,000 KZT от 1 плательщиков и удержал их.",1,0,54000.0,0.0,1,0,0.00031562085779525466,0.0,0.0,2,False,False,False,,1,False,False
100000006852430100,terminal,0.72,11,0.4863,"Нет исходящих переводов на 2-м колене (обход не был искусственно прерван, глубина < 4) — получил 37,000 KZT от 1 плательщиков и удержал их.",1,0,37000.0,0.0,1,0,0.0005385501553326393,0.0,0.0,2,False,False,False,,1,False,False
100000003166755100,terminal,0.72,7,0.2968,"Нет исходящих переводов на 2-м колене (обход не был искусственно прерван, глубина < 4) — получил 24,010 KZT от 1 плательщиков и удержал их.",1,0,24010.0,0.0,1,0,0.00029064997378726564,0.0,0.0,2,False,False,False,,1,False,False
100000008258083100,peripheral,0.5,28,0.6609,"Низкая активность в выборке: 2 вход. / 2 исход., 5,195,150 KZT суммарно, pass_through=0.65 — выраженных признаков роли не выявлено.",2,2,3149500.0,2045650.0,13,6,0.001054431705348694,7.90042879980394e-05,0.6495157961581204,2,False,False,True,1.0,1,True,False
100000003054328100,peripheral,0.45,12,0.5047,"Низкая активность в выборке: 1 вход. / 2 исход., 333,720 KZT суммарно, pass_through=1.38 — выраженных признаков роли не выявлено.",1,2,140000.0,193720.0,1,2,0.000337403488839913,8.061662040616265e-07,1.3837142857142857,2,False,False,False,0.0,1,True,False
100000008473207100,terminal,0.72,2,0.5673,"Нет исходящих переводов на 2-м колене (обход не был искусственно прерван, глубина < 4) — получил 202,000 KZT от 1 плательщиков и удержал их.",1,0,202000.0,0.0,4,0,0.0005585946177220589,0.0,0.0,2,False,False,False,,1,False,False
100000008104567100,peripheral,0.5,8,0.552,"Низкая активность в выборке: 3 вход. / 3 исход., 93,550 KZT суммарно, pass_through=0.75 — выраженных признаков роли не выявлено.",3,3,53550.0,40000.0,3,4,0.0005404037708096601,0.0020607287688740312,0.7469654528478058,2,False,False,True,3.0,1,False,False
100000002721825100,terminal,0.72,0,0.4311,"Нет исходящих переводов на 2-м колене (обход не был искусственно прерван, глубина < 4) — получил 11,000 KZT от 1 плательщиков и удержал их.",1,0,11000.0,0.0,1,0,0.0005337416422068964,0.0,0.0,2,False,False,False,,1,False,False
100000003509750100,transit,0.81,10,0.684,"Пропускает средства не удерживая: получил 82,290 KZT, отдал 78,400 KZT (0.95x) от 3 плательщиков 3 получателям, медианная задержка 2 дн..",3,3,82290.0,78400.0,4,5,0.0016926685491983375,2.0154155101540663e-06,0.9527281565196257,2,False,False,True,2.5,1,False,False
100000007322059100,peripheral,0.45,31,0.5338,"Низкая активность в выборке: 2 вход. / 1 исход., 51,500 KZT суммарно, pass_through=0.78 — выраженных признаков роли не выявлено.",2,1,29000.0,22500.0,2,2,0.0006829348691683643,4.071139330511214e-05,0.7758620689655172,2,False,False,True,2.5,1,False,False
100000004441291100,terminal,0.72,7,0.4625,"Нет исходящих переводов на 2-м колене (обход не был искусственно прерван, глубина < 4) — получил 20,000 KZT от 1 плательщиков и удержал их.",1,0,20000.0,0.0,1,0,0.0005512351398546671,0.0,0.0,2,False,False,False,,1,False,False
100000006122699100,terminal,0.74,17,0.4677,"Нет исходящих переводов на 2-м колене (обход не был искусственно прерван, глубина < 4) — получил 45,865 KZT от 2 плательщиков и удержал их.",2,0,45865.0,0.0,2,0,0.00040648693382533895,0.0,0.0,2,False,False,False,,2,False,False
100000008254069100,peripheral,0.5,21,0.4993,"Низкая активность в выборке: 1 вход. / 5 исход., 117,700 KZT суммарно, pass_through=10.54 — выраженных признаков роли не выявлено.",1,5,10200.0,107500.0,2,6,0.0003440074767659772,9.511417597587089e-05,10.53921568627451,2,False,False,True,0.0,1,True,False
100000003336565100,terminal,0.72,1,0.2951,"Нет исходящих переводов на 2-м колене (обход не был искусственно прерван, глубина < 4) — получил 16,550 KZT от 1 плательщиков и удержал их.",1,0,16550.0,0.0,1,0,0.0002924927545456372,0.0,0.0,2,False,False,False,,1,False,False
100000002492277100,terminal,0.72,7,0.4501,"Нет исходящих переводов на 2-м колене (обход не был искусственно прерван, глубина < 4) — получил 138,500 KZT от 1 плательщиков и удержал их.",1,0,138500.0,0.0,1,0,0.0003087753625880756,0.0,0.0,2,False,False,False,,1,False,False
100000001339466100,terminal,0.72,0,0.3789,"Нет исходящих переводов на 2-м колене (обход не был искусственно прерван, глубина < 4) — получил 30,000 KZT от 1 плательщиков и удержал их.",1,0,30000.0,0.0,1,0,0.0003052558285683319,0.0,0.0,2,False,False,False,,1,False,False
100000005022964100,terminal,0.72,7,0.3931,"Нет исходящих переводов на 2-м колене (обход не был искусственно прерван, глубина < 4) — получил 20,000 KZT от 1 плательщиков и удержал их.",1,0,20000.0,0.0,1,0,0.00032882149919400105,0.0,0.0,2,False,False,False,,1,False,False
100000003112436100,terminal,0.72,4,0.428,"Нет исходящих переводов на 2-м колене (обход не был искусственно прерван, глубина < 4) — получил 100,000 KZT от 1 плательщиков и удержал их.",1,0,100000.0,0.0,1,0,0.000303482769797766,0.0,0.0,2,False,False,False,,1,False,False
100000000489417100,transit,0.72,0,0.653,"Пропускает средства не удерживая: получил 73,504 KZT, отдал 80,000 KZT (1.09x) от 3 плательщиков 1 получателям, медианная задержка 0 дн..",3,1,73504.0,80000.0,3,1,0.0005541705311196952,1.4286112009987653e-05,1.0883761427949499,2,False,False,False,0.0,2,True,False
100000002217161100,peripheral,0.5,32,0.6528,"Низкая активность в выборке: 2 вход. / 7 исход., 1,399,882 KZT суммарно, pass_through=2.46 — выраженных признаков роли не выявлено.",2,7,404750.0,995132.0,15,19,0.0008950795792368226,0.0001578070344450634,2.4586337245213095,2,False,False,True,1.0,1,True,False
100000002469065100,terminal,0.72,4,0.4853,"Нет исходящих переводов на 2-м колене (обход не был искусственно прерван, глубина < 4) — получил 200,000 KZT от 1 плательщиков и удержал их.",1,0,200000.0,0.0,1,0,0.00032011668892039367,0.0,0.0,2,False,False,False,,1,False,False
100000007337374100,terminal,0.72,1,0.3115,"Нет исходящих переводов на 2-м колене (обход не был искусственно прерван, глубина < 4) — получил 20,000 KZT от 1 плательщиков и удержал их.",1,0,20000.0,0.0,2,0,0.0002936692783132034,0.0,0.0,2,False,False,False,,1,False,False
100000003249054100,peripheral,0.5,0,0.523,"Низкая активность в выборке: 7 вход. / 1 исход., 114,700 KZT суммарно, pass_through=0.15 — выраженных признаков роли не выявлено.",7,1,99700.0,15000.0,11,1,0.00043335777474713975,4.030831020308133e-05,0.15045135406218657,2,False,False,False,7.0,2,False,False
100000003024542100,terminal,0.72,7,0.3535,"Нет исходящих переводов на 2-м колене (обход не был искусственно прерван, глубина < 4) — получил 8,500 KZT от 1 плательщиков и удержал их.",1,0,8500.0,0.0,1,0,0.0003193616373288561,0.0,0.0,2,False,False,False,,1,False,False
100000002718366100,terminal,0.82,5,0.6325,"Нет исходящих переводов на 2-м колене (обход не был искусственно прерван, глубина < 4) — получил 2,525,000 KZT от 6 плательщиков и удержал их.",6,0,2525000.0,0.0,10,0,0.0006841578453752235,0.0,0.0,2,False,False,False,,3,False,True
100000005059998100,terminal,0.72,0,0.3265,"Нет исходящих переводов на 2-м колене (обход не был искусственно прерван, глубина < 4) — получил 18,000 KZT от 1 плательщиков и удержал их.",1,0,18000.0,0.0,1,0,0.00029724095996010055,0.0,0.0,2,False,False,False,,1,False,False
100000004071070100,peripheral,0.45,0,0.4619,"Низкая активность в выборке: 2 вход. / 1 исход., 47,000 KZT суммарно, pass_through=0.15 — выраженных признаков роли не выявлено.",2,1,41000.0,6000.0,5,1,0.0011947359230789773,0.0,0.14634146341463414,2,False,False,True,7.5,1,False,False
100000001584286100,terminal,0.74,12,0.5326,"Нет исходящих переводов на 2-м колене (обход не был искусственно прерван, глубина < 4) — получил 738,699 KZT от 2 плательщиков и удержал их.",2,0,738699.0,0.0,3,0,0.0003299418914084697,0.0,0.0,2,False,False,False,,1,False,False
100000008701256100,terminal,0.72,0,0.4105,"Нет исходящих переводов на 2-м колене (обход не был искусственно прерван, глубина < 4) — получил 58,250 KZT от 1 плательщиков и удержал их.",1,0,58250.0,0.0,1,0,0.0003050991958415399,0.0,0.0,2,False,False,False,,1,False,False
100000001490461100,peripheral,0.4,8,0.403,"Низкая активность в выборке: 1 вход. / 1 исход., 25,000 KZT суммарно, pass_through=0.25 — выраженных признаков роли не выявлено.",1,1,20000.0,5000.0,1,1,0.0003224215951594255,2.2371112162710136e-05,0.25,2,False,False,False,12.0,1,False,False
100000008531186100,terminal,0.72,0,0.497,"Нет исходящих переводов на 2-м колене (обход не был искусственно прерван, глубина < 4) — получил 125,000 KZT от 1 плательщиков и удержал их.",1,0,125000.0,0.0,1,0,0.0003635445918967781,0.0,0.0,2,False,False,False,,1,False,False
100000004765639100,peripheral,0.45,0,0.3342,"Низкая активность в выборке: 1 вход. / 2 исход., 16,000 KZT суммарно, pass_through=2.20 — выраженных признаков роли не выявлено.",1,2,5000.0,11000.0,1,2,0.00036341982857224947,0.0,2.2,2,False,False,True,0.0,1,True,False
100000002983879100,terminal,0.74,0,0.5133,"Нет исходящих переводов на 2-м колене (обход не был искусственно прерван, глубина < 4) — получил 200,050 KZT от 2 плательщиков и удержал их.",2,0,200050.0,0.0,2,0,0.0003596532513469963,0.0,0.0,2,False,False,False,,1,False,False
100000008734364100,terminal,0.72,1,0.3385,"Нет исходящих переводов на 2-м колене (обход не был искусственно прерван, глубина < 4) — получил 26,200 KZT от 1 плательщиков и удержал их.",1,0,26200.0,0.0,1,0,0.0002957836108810036,0.0,0.0,2,False,False,False,,1,False,False
100000003192220100,terminal,0.72,4,0.4996,"Нет исходящих переводов на 2-м колене (обход не был искусственно прерван, глубина < 4) — получил 60,000 KZT от 1 плательщиков и удержал их.",1,0,60000.0,0.0,2,0,0.0005055687274859196,0.0,0.0,2,False,False,False,,1,False,False
100000008060273100,terminal,0.72,2,0.316,"Нет исходящих переводов на 2-м колене (обход не был искусственно прерван, глубина < 4) — получил 10,000 KZT от 1 плательщиков и удержал их.",1,0,10000.0,0.0,2,0,0.0003003016114200354,0.0,0.0,2,False,False,False,,1,False,False
100000008205937100,terminal,0.72,14,0.4239,"Нет исходящих переводов на 2-м колене (обход не был искусственно прерван, глубина < 4) — получил 35,000 KZT от 1 плательщиков и удержал их.",1,0,35000.0,0.0,3,0,0.0003331058626868636,0.0,0.0,2,False,False,False,,1,False,False
100000005507142100,peripheral,0.5,34,0.5488,"Низкая активность в выборке: 3 вход. / 3 исход., 151,000 KZT суммарно, pass_through=1.96 — выраженных признаков роли не выявлено.",3,3,51000.0,100000.0,3,4,0.0005613773840909432,4.635455673354352e-06,1.9607843137254901,2,False,False,True,11.5,1,False,False
100000005539910100,peripheral,0.45,7,0.5375,"Низкая активность в выборке: 1 вход. / 2 исход., 124,000 KZT суммарно, pass_through=0.22 — выраженных признаков роли не выявлено.",1,2,102000.0,22000.0,1,2,0.0005009093581213382,4.87730553457284e-05,0.21568627450980393,2,False,False,False,4.0,1,False,False
100000002459163100,terminal,0.72,53,0.4157,"Нет исходящих переводов на 2-м колене (обход не был искусственно прерван, глубина < 4) — получил 20,180 KZT от 1 плательщиков и удержал их.",1,0,20180.0,0.0,1,0,0.0003630686982046429,0.0,0.0,2,False,False,False,,1,False,False
100000004666651100,terminal,0.72,58,0.5638,"Нет исходящих переводов на 2-м колене (обход не был искусственно прерван, глубина < 4) — получил 429,250 KZT от 1 плательщиков и удержал их.",1,0,429250.0,0.0,1,0,0.0004595487674556441,0.0,0.0,2,False,False,False,,1,False,False
100000003927792100,terminal,0.72,15,0.2737,"Нет исходящих переводов на 2-м колене (обход не был искусственно прерван, глубина < 4) — получил 13,067 KZT от 1 плательщиков и удержал их.",1,0,13067.0,0.0,1,0,0.00029102282362897285,0.0,0.0,2,False,False,False,,1,False,False
100000000607941100,peripheral,0.45,4,0.562,"Низкая активность в выборке: 2 вход. / 1 исход., 120,000 KZT суммарно, pass_through=1.40 — выраженных признаков роли не выявлено.",2,1,50000.0,70000.0,3,4,0.0005809708535676367,5.864859134548333e-05,1.4,2,False,False,True,0.0,1,True,False
100000004158362100,terminal,0.72,0,0.2852,"Нет исходящих переводов на 2-м колене (обход не был искусственно прерван, глубина < 4) — получил 12,000 KZT от 1 плательщиков и удержал их.",1,0,12000.0,0.0,1,0,0.00029268634096807334,0.0,0.0,2,False,False,False,,1,False,False
100000005664922100,peripheral,0.5,24,0.6097,"Низкая активность в выборке: 2 вход. / 3 исход., 559,000 KZT суммарно, pass_through=24.41 — выраженных признаков роли не выявлено.",2,3,22000.0,537000.0,2,4,0.000809451649809636,4.030831020308133e-06,24.40909090909091,2,False,False,True,,1,False,False
100000007594394100,peripheral,0.5,0,0.5915,"Низкая активность в выборке: 6 вход. / 1 исход., 3,771,697 KZT суммарно, pass_through=8.54 — выраженных признаков роли не выявлено.",6,1,395385.0,3376312.0,6,40,0.00040735504047843195,3.681967445430835e-05,8.539302199122375,2,False,False,True,0.0,2,True,False
100000000979567100,terminal,0.72,1,0.4259,"Нет исходящих переводов на 2-м колене (обход не был искусственно прерван, глубина < 4) — получил 10,000 KZT от 1 плательщиков и удержал их.",1,0,10000.0,0.0,1,0,0.0005330555533176562,0.0,0.0,2,False,False,False,,1,False,False
100000002831727100,peripheral,0.4,19,0.361,"Низкая активность в выборке: 1 вход. / 1 исход., 83,000 KZT суммарно, pass_through=12.83 — выраженных признаков роли не выявлено.",1,1,6000.0,77000.0,1,3,0.0002920478260255396,1.9549530448494444e-05,12.833333333333334,2,False,False,False,2.0,1,True,False
100000003062895100,terminal,0.74,5,0.5464,"Нет исходящих переводов на 2-м колене (обход не был искусственно прерван, глубина < 4) — получил 328,444 KZT от 2 плательщиков и удержал их.",2,0,328444.0,0.0,2,0,0.0004094487863860898,0.0,0.0,2,False,False,False,,1,False,False
100000008376089100,terminal,0.72,28,0.4388,"Нет исходящих переводов на 2-м колене (обход не был искусственно прерван, глубина < 4) — получил 135,000 KZT от 1 плательщиков и удержал их.",1,0,135000.0,0.0,1,0,0.00030378388739894335,0.0,0.0,2,False,False,False,,1,False,False
100000003219438100,terminal,0.72,20,0.4615,"Нет исходящих переводов на 2-м колене (обход не был искусственно прерван, глубина < 4) — получил 32,000 KZT от 1 плательщиков и удержал их.",1,0,32000.0,0.0,1,0,0.0004490677321067023,0.0,0.0,2,False,False,False,,1,False,False
100000000967918100,terminal,0.72,0,0.4455,"Нет исходящих переводов на 2-м колене (обход не был искусственно прерван, глубина < 4) — получил 21,200 KZT от 1 плательщиков и удержал их.",1,0,21200.0,0.0,3,0,0.0004813696736407533,0.0,0.0,2,False,False,False,,1,False,False
100000003254723100,terminal,0.72,7,0.5615,"Нет исходящих переводов на 2-м колене (обход не был искусственно прерван, глубина < 4) — получил 269,850 KZT от 1 плательщиков и удержал их.",1,0,269850.0,0.0,6,0,0.0005323522975929804,0.0,0.0,2,False,False,False,,1,False,False
100000003823811100,peripheral,0.5,13,0.4999,"Низкая активность в выборке: 1 вход. / 3 исход., 96,130 KZT суммарно, pass_through=2.20 — выраженных признаков роли не выявлено.",1,3,30000.0,66130.0,1,3,0.0003585326715909026,0.00012665676244063437,2.2043333333333335,2,False,False,False,,1,False,False
100000008587459100,peripheral,0.5,0,0.4847,"Низкая активность в выборке: 2 вход. / 2 исход., 868,007 KZT суммарно, pass_through=3.78 — выраженных признаков роли не выявлено.",2,2,181507.0,686500.0,2,4,0.0003021002483098455,1.802823995168464e-05,3.782223275135394,2,False,False,True,,1,False,False
100000008603331100,peripheral,0.5,5,0.5628,"Низкая активность в выборке: 2 вход. / 6 исход., 781,274 KZT суммарно, pass_through=18.78 — выраженных признаков роли не выявлено.",2,6,39500.0,741774.0,3,6,0.0003457640344523482,0.0001991230524032218,18.779088607594936,2,False,False,True,0.0,1,True,False
100000008758168100,peripheral,0.5,18,0.5447,"Низкая активность в выборке: 2 вход. / 5 исход., 1,609,010 KZT суммарно, pass_through=20.34 — выраженных признаков роли не выявлено.",2,5,75410.0,1533600.0,2,5,0.00031978594648258453,5.697975788827636e-05,20.33682535472749,2,False,False,False,1.5,1,True,False
100000003724440100,terminal,0.74,0,0.4106,"Нет исходящих переводов на 2-м колене (обход не был искусственно прерван, глубина < 4) — получил 50,000 KZT от 2 плательщиков и удержал их.",2,0,50000.0,0.0,2,0,0.0003094615487046268,0.0,0.0,2,False,False,False,,1,False,False
100000000291906100,transit,0.55,50,0.7421,"Пропускает средства не удерживая: получил 388,000 KZT, отдал 455,854 KZT (1.17x) от 2 плательщиков 2 получателям, медианная задержка 0 дн..",2,2,388000.0,455854.0,3,6,0.0007661900611786528,7.940737110007021e-05,1.1748814432989692,2,False,False,True,0.0,1,True,False
100000005077484100,peripheral,0.45,29,0.5384,"Низкая активность в выборке: 1 вход. / 2 исход., 163,550 KZT суммарно, pass_through=0.09 — выраженных признаков роли не выявлено.",1,2,150000.0,13550.0,1,2,0.0005419664720516559,4.0308310203081327e-07,0.09033333333333333,2,False,False,True,0.0,1,True,False
100000004192107100,terminal,0.72,7,0.3538,"Нет исходящих переводов на 2-м колене (обход не был искусственно прерван, глубина < 4) — получил 25,000 KZT от 1 плательщиков и удержал их.",1,0,25000.0,0.0,1,0,0.0003006377925507521,0.0,0.0,2,False,False,False,,1,False,False
100000002193259100,peripheral,0.5,2,0.5766,"Низкая активность в выборке: 2 вход. / 3 исход., 106,000 KZT суммарно, pass_through=1.21 — выраженных признаков роли не выявлено.",2,3,48000.0,58000.0,2,3,0.0008946523204913115,6.550100408000716e-05,1.2083333333333333,2,False,False,True,3.0,1,False,False
100000005481280100,peripheral,0.5,15,0.4052,"Низкая активность в выборке: 1 вход. / 3 исход., 82,700 KZT суммарно, pass_through=1.53 — выраженных признаков роли не выявлено.",1,3,32700.0,50000.0,1,3,0.00029729416448782584,4.440813044662165e-05,1.529051987767584,2,False,False,False,1.0,1,True,False
100000004527381100,peripheral,0.4,15,0.5625,"Низкая активность в выборке: 1 вход. / 1 исход., 393,199 KZT суммарно, pass_through=2.29 — выраженных признаков роли не выявлено.",1,1,119333.17,273866.11,1,1,0.00037716242361583973,0.0003269003957469895,2.2949705433954364,2,False,False,True,0.0,1,True,False
100000001578517100,terminal,0.72,4,0.319,"Нет исходящих переводов на 2-м колене (обход не был искусственно прерван, глубина < 4) — получил 30,000 KZT от 1 плательщиков и удержал их.",1,0,30000.0,0.0,1,0,0.00029183902641192664,0.0,0.0,2,False,False,False,,1,False,False
100000003741418100,consolidator,0.39,3,0.8464,"Получает от 9 разных плательщиков (151,900 KZT), уходит дальше 26% — точка накопления средств.",9,3,151900.0,39920.0,13,3,0.0006352433648149033,5.3658664716452956e-05,0.2628044766293614,2,False,False,True,,2,False,False
100000008737514100,terminal,0.72,15,0.4407,"Нет исходящих переводов на 2-м колене (обход не был искусственно прерван, глубина < 4) — получил 85,000 KZT от 1 плательщиков и удержал их.",1,0,85000.0,0.0,1,0,0.0003140002780169866,0.0,0.0,2,False,False,False,,1,False,False
100000002870463100,peripheral,0.5,10,0.6007,"Низкая активность в выборке: 3 вход. / 1 исход., 217,000 KZT суммарно, pass_through=0.05 — выраженных признаков роли не выявлено.",3,1,207000.0,10000.0,4,1,0.001955294276139281,1.975107199950985e-05,0.04830917874396135,2,False,False,True,7.0,1,False,False
100000008545727100,peripheral,0.5,8,0.5707,"Низкая активность в выборке: 1 вход. / 6 исход., 1,896,500 KZT суммарно, pass_through=62.22 — выраженных признаков роли не выявлено.",1,6,30000.0,1866500.0,1,7,0.0003402079674015691,0.0001365012133377204,62.21666666666667,2,False,False,True,0.0,1,True,False
100000000425407100,terminal,0.72,0,0.3598,"Нет исходящих переводов на 2-м колене (обход не был искусственно прерван, глубина < 4) — получил 20,000 KZT от 1 плательщиков и удержал их.",1,0,20000.0,0.0,1,0,0.00030645698099074175,0.0,0.0,2,False,False,False,,1,False,False
100000001418900100,terminal,0.72,1,0.3762,"Нет исходящих переводов на 2-м колене (обход не был искусственно прерван, глубина < 4) — получил 40,140 KZT от 1 плательщиков и удержал их.",1,0,40140.0,0.0,2,0,0.00030053744894473493,0.0,0.0,2,False,False,False,,1,False,False
100000001677929100,peripheral,0.5,9,0.615,"Низкая активность в выборке: 3 вход. / 2 исход., 412,875 KZT суммарно, pass_through=2.26 — выраженных признаков роли не выявлено.",3,2,126777.0,286098.0,3,4,0.003343108628672498,1.2092493060924398e-06,2.2567027142147236,2,False,False,True,1.5,1,True,False
100000002539625100,terminal,0.72,5,0.4766,"Нет исходящих переводов на 2-м колене (обход не был искусственно прерван, глубина < 4) — получил 94,700 KZT от 1 плательщиков и удержал их.",1,0,94700.0,0.0,1,0,0.0003465523912473408,0.0,0.0,2,False,False,False,,1,False,False
100000001965374100,peripheral,0.5,24,0.6406,"Низкая активность в выборке: 2 вход. / 3 исход., 4,841,820 KZT суммарно, pass_through=1.75 — выраженных признаков роли не выявлено.",2,3,1759720.0,3082100.0,8,5,0.001286859255493813,1.612332408123253e-06,1.7514718250630783,2,False,False,True,2.0,2,True,False
100000001287955100,peripheral,0.5,12,0.46,"Низкая активность в выборке: 1 вход. / 4 исход., 327,520 KZT суммарно, pass_through=17.69 — выраженных признаков роли не выявлено.",1,4,17520.0,310000.0,1,5,0.00029523091616549607,0.0006919593251528961,17.69406392694064,2,False,False,False,1.0,1,True,False
100000005402643100,peripheral,0.4,9,0.4273,"Низкая активность в выборке: 1 вход. / 1 исход., 217,800 KZT суммарно, pass_through=0.70 — выраженных признаков роли не выявлено.",1,1,127800.0,90000.0,1,1,0.0002989257603544092,4.0308310203081327e-07,0.704225352112676,2,False,False,False,,1,False,False
100000008752616100,peripheral,0.5,5,0.54,"Низкая активность в выборке: 2 вход. / 7 исход., 1,329,510 KZT суммарно, pass_through=19.61 — выраженных признаков роли не выявлено.",2,7,64510.0,1265000.0,2,7,0.00031445686786814097,0.00014113708587163706,19.6093628894745,2,False,False,False,2.5,1,False,False
100000000733373100,terminal,0.72,15,0.3392,"Нет исходящих переводов на 2-м колене (обход не был искусственно прерван, глубина < 4) — получил 10,710 KZT от 1 плательщиков и удержал их.",1,0,10710.0,0.0,1,0,0.0003071473108163017,0.0,0.0,2,False,False,False,,1,False,False
100000008531133100,peripheral,0.5,4,0.5556,"Низкая активность в выборке: 1 вход. / 3 исход., 183,272 KZT суммарно, pass_through=6.33 — выраженных признаков роли не выявлено.",1,3,25000.0,158271.68,1,3,0.0005350843638155049,2.3748312761315416e-05,6.3308672,2,False,False,False,0.0,1,True,False
100000005933757100,distributor,0.75,13,0.8982,"Рассылает 34 получателям (3,002,628 KZT), получая лишь от 4 плательщиков — веерное распределение средств вниз по цепочке.",4,34,1246000.0,3002628.0,6,46,0.0010029471243756176,0.003959480003817195,2.409813804173355,2,False,False,True,0.0,2,True,False
100000006490557100,terminal,0.72,9,0.2193,"Нет исходящих переводов на 2-м колене (обход не был искусственно прерван, глубина < 4) — получил 5,000 KZT от 1 плательщиков и удержал их.",1,0,5000.0,0.0,1,0,0.0002874442727471477,0.0,0.0,2,False,False,False,,1,False,False
100000008497298100,terminal,0.72,9,0.5395,"Нет исходящих переводов на 2-м колене (обход не был искусственно прерван, глубина < 4) — получил 600,000 KZT от 1 плательщиков и удержал их.",1,0,600000.0,0.0,1,0,0.0003435479571505885,0.0,0.0,2,False,False,False,,1,False,False
100000005168487100,peripheral,0.4,11,0.508,"Низкая активность в выборке: 1 вход. / 1 исход., 118,510 KZT суммарно, pass_through=6.90 — выраженных признаков роли не выявлено.",1,1,15000.0,103510.0,1,14,0.0018378455498938055,0.0,6.900666666666667,2,False,False,True,1.0,1,True,False
100000005799271100,terminal,0.72,11,0.4947,"Нет исходящих переводов на 2-м колене (обход не был искусственно прерван, глубина < 4) — получил 45,000 KZT от 1 плательщиков и удержал их.",1,0,45000.0,0.0,2,0,0.000539019259899427,0.0,0.0,2,False,False,False,,1,False,False
100000000912487100,terminal,0.72,0,0.2817,"Нет исходящих переводов на 2-м колене (обход не был искусственно прерван, глубина < 4) — получил 10,000 KZT от 1 плательщиков и удержал их.",1,0,10000.0,0.0,1,0,0.0002929845099728696,0.0,0.0,2,False,False,False,,1,False,False
100000007982908100,terminal,0.72,1,0.3547,"Нет исходящих переводов на 2-м колене (обход не был искусственно прерван, глубина < 4) — получил 31,080 KZT от 1 плательщиков и удержал их.",1,0,31080.0,0.0,1,0,0.00029744779522469144,0.0,0.0,2,False,False,False,,1,False,False
100000005413948100,peripheral,0.45,5,0.5259,"Низкая активность в выборке: 2 вход. / 1 исход., 33,215 KZT суммарно, pass_through=0.18 — выраженных признаков роли не выявлено.",2,1,28215.0,5000.0,2,1,0.0018767228090608417,2.216957061169473e-05,0.177210703526493,2,False,False,True,10.0,1,False,False
100000000724540100,peripheral,0.4,2,0.4589,"Низкая активность в выборке: 1 вход. / 1 исход., 150,000 KZT суммарно, pass_through=2.00 — выраженных признаков роли не выявлено.",1,1,50000.0,100000.0,1,1,0.0003110163299181184,2.0154155101540664e-05,2.0,2,False,False,False,,1,False,False
100000005730108100,terminal,0.72,0,0.3816,"Нет исходящих переводов на 2-м колене (обход не был искусственно прерван, глубина < 4) — получил 8,000 KZT от 1 плательщиков и удержал их.",1,0,8000.0,0.0,1,0,0.0003602529348131063,0.0,0.0,2,False,False,False,,1,False,False
100000002566204100,terminal,0.72,8,0.4541,"Нет исходящих переводов на 2-м колене (обход не был искусственно прерван, глубина < 4) — получил 80,805 KZT от 1 плательщиков и удержал их.",1,0,80805.0,0.0,1,0,0.00032550825717903974,0.0,0.0,2,False,False,False,,1,False,False
100000000625169100,terminal,0.72,1,0.2583,"Нет исходящих переводов на 2-м колене (обход не был искусственно прерван, глубина < 4) — получил 10,000 KZT от 1 плательщиков и удержал их.",1,0,10000.0,0.0,1,0,0.00029025906449417087,0.0,0.0,2,False,False,False,,1,False,False
100000001114385100,terminal,0.72,7,0.3145,"Нет исходящих переводов на 2-м колене (обход не был искусственно прерван, глубина < 4) — получил 29,500 KZT от 1 плательщиков и удержал их.",1,0,29500.0,0.0,1,0,0.0002915191185555113,0.0,0.0,2,False,False,False,,1,False,False
100000002964966100,terminal,0.72,7,0.5274,"Нет исходящих переводов на 2-м колене (обход не был искусственно прерван, глубина < 4) — получил 200,000 KZT от 1 плательщиков и удержал их.",1,0,200000.0,0.0,1,0,0.00039716038568004836,0.0,0.0,2,False,False,False,,1,False,False
100000008771814100,terminal,0.72,1,0.3272,"Нет исходящих переводов на 2-м колене (обход не был искусственно прерван, глубина < 4) — получил 23,700 KZT от 1 плательщиков и удержал их.",1,0,23700.0,0.0,1,0,0.00029493105742624547,0.0,0.0,2,False,False,False,,1,False,False
100000001241318100,terminal,0.72,0,0.5002,"Нет исходящих переводов на 2-м колене (обход не был искусственно прерван, глубина < 4) — получил 53,000 KZT от 1 плательщиков и удержал их.",1,0,53000.0,0.0,1,0,0.0005331634962668753,0.0,0.0,2,False,False,False,,1,False,False
100000001250022100,terminal,0.72,10,0.3713,"Нет исходящих переводов на 2-м колене (обход не был искусственно прерван, глубина < 4) — получил 50,000 KZT от 1 плательщиков и удержал их.",1,0,50000.0,0.0,1,0,0.0002963654710294662,0.0,0.0,2,False,False,False,,1,False,False
100000006534886100,peripheral,0.4,4,0.5281,"Низкая активность в выборке: 1 вход. / 1 исход., 239,200 KZT суммарно, pass_through=2.34 — выраженных признаков роли не выявлено.",1,1,71700.0,167500.0,5,8,0.0011344436242360517,0.0,2.336122733612273,2,False,False,True,1.0,1,True,False
100000008655035100,terminal,0.72,9,0.48,"Нет исходящих переводов на 2-м колене (обход не был искусственно прерван, глубина < 4) — получил 30,000 KZT от 1 плательщиков и удержал их.",1,0,30000.0,0.0,1,0,0.0005425057616825969,0.0,0.0,2,False,False,False,,1,False,False
100000005932987100,terminal,0.72,20,0.4412,"Нет исходящих переводов на 2-м колене (обход не был искусственно прерван, глубина < 4) — получил 25,000 KZT от 1 плательщиков и удержал их.",1,0,25000.0,0.0,3,0,0.0004135823517935477,0.0,0.0,2,False,False,False,,1,False,False
100000008636603100,peripheral,0.5,17,0.5252,"Низкая активность в выборке: 2 вход. / 6 исход., 194,835 KZT суммарно, pass_through=4.49 — выраженных признаков роли не выявлено.",2,6,35460.0,159375.0,2,7,0.00034020505875882197,0.003534092585341171,4.494500846023689,2,False,False,True,0.0,1,True,False
100000008710843100,distributor,0.36,18,0.7179,"Рассылает 13 получателям (1,985,500 KZT), получая лишь от 2 плательщиков — веерное распределение средств вниз по цепочке.",2,13,33944.0,1985500.0,3,14,0.0002941861965161754,0.0012569212473984663,58.49340089559274,2,False,False,True,4.0,1,False,False
100000000917179100,terminal,0.72,13,0.5037,"Нет исходящих переводов на 2-м колене (обход не был искусственно прерван, глубина < 4) — получил 94,465 KZT от 1 плательщиков и удержал их.",1,0,94465.0,0.0,2,0,0.0004277409828661828,0.0,0.0,2,False,False,False,,1,False,False
100000004209339100,peripheral,0.45,11,0.6086,"Низкая активность в выборке: 1 вход. / 2 исход., 377,000 KZT суммарно, pass_through=1.72 — выраженных признаков роли не выявлено.",1,2,138500.0,238500.0,6,11,0.0008229749088728874,2.1363404407633102e-05,1.7220216606498195,2,False,False,True,0.0,1,True,False
100000008765627100,terminal,0.72,10,0.3887,"Нет исходящих переводов на 2-м колене (обход не был искусственно прерван, глубина < 4) — получил 60,000 KZT от 1 плательщиков и удержал их.",1,0,60000.0,0.0,1,0,0.00029826879510033174,0.0,0.0,2,False,False,False,,1,False,False
100000002443664100,terminal,0.76,12,0.536,"Нет исходящих переводов на 2-м колене (обход не был искусственно прерван, глубина < 4) — получил 556,880 KZT от 3 плательщиков и удержал их.",3,0,556880.0,0.0,3,0,0.00034027670681484074,0.0,0.0,2,False,False,False,,3,False,True
100000008144528100,terminal,0.8,4,0.6352,"Нет исходящих переводов на 2-м колене (обход не был искусственно прерван, глубина < 4) — получил 1,068,203 KZT от 5 плательщиков и удержал их.",5,0,1068202.6,0.0,13,0,0.0010603560055125359,0.0,0.0,2,False,False,False,,2,False,False
100000003988112100,peripheral,0.4,13,0.4675,"Низкая активность в выборке: 1 вход. / 1 исход., 156,000 KZT суммарно, pass_through=0.70 — выраженных признаков роли не выявлено.",1,1,92000.0,64000.0,2,5,0.0005066792348168151,0.0,0.6956521739130435,2,False,False,True,0.0,1,True,False
100000008008463100,terminal,0.72,10,0.3806,"Нет исходящих переводов на 2-м колене (обход не был искусственно прерван, глубина < 4) — получил 54,180 KZT от 1 плательщиков и удержал их.",1,0,54180.0,0.0,1,0,0.000297161060491088,0.0,0.0,2,False,False,False,,1,False,False
100000006679055100,terminal,0.72,0,0.3604,"Нет исходящих переводов на 2-м колене (обход не был искусственно прерван, глубина < 4) — получил 25,000 KZT от 1 плательщиков и удержал их.",1,0,25000.0,0.0,1,0,0.0003021879989194663,0.0,0.0,2,False,False,False,,1,False,False
100000007382543100,peripheral,0.5,20,0.648,"Низкая активность в выборке: 3 вход. / 5 исход., 645,000 KZT суммарно, pass_through=1.96 — выраженных признаков роли не выявлено.",3,5,218000.0,427000.0,3,8,0.001195155233692197,0.0002486655209753645,1.9587155963302751,2,False,False,True,3.0,1,False,False
100000007749092100,peripheral,0.4,4,0.4887,"Низкая активность в выборке: 1 вход. / 1 исход., 78,025 KZT суммарно, pass_through=9.20 — выраженных признаков роли не выявлено.",1,1,7650.0,70375.0,1,5,0.0018294767588865628,0.0,9.199346405228757,2,False,False,True,,1,False,False
100000004221668100,peripheral,0.5,10,0.6452,"Низкая активность в выборке: 4 вход. / 3 исход., 1,859,740 KZT суммарно, pass_through=0.65 — выраженных признаков роли не выявлено.",4,3,1128300.0,731440.0,8,10,0.003108958178821098,4.635455673354352e-06,0.6482673047948241,2,False,False,True,1.0,1,True,False
100000008174521100,terminal,0.72,15,0.5006,"Нет исходящих переводов на 2-м колене (обход не был искусственно прерван, глубина < 4) — получил 82,110 KZT от 1 плательщиков и удержал их.",1,0,82110.0,0.0,1,0,0.0004424703784240573,0.0,0.0,2,False,False,False,,1,False,False
100000002692750100,peripheral,0.5,10,0.5975,"Низкая активность в выборке: 3 вход. / 1 исход., 189,830 KZT суммарно, pass_through=0.68 — выраженных признаков роли не выявлено.",3,1,112830.0,77000.0,3,8,0.002038373959908243,2.0154155101540664e-05,0.682442612780289,2,False,False,True,5.0,1,False,False
100000002173070100,terminal,0.72,4,0.319,"Нет исходящих переводов на 2-м колене (обход не был искусственно прерван, глубина < 4) — получил 30,000 KZT от 1 плательщиков и удержал их.",1,0,30000.0,0.0,1,0,0.00029183902641192664,0.0,0.0,2,False,False,False,,1,False,False
100000005911352100,peripheral,0.5,37,0.51,"Низкая активность в выборке: 2 вход. / 3 исход., 39,000 KZT суммарно, pass_through=1.60 — выраженных признаков роли не выявлено.",2,3,15000.0,24000.0,2,3,0.0005541470664884719,9.915844309958006e-05,1.6,2,False,False,True,6.5,1,False,False
100000003068941100,peripheral,0.5,0,0.4701,"Низкая активность в выборке: 3 вход. / 1 исход., 119,000 KZT суммарно, pass_through=0.27 — выраженных признаков роли не выявлено.",3,1,94000.0,25000.0,3,2,0.0003215989750220119,2.0154155101540664e-05,0.26595744680851063,2,False,False,False,2.0,1,True,False
100000001420847100,terminal,0.72,19,0.355,"Нет исходящих переводов на 2-м колене (обход не был искусственно прерван, глубина < 4) — получил 20,000 KZT от 1 плательщиков и удержал их.",1,0,20000.0,0.0,2,0,0.0003041787685098091,0.0,0.0,2,False,False,False,,1,False,False
100000005602999100,peripheral,0.45,11,0.372,"Низкая активность в выборке: 1 вход. / 2 исход., 21,000 KZT суммарно, pass_through=3.20 — выраженных признаков роли не выявлено.",1,2,5000.0,16000.0,1,3,0.0003062035820180174,4.2726808815266204e-05,3.2,2,False,False,True,2.0,1,True,False
100000000723383100,peripheral,0.45,22,0.5064,"Низкая активность в выборке: 1 вход. / 2 исход., 81,800 KZT суммарно, pass_through=11.03 — выраженных признаков роли не выявлено.",1,2,6800.0,75000.0,1,2,0.00039098538061520943,0.0002430591105245804,11.029411764705882,2,False,False,False,,1,False,False
100000006977207100,distributor,0.4,2,0.7976,"Рассылает 15 получателям (4,157,018 KZT), получая лишь от 1 плательщиков — веерное распределение средств вниз по цепочке.",1,15,414000.0,4157018.0,1,15,0.00034941948425511074,3.333497253794826e-05,10.041106280193237,2,False,False,False,,1,False,False
100000001273783100,terminal,0.72,8,0.3402,"Нет исходящих переводов на 2-м колене (обход не был искусственно прерван, глубина < 4) — получил 23,200 KZT от 1 плательщиков и удержал их.",1,0,23200.0,0.0,1,0,0.0002979483894523243,0.0,0.0,2,False,False,False,,1,False,False
100000000201868100,transit,0.9,4,0.646,"Пропускает средства не удерживая: получил 190,000 KZT, отдал 190,000 KZT (1.00x) от 1 плательщиков 1 получателям, медианная задержка 1 дн..",1,1,190000.0,190000.0,1,1,0.0009794617939092786,0.0,1.0,2,False,False,True,1.0,1,True,False
100000007777377100,peripheral,0.45,4,0.5592,"Низкая активность в выборке: 1 вход. / 2 исход., 466,290 KZT суммарно, pass_through=0.02 — выраженных признаков роли не выявлено.",1,2,456290.0,10000.0,7,2,0.000362747760239776,0.00013825750399656895,0.021915886826360427,2,False,False,False,2.5,1,False,False
100000004192865100,terminal,0.72,29,0.5227,"Нет исходящих переводов на 2-м колене (обход не был искусственно прерван, глубина < 4) — получил 66,666 KZT от 1 плательщиков и удержал их.",1,0,66666.0,0.0,1,0,0.000558222696883147,0.0,0.0,2,False,False,False,,1,False,False
100000006901046100,peripheral,0.4,4,0.4941,"Низкая активность в выборке: 1 вход. / 1 исход., 81,300 KZT суммарно, pass_through=0.07 — выраженных признаков роли не выявлено.",1,1,75800.0,5500.0,3,1,0.0030447256508331394,0.0,0.07255936675461741,2,False,False,True,1.0,1,True,False
100000000437046100,coordinator,0.89,0,0.9801,"Одновременно принимает от 9 плательщиков (1,107,200 KZT) и рассылает 42 получателям (7,606,224 KZT) — двусторонний хаб, кандидат в организаторы.",9,42,1107200.0,7606224.0,20,73,0.0007959082210455869,0.0022347905725107996,6.86978323699422,2,False,False,True,0.0,3,True,True
100000008765494100,terminal,0.72,1,0.3288,"Нет исходящих переводов на 2-м колене (обход не был искусственно прерван, глубина < 4) — получил 24,000 KZT от 1 плательщиков и удержал их.",1,0,24000.0,0.0,1,0,0.00029503336384081646,0.0,0.0,2,False,False,False,,1,False,False
100000008713270100,peripheral,0.5,10,0.3971,"Низкая активность в выборке: 1 вход. / 3 исход., 220,000 KZT суммарно, pass_through=6.33 — выраженных признаков роли не выявлено.",1,3,30000.0,190000.0,1,3,0.00029255882288773506,1.2092493060924398e-06,6.333333333333333,2,False,False,False,2.0,1,True,False
100000003603979100,terminal,0.72,25,0.5638,"Нет исходящих переводов на 2-м колене (обход не был искусственно прерван, глубина < 4) — получил 165,000 KZT от 1 плательщиков и удержал их.",1,0,165000.0,0.0,3,0,0.0005881411619085313,0.0,0.0,2,False,False,False,,1,False,False
100000000943371100,terminal,0.72,14,0.35,"Нет исходящих переводов на 2-м колене (обход не был искусственно прерван, глубина < 4) — получил 15,500 KZT от 1 плательщиков и удержал их.",1,0,15500.0,0.0,1,0,0.00030733409885175955,0.0,0.0,2,False,False,False,,1,False,False
100000008672480100,terminal,0.72,1,0.2756,"Нет исходящих переводов на 2-м колене (обход не был искусственно прерван, глубина < 4) — получил 13,000 KZT от 1 плательщиков и удержал их.",1,0,13000.0,0.0,1,0,0.00029128212863988067,0.0,0.0,2,False,False,False,,1,False,False
100000008691168100,terminal,0.72,1,0.3288,"Нет исходящих переводов на 2-м колене (обход не был искусственно прерван, глубина < 4) — получил 24,000 KZT от 1 плательщиков и удержал их.",1,0,24000.0,0.0,1,0,0.00029503336384081646,0.0,0.0,2,False,False,False,,1,False,False
100000003237045100,peripheral,0.4,4,0.4862,"Низкая активность в выборке: 1 вход. / 1 исход., 490,200 KZT суммарно, pass_through=0.44 — выраженных признаков роли не выявлено.",1,1,340200.0,150000.0,2,1,0.000395850607128541,0.0,0.4409171075837742,2,False,False,True,,1,False,False
100000008736394100,terminal,0.72,1,0.2919,"Нет исходящих переводов на 2-м колене (обход не был искусственно прерван, глубина < 4) — получил 16,000 KZT от 1 плательщиков и удержал их.",1,0,16000.0,0.0,1,0,0.0002923051927855904,0.0,0.0,2,False,False,False,,1,False,False
100000004160650100,distributor,0.31,25,0.7872,"Рассылает 10 получателям (1,489,827 KZT), получая лишь от 2 плательщиков — веерное распределение средств вниз по цепочке.",2,10,75100.0,1489827.0,4,40,0.0003708466113075059,5.441621877415979e-06,19.83790945406125,2,False,False,True,0.0,1,True,False
100000000629812100,terminal,0.74,55,0.3431,"Нет исходящих переводов на 2-м колене (обход не был искусственно прерван, глубина < 4) — получил 22,000 KZT от 2 плательщиков и удержал их.",2,0,22000.0,0.0,2,0,0.00029931490836673845,0.0,0.0,2,False,False,False,,1,False,False
100000000955444100,terminal,0.72,43,0.3767,"Нет исходящих переводов на 2-м колене (обход не был искусственно прерван, глубина < 4) — получил 6,910 KZT от 1 плательщиков и удержал их.",1,0,6910.0,0.0,1,0,0.0003540925761134552,0.0,0.0,2,False,False,False,,1,False,False
100000008731444100,peripheral,0.5,0,0.5728,"Низкая активность в выборке: 3 вход. / 9 исход., 1,318,768 KZT суммарно, pass_through=2.00 — выраженных признаков роли не выявлено.",3,9,439000.0,879767.8,5,9,0.00035492787307828165,0.00012624325579835201,2.0040268792710707,2,False,False,False,0.0,1,True,False
100000008413748100,distributor,0.46,16,0.8212,"Рассылает 18 получателям (1,377,320 KZT), получая лишь от 2 плательщиков — веерное распределение средств вниз по цепочке.",2,18,26480.0,1377320.22,2,21,0.0003926188919180008,0.0006354195816170107,52.01360347432024,2,False,False,True,1.0,2,True,False
100000006787636100,terminal,0.72,4,0.4116,"Нет исходящих переводов на 2-м колене (обход не был искусственно прерван, глубина < 4) — получил 20,000 KZT от 1 плательщиков и удержал их.",1,0,20000.0,0.0,1,0,0.0003597554762787321,0.0,0.0,2,False,False,False,,1,False,False
100000005942793100,terminal,0.78,0,0.4476,"Нет исходящих переводов на 2-м колене (обход не был искусственно прерван, глубина < 4) — получил 55,000 KZT от 4 плательщиков и удержал их.",4,0,55000.0,0.0,4,0,0.0003337093056770524,0.0,0.0,2,False,False,False,,2,False,False
100000008730846100,peripheral,0.5,11,0.6064,"Низкая активность в выборке: 7 вход. / 3 исход., 518,412 KZT суммарно, pass_through=2.34 — выраженных признаков роли не выявлено.",7,3,155042.0,363370.0,11,4,0.0005383983709869001,0.00014332675386544217,2.343687516930896,2,False,False,False,0.0,4,True,True
100000002570206100,terminal,0.74,16,0.4782,"Нет исходящих переводов на 2-м колене (обход не был искусственно прерван, глубина < 4) — получил 166,960 KZT от 2 плательщиков и удержал их.",2,0,166959.6,0.0,2,0,0.0003199267645471731,0.0,0.0,2,False,False,False,,1,False,False
100000000785800100,transit,0.9,53,0.4771,"Пропускает средства не удерживая: получил 19,000 KZT, отдал 19,000 KZT (1.00x) от 1 плательщиков 1 получателям, медианная задержка 0 дн..",1,1,19000.0,19000.0,1,1,0.00035861183893383933,0.0,1.0,2,False,False,True,0.0,1,True,False
100000007382152100,terminal,0.72,0,0.2253,"Нет исходящих переводов на 2-м колене (обход не был искусственно прерван, глубина < 4) — получил 5,860 KZT от 1 плательщиков и удержал их.",1,0,5860.0,0.0,1,0,0.00028776428441163376,0.0,0.0,2,False,False,False,,1,False,False
100000000910216100,peripheral,0.4,0,0.4933,"Низкая активность в выборке: 1 вход. / 1 исход., 123,010 KZT суммарно, pass_through=0.73 — выраженных признаков роли не выявлено.",1,1,71000.0,52010.0,3,1,0.00032467871188862456,0.0004883880943513077,0.7325352112676057,2,False,False,False,8.0,1,False,False
100000003131016100,peripheral,0.4,2,0.5592,"Низкая активность в выборке: 1 вход. / 1 исход., 531,700 KZT суммарно, pass_through=0.31 — выраженных признаков роли не выявлено.",1,1,405700.0,126000.0,7,4,0.0016950738653232485,0.0,0.31057431599704216,2,False,False,True,4.0,1,False,False
100000003221384100,terminal,0.72,15,0.5696,"Нет исходящих переводов на 2-м колене (обход не был искусственно прерван, глубина < 4) — получил 511,200 KZT от 1 плательщиков и удержал их.",1,0,511200.0,0.0,1,0,0.000450140728994583,0.0,0.0,2,False,False,False,,1,False,False
100000002156381100,peripheral,0.45,11,0.5642,"Низкая активность в выборке: 2 вход. / 1 исход., 82,800 KZT суммарно, pass_through=0.36 — выраженных признаков роли не выявлено.",2,1,61000.0,21800.0,7,3,0.0010867978830243887,4.312989191729702e-05,0.35737704918032787,2,False,False,True,1.0,2,True,False
100000002779485100,terminal,0.72,2,0.5316,"Нет исходящих переводов на 2-м колене (обход не был искусственно прерван, глубина < 4) — получил 91,000 KZT от 1 плательщиков и удержал их.",1,0,91000.0,0.0,2,0,0.0005492997691906776,0.0,0.0,2,False,False,False,,1,False,False
100000008774237100,peripheral,0.4,25,0.3536,"Низкая активность в выборке: 1 вход. / 1 исход., 60,000 KZT суммарно, pass_through=0.20 — выраженных признаков роли не выявлено.",1,1,50000.0,10000.0,1,1,0.0003117296868876274,0.0,0.2,2,False,False,False,1.0,1,True,False
100000002628146100,terminal,0.72,31,0.4074,"Нет исходящих переводов на 2-м колене (обход не был искусственно прерван, глубина < 4) — получил 30,500 KZT от 1 плательщиков и удержал их.",1,0,30500.0,0.0,2,0,0.00032063590711054455,0.0,0.0,2,False,False,False,,1,False,False
100000002852402100,terminal,0.72,15,0.4435,"Нет исходящих переводов на 2-м колене (обход не был искусственно прерван, глубина < 4) — получил 55,000 KZT от 1 плательщиков и удержал их.",1,0,55000.0,0.0,1,0,0.00032847387841670073,0.0,0.0,2,False,False,False,,1,False,False
100000006989106100,terminal,0.72,9,0.5003,"Нет исходящих переводов на 2-м колене (обход не был искусственно прерван, глубина < 4) — получил 64,000 KZT от 1 плательщиков и удержал их.",1,0,64000.0,0.0,2,0,0.0004978155873421434,0.0,0.0,2,False,False,False,,1,False,False
100000002958343100,peripheral,0.45,9,0.6179,"Низкая активность в выборке: 1 вход. / 2 исход., 4,290,000 KZT суммарно, pass_through=0.48 — выраженных признаков роли не выявлено.",1,2,2900000.0,1390000.0,4,17,0.0006321936524405395,4.0308310203081327e-07,0.4793103448275862,2,False,False,True,2.5,1,False,False
100000008461532100,peripheral,0.5,27,0.6564,"Низкая активность в выборке: 2 вход. / 8 исход., 3,095,390 KZT суммарно, pass_through=4.48 — выраженных признаков роли не выявлено.",2,8,565300.0,2530090.0,2,9,0.0007483125003170452,0.0002759103833400917,4.475658942154608,2,False,False,True,0.0,1,True,False
100000004400305100,distributor,0.95,0,0.8322,"Рассылает 82 получателям (5,830,181 KZT), получая лишь от 7 плательщиков — веерное распределение средств вниз по цепочке.",7,82,222800.0,5830181.0,9,101,0.00038751976253122237,0.0026538505082248217,26.167778276481148,2,False,False,True,0.0,2,True,False
100000000297649100,peripheral,0.4,2,0.4926,"Низкая активность в выборке: 1 вход. / 1 исход., 110,600 KZT суммарно, pass_through=1.76 — выраженных признаков роли не выявлено.",1,1,40000.0,70600.0,1,2,0.0008126196235416601,0.0,1.765,2,False,False,True,8.0,1,False,False
100000003191430100,terminal,0.72,4,0.5479,"Нет исходящих переводов на 2-м колене (обход не был искусственно прерван, глубина < 4) — получил 180,000 KZT от 1 плательщиков и удержал их.",1,0,180000.0,0.0,1,0,0.000533064269801058,0.0,0.0,2,False,False,False,,1,False,False
100000003275398100,peripheral,0.4,25,0.4817,"Низкая активность в выборке: 1 вход. / 1 исход., 320,000 KZT суммарно, pass_through=0.07 — выраженных признаков роли не выявлено.",1,1,300000.0,20000.0,1,1,0.00043613386795007266,0.0,0.06666666666666667,2,False,False,False,,1,False,False
100000005203590100,terminal,0.72,10,0.4238,"Нет исходящих переводов на 2-м колене (обход не был искусственно прерван, глубина < 4) — получил 90,000 KZT от 1 плательщиков и удержал их.",1,0,90000.0,0.0,1,0,0.0003039787673129284,0.0,0.0,2,False,False,False,,1,False,False
100000008672603100,terminal,0.72,7,0.34,"Нет исходящих переводов на 2-м колене (обход не был искусственно прерван, глубина < 4) — получил 21,200 KZT от 1 плательщиков и удержал их.",1,0,21200.0,0.0,1,0,0.0002985418733856588,0.0,0.0,2,False,False,False,,1,False,False
100000000718427100,terminal,0.72,1,0.2344,"Нет исходящих переводов на 2-м колене (обход не был искусственно прерван, глубина < 4) — получил 6,000 KZT от 1 плательщиков и удержал их.",1,0,6000.0,0.0,1,0,0.00028889497896655787,0.0,0.0,2,False,False,False,,1,False,False
100000003104347100,peripheral,0.4,23,0.5392,"Низкая активность в выборке: 1 вход. / 1 исход., 450,000 KZT суммарно, pass_through=0.08 — выраженных признаков роли не выявлено.",1,1,418000.0,32000.0,1,1,0.0003659292140404737,1.9549530448494444e-05,0.07655502392344497,2,False,False,False,21.0,1,False,False
100000002974256100,terminal,0.72,17,0.4218,"Нет исходящих переводов на 2-м колене (обход не был искусственно прерван, глубина < 4) — получил 7,200 KZT от 1 плательщиков и удержал их.",1,0,7200.0,0.0,1,0,0.00053423602843645,0.0,0.0,2,False,False,False,,1,False,False
100000007173936100,terminal,0.72,28,0.2366,"Нет исходящих переводов на 2-м колене (обход не был искусственно прерван, глубина < 4) — получил 10,000 KZT от 1 плательщиков и удержал их.",1,0,10000.0,0.0,1,0,0.0002881032978398647,0.0,0.0,2,False,False,False,,1,False,False
100000002744581100,terminal,0.72,9,0.3713,"Нет исходящих переводов на 2-м колене (обход не был искусственно прерван, глубина < 4) — получил 12,000 KZT от 1 плательщиков и удержал их.",1,0,12000.0,0.0,1,0,0.0003264051138002018,0.0,0.0,2,False,False,False,,1,False,False
100000000596954100,peripheral,0.45,7,0.5523,"Низкая активность в выборке: 1 вход. / 2 исход., 168,100 KZT суммарно, pass_through=0.40 — выраженных признаков роли не выявлено.",1,2,120000.0,48100.0,1,2,0.0005178616657439633,4.9176138447759216e-05,0.4008333333333333,2,False,False,False,2.0,1,True,False
100000004950490100,terminal,0.72,9,0.3701,"Нет исходящих переводов на 2-м колене (обход не был искусственно прерван, глубина < 4) — получил 10,000 KZT от 1 плательщиков и удержал их.",1,0,10000.0,0.0,1,0,0.0003321133600975874,0.0,0.0,2,False,False,False,,1,False,False
100000008772058100,terminal,0.72,1,0.399,"Нет исходящих переводов на 2-м колене (обход не был искусственно прерван, глубина < 4) — получил 50,000 KZT от 1 плательщиков и удержал их.",1,0,50000.0,0.0,1,0,0.000303899919770301,0.0,0.0,2,False,False,False,,1,False,False
100000000971908100,terminal,0.72,10,0.4224,"Нет исходящих переводов на 2-м колене (обход не был искусственно прерван, глубина < 4) — получил 89,000 KZT от 1 плательщиков и удержал их.",1,0,89000.0,0.0,1,0,0.00030378843490584185,0.0,0.0,2,False,False,False,,1,False,False
100000008687492100,terminal,0.72,1,0.2857,"Нет исходящих переводов на 2-м колене (обход не был искусственно прерван, глубина < 4) — получил 15,000 KZT от 1 плательщиков и удержал их.",1,0,15000.0,0.0,1,0,0.00029196417140368717,0.0,0.0,2,False,False,False,,1,False,False
100000003159641100,peripheral,0.5,15,0.482,"Низкая активность в выборке: 4 вход. / 1 исход., 261,800 KZT суммарно, pass_through=3.09 — выраженных признаков роли не выявлено.",4,1,64000.0,197800.0,7,1,0.00030657557839232434,5.985784065157577e-05,3.090625,2,False,False,False,4.0,1,False,False
100000005326681100,terminal,0.72,15,0.3521,"Нет исходящих переводов на 2-м колене (обход не был искусственно прерван, глубина < 4) — получил 31,228 KZT от 1 плательщиков и удержал их.",1,0,31228.0,0.0,1,0,0.00029682396565197645,0.0,0.0,2,False,False,False,,1,False,False
100000006888238100,peripheral,0.4,54,0.5005,"Низкая активность в выборке: 1 вход. / 1 исход., 48,000 KZT суммарно, pass_through=1.67 — выраженных признаков роли не выявлено.",1,1,18000.0,30000.0,1,1,0.0006123269432202909,4.0308310203081327e-07,1.6666666666666667,2,False,False,False,,1,False,False
100000001290243100,terminal,0.72,4,0.3611,"Нет исходящих переводов на 2-м колене (обход не был искусственно прерван, глубина < 4) — получил 10,000 KZT от 1 плательщиков и удержал их.",1,0,10000.0,0.0,1,0,0.0003213748640726425,0.0,0.0,2,False,False,False,,1,False,False
100000008289539100,terminal,0.72,15,0.2814,"Нет исходящих переводов на 2-м колене (обход не был искусственно прерван, глубина < 4) — получил 14,912 KZT от 1 плательщиков и удержал их.",1,0,14912.0,0.0,1,0,0.00029161216931656946,0.0,0.0,2,False,False,False,,1,False,False
100000000821507100,terminal,0.72,28,0.523,"Нет исходящих переводов на 2-м колене (обход не был искусственно прерван, глубина < 4) — получил 400,000 KZT от 1 плательщиков и удержал их.",1,0,400000.0,0.0,1,0,0.00033702673726419016,0.0,0.0,2,False,False,False,,1,False,False
100000003086040100,terminal,0.72,0,0.4402,"Нет исходящих переводов на 2-м колене (обход не был искусственно прерван, глубина < 4) — получил 10,500 KZT от 1 плательщиков и удержал их.",1,0,10500.0,0.0,1,0,0.0005510497606358256,0.0,0.0,2,False,False,False,,1,False,False
100000002969048100,terminal,0.72,10,0.4401,"Нет исходящих переводов на 2-м колене (обход не был искусственно прерван, глубина < 4) — получил 108,470 KZT от 1 плательщиков и удержал их.",1,0,108470.0,0.0,1,0,0.0003074942068718171,0.0,0.0,2,False,False,False,,1,False,False
100000002826669100,terminal,0.72,0,0.5331,"Нет исходящих переводов на 2-м колене (обход не был искусственно прерван, глубина < 4) — получил 159,900 KZT от 1 плательщиков и удержал их.",1,0,159900.0,0.0,4,0,0.00047829346095073865,0.0,0.0,2,False,False,False,,1,False,False
100000002293421100,transit,0.61,0,0.6619,"Пропускает средства не удерживая: получил 41,000 KZT, отдал 47,000 KZT (1.15x) от 2 плательщиков 2 получателям, медианная задержка 2 дн..",2,2,41000.0,47000.0,6,5,0.0009787288750667904,1.9952613550525257e-05,1.146341463414634,2,False,False,True,2.0,1,True,False
100000004732589100,terminal,0.72,8,0.5302,"Нет исходящих переводов на 2-м колене (обход не был искусственно прерван, глубина < 4) — получил 227,520 KZT от 1 плательщиков и удержал их.",1,0,227520.0,0.0,1,0,0.0003957008792348517,0.0,0.0,2,False,False,False,,1,False,False
100000003003821100,terminal,0.72,7,0.4687,"Нет исходящих переводов на 2-м колене (обход не был искусственно прерван, глубина < 4) — получил 40,000 KZT от 1 плательщиков и удержал их.",1,0,40000.0,0.0,1,0,0.0004398501996338099,0.0,0.0,2,False,False,False,,1,False,False
100000005237935150,terminal,0.72,12,0.3651,"Нет исходящих переводов на 2-м колене (обход не был искусственно прерван, глубина < 4) — получил 34,508 KZT от 1 плательщиков и удержал их.",1,0,34508.0,0.0,1,0,0.00029930984677363866,0.0,0.0,2,False,False,False,,1,False,False
100000004463277100,terminal,0.72,29,0.5062,"Нет исходящих переводов на 2-м колене (обход не был искусственно прерван, глубина < 4) — получил 35,000 KZT от 1 плательщиков и удержал их.",1,0,35000.0,0.0,1,0,0.0006948210120651965,0.0,0.0,2,False,False,False,,1,False,False
100000006523053100,terminal,0.72,7,0.4202,"Нет исходящих переводов на 2-м колене (обход не был искусственно прерван, глубина < 4) — получил 5,000 KZT от 1 плательщиков и удержал их.",1,0,5000.0,0.0,1,0,0.0005410075313508015,0.0,0.0,2,False,False,False,,1,False,False
100000001954903100,terminal,0.72,8,0.3561,"Нет исходящих переводов на 2-м колене (обход не был искусственно прерван, глубина < 4) — получил 27,118 KZT от 1 плательщиков и удержал их.",1,0,27118.0,0.0,1,0,0.0002998228719061612,0.0,0.0,2,False,False,False,,1,False,False
100000005328215100,terminal,0.72,8,0.3552,"Нет исходящих переводов на 2-м колене (обход не был искусственно прерван, глубина < 4) — получил 27,000 KZT от 1 плательщиков и удержал их.",1,0,27000.0,0.0,1,0,0.0002997664173554841,0.0,0.0,2,False,False,False,,1,False,False
100000004424023100,peripheral,0.4,10,0.5797,"Низкая активность в выборке: 1 вход. / 1 исход., 150,000 KZT суммарно, pass_through=2.00 — выраженных признаков роли не выявлено.",1,1,50000.0,100000.0,1,1,0.0009757985999759042,2.0758779754586885e-05,2.0,2,False,False,False,,1,False,False
100000002299948100,terminal,0.72,31,0.2826,"Нет исходящих переводов на 2-м колене (обход не был искусственно прерван, глубина < 4) — получил 6,750 KZT от 1 плательщиков и удержал их.",1,0,6750.0,0.0,1,0,0.00029432631398461346,0.0,0.0,2,False,False,False,,1,False,False
100000005105153100,terminal,0.72,0,0.4485,"Нет исходящих переводов на 2-м колене (обход не был искусственно прерван, глубина < 4) — получил 30,000 KZT от 1 плательщиков и удержал их.",1,0,30000.0,0.0,1,0,0.00040314809720736947,0.0,0.0,2,False,False,False,,1,False,False
100000001985793100,terminal,0.72,10,0.5433,"Нет исходящих переводов на 2-м колене (обход не был искусственно прерван, глубина < 4) — получил 420,000 KZT от 1 плательщиков и удержал их.",1,0,420000.0,0.0,1,0,0.00037431126259945596,0.0,0.0,2,False,False,False,,1,False,False
100000003134934100,terminal,0.78,0,0.5542,"Нет исходящих переводов на 2-м колене (обход не был искусственно прерван, глубина < 4) — получил 379,354 KZT от 4 плательщиков и удержал их.",4,0,379354.0,0.0,4,0,0.0004263284015335226,0.0,0.0,2,False,False,False,,2,False,False
100000006240939100,peripheral,0.5,10,0.5201,"Низкая активность в выборке: 1 вход. / 5 исход., 938,015 KZT суммарно, pass_through=4.86 — выраженных признаков роли не выявлено.",1,5,160000.0,778015.0,1,5,0.000320167864741545,4.2323725713235395e-06,4.86259375,2,False,False,False,0.0,1,True,False
100000008656043100,terminal,0.72,1,0.3385,"Нет исходящих переводов на 2-м колене (обход не был искусственно прерван, глубина < 4) — получил 26,200 KZT от 1 плательщиков и удержал их.",1,0,26200.0,0.0,1,0,0.0002957836108810036,0.0,0.0,2,False,False,False,,1,False,False
100000002605184100,terminal,0.72,15,0.5099,"Нет исходящих переводов на 2-м колене (обход не был искусственно прерван, глубина < 4) — получил 140,000 KZT от 1 плательщиков и удержал их.",1,0,140000.0,0.0,1,0,0.00039280346674456975,0.0,0.0,2,False,False,False,,1,False,False
100000003157333100,terminal,0.72,10,0.3246,"Нет исходящих переводов на 2-м колене (обход не был искусственно прерван, глубина < 4) — получил 30,000 KZT от 1 плательщиков и удержал их.",1,0,30000.0,0.0,1,0,0.00029255882288773506,0.0,0.0,2,False,False,False,,1,False,False
100000007898453100,peripheral,0.45,65,0.5206,"Низкая активность в выборке: 1 вход. / 2 исход., 344,750 KZT суммарно, pass_through=12.93 — выраженных признаков роли не выявлено.",1,2,24750.0,320000.0,1,2,0.00033449524378308354,2.43865276728642e-05,12.929292929292929,2,False,False,True,1.0,1,True,False
100000002710570100,terminal,0.72,30,0.5629,"Нет исходящих переводов на 2-м колене (обход не был искусственно прерван, глубина < 4) — получил 225,015 KZT от 1 плательщиков и удержал их.",1,0,225015.0,0.0,1,0,0.0005414532929435295,0.0,0.0,2,False,False,False,,1,False,False
100000004979498100,peripheral,0.4,47,0.5656,"Низкая активность в выборке: 1 вход. / 1 исход., 900,000 KZT суммарно, pass_through=0.29 — выраженных признаков роли не выявлено.",1,1,700000.0,200000.0,2,1,0.0013279423584759296,0.0,0.2857142857142857,2,False,False,True,0.0,1,True,False
100000001541418100,terminal,0.74,9,0.4303,"Нет исходящих переводов на 2-м колене (обход не был искусственно прерван, глубина < 4) — получил 96,900 KZT от 2 плательщиков и удержал их.",2,0,96900.0,0.0,2,0,0.0003048959847607107,0.0,0.0,2,False,False,False,,1,False,False
100000007797290100,peripheral,0.4,0,0.4289,"Низкая активность в выборке: 1 вход. / 1 исход., 120,000 KZT суммарно, pass_through=0.20 — выраженных признаков роли не выявлено.",1,1,100000.0,20000.0,1,1,0.0003024705867928069,1.9549530448494444e-05,0.2,2,False,False,False,9.0,1,False,False
100000008683818100,terminal,0.72,1,0.2997,"Нет исходящих переводов на 2-м колене (обход не был искусственно прерван, глубина < 4) — получил 17,400 KZT от 1 плательщиков и удержал их.",1,0,17400.0,0.0,1,0,0.000292782622720255,0.0,0.0,2,False,False,False,,1,False,False
100000006567935100,terminal,0.72,28,0.4714,"Нет исходящих переводов на 2-м колене (обход не был искусственно прерван, глубина < 4) — получил 200,000 KZT от 1 плательщиков и удержал их.",1,0,200000.0,0.0,1,0,0.0003119377939696643,0.0,0.0,2,False,False,False,,1,False,False
100000002132479100,peripheral,0.4,13,0.4469,"Низкая активность в выборке: 1 вход. / 1 исход., 50,000 KZT суммарно, pass_through=0.67 — выраженных признаков роли не выявлено.",1,1,30000.0,20000.0,2,1,0.0006085432400876414,0.0,0.6666666666666666,2,False,False,True,7.0,1,False,False
100000002170580100,terminal,0.72,8,0.5002,"Нет исходящих переводов на 2-м колене (обход не был искусственно прерван, глубина < 4) — получил 150,000 KZT от 1 плательщиков и удержал их.",1,0,150000.0,0.0,1,0,0.00035861311001039243,0.0,0.0,2,False,False,False,,1,False,False
100000001232297100,peripheral,0.45,14,0.2849,"Низкая активность в выборке: 1 вход. / 2 исход., 50,000 KZT суммарно, pass_through=9.00 — выраженных признаков роли не выявлено.",1,2,5000.0,45000.0,1,2,0.000293456995248242,0.0,9.0,2,False,False,True,3.0,1,False,False
100000002028158100,terminal,0.72,15,0.3611,"Нет исходящих переводов на 2-м колене (обход не был искусственно прерван, глубина < 4) — получил 34,800 KZT от 1 плательщиков и удержал их.",1,0,34800.0,0.0,1,0,0.000297964964457448,0.0,0.0,2,False,False,False,,1,False,False
100000005519998100,transit,0.83,20,0.7142,"Пропускает средства не удерживая: получил 182,000 KZT, отдал 188,000 KZT (1.03x) от 3 плательщиков 3 получателям, медианная задержка 1 дн..",3,3,182000.0,188000.0,5,8,0.0006551647286806789,6.0865548406652806e-05,1.032967032967033,2,False,False,True,1.0,1,True,False
100000002335358100,terminal,0.72,4,0.5588,"Нет исходящих переводов на 2-м колене (обход не был искусственно прерван, глубина < 4) — получил 140,000 KZT от 1 плательщиков и удержал их.",1,0,140000.0,0.0,2,0,0.0006151184450136056,0.0,0.0,2,False,False,False,,1,False,False
100000007289427100,terminal,0.72,7,0.399,"Нет исходящих переводов на 2-м колене (обход не был искусственно прерван, глубина < 4) — получил 12,300 KZT от 1 плательщиков и удержал их.",1,0,12300.0,0.0,1,0,0.0003752814558888946,0.0,0.0,2,False,False,False,,1,False,False
100000004592467100,terminal,0.72,7,0.2287,"Нет исходящих переводов на 2-м колене (обход не был искусственно прерван, глубина < 4) — получил 7,000 KZT от 1 плательщиков и удержал их.",1,0,7000.0,0.0,1,0,0.00028790680824774655,0.0,0.0,2,False,False,False,,1,False,False
100000004993576100,terminal,0.72,15,0.4956,"Нет исходящих переводов на 2-м колене (обход не был искусственно прерван, глубина < 4) — получил 167,000 KZT от 1 плательщиков и удержал их.",1,0,167000.0,0.0,1,0,0.000340193419687946,0.0,0.0,2,False,False,False,,1,False,False
100000001648936100,terminal,0.72,10,0.4265,"Нет исходящих переводов на 2-м колене (обход не был искусственно прерван, глубина < 4) — получил 92,740 KZT от 1 плательщиков и удержал их.",1,0,92740.0,0.0,1,0,0.0003045002781083456,0.0,0.0,2,False,False,False,,1,False,False
100000008512552100,peripheral,0.5,16,0.6041,"Низкая активность в выборке: 4 вход. / 6 исход., 1,696,635 KZT суммарно, pass_through=3.30 — выраженных признаков роли не выявлено.",4,6,394360.0,1302275.0,9,11,0.00042774201035011497,0.0004381089284089468,3.3022492139162187,2,False,False,True,0.0,2,True,False
100000007629096100,peripheral,0.5,0,0.645,"Низкая активность в выборке: 4 вход. / 1 исход., 1,840,375 KZT суммарно, pass_through=0.71 — выраженных признаков роли не выявлено.",4,1,1075170.0,765205.0,5,5,0.002502258548680081,1.551869942818631e-05,0.7117060557865268,2,False,False,True,1.0,2,True,False
100000001601320100,transit,0.78,9,0.6459,"Пропускает средства не удерживая: получил 43,500 KZT, отдал 46,200 KZT (1.06x) от 2 плательщиков 1 получателям, медианная задержка 8 дн..",2,1,43500.0,46200.0,2,1,0.0008152009196827959,1.0077077550770332e-06,1.0620689655172413,2,False,False,False,8.0,1,False,False
100000005782781100,distributor,0.31,9,0.8407,"Рассылает 10 получателям (1,263,597 KZT), получая лишь от 6 плательщиков — веерное распределение средств вниз по цепочке.",6,10,171888.0,1263597.0,10,10,0.0004896362070138854,0.0005780609985678846,7.351281066741134,2,False,False,True,0.0,3,True,True
100000002723538100,distributor,0.35,7,0.7718,"Рассылает 12 получателям (560,499 KZT), получая лишь от 3 плательщиков — веерное распределение средств вниз по цепочке.",3,12,105647.0,560499.0,3,14,0.00032173676844183234,0.00029586993447259233,5.305394379395534,2,False,False,True,0.0,1,True,False
100000002340562100,terminal,0.72,9,0.4811,"Нет исходящих переводов на 2-м колене (обход не был искусственно прерван, глубина < 4) — получил 36,650 KZT от 1 плательщиков и удержал их.",1,0,36650.0,0.0,2,0,0.0005331828016435874,0.0,0.0,2,False,False,False,,1,False,False
100000005939154100,terminal,0.72,4,0.3245,"Нет исходящих переводов на 2-м колене (обход не был искусственно прерван, глубина < 4) — получил 22,000 KZT от 1 плательщиков и удержал их.",1,0,22000.0,0.0,2,0,0.00029501093822377646,0.0,0.0,2,False,False,False,,1,False,False
100000004386258100,peripheral,0.5,17,0.5473,"Низкая активность в выборке: 3 вход. / 3 исход., 101,700 KZT суммарно, pass_through=0.65 — выраженных признаков роли не выявлено.",3,3,61700.0,40000.0,3,3,0.0005359655801261068,0.00012253726301736723,0.6482982171799028,2,False,False,True,0.0,2,True,False
100000008406609100,terminal,0.72,21,0.4602,"Нет исходящих переводов на 2-м колене (обход не был искусственно прерван, глубина < 4) — получил 34,000 KZT от 1 плательщиков и удержал их.",1,0,34000.0,0.0,1,0,0.00043238051504698857,0.0,0.0,2,False,False,False,,1,False,False
100000007242833100,peripheral,0.4,17,0.5387,"Низкая активность в выборке: 1 вход. / 1 исход., 152,500 KZT суммарно, pass_through=0.42 — выраженных признаков роли не выявлено.",1,1,107500.0,45000.0,3,2,0.0005160352036917609,2.0154155101540664e-05,0.4186046511627907,2,False,False,False,1.0,1,True,False
100000004698193100,peripheral,0.5,10,0.5846,"Низкая активность в выборке: 2 вход. / 3 исход., 260,700 KZT суммарно, pass_through=0.17 — выраженных признаков роли не выявлено.",2,3,222700.0,38000.0,15,5,0.0008287195333211077,1.612332408123253e-06,0.17063313875168387,2,False,False,True,4.0,1,False,False
100000002733905100,peripheral,0.5,1,0.632,"Низкая активность в выборке: 3 вход. / 2 исход., 817,839 KZT суммарно, pass_through=7.18 — выраженных признаков роли не выявлено.",3,2,100000.0,717839.0,5,3,0.002937899779349556,1.8138739591386597e-06,7.17839,2,False,False,True,0.0,2,True,False
100000006912294100,peripheral,0.45,9,0.4618,"Низкая активность в выборке: 1 вход. / 2 исход., 36,335 KZT суммарно, pass_through=4.74 — выраженных признаков роли не выявлено.",1,2,6335.09,30000.0,1,2,0.0005050490593143352,6.046246530462199e-07,4.7355286191672095,2,False,False,True,,1,False,False
100000003036198100,terminal,0.72,7,0.2568,"Нет исходящих переводов на 2-м колене (обход не был искусственно прерван, глубина < 4) — получил 15,000 KZT от 1 плательщиков и удержал их.",1,0,15000.0,0.0,1,0,0.0002892235631566839,0.0,0.0,2,False,False,False,,1,False,False
100000004687099100,terminal,0.72,9,0.4187,"Нет исходящих переводов на 2-м колене (обход не был искусственно прерван, глубина < 4) — получил 30,000 KZT от 1 плательщиков и удержал их.",1,0,30000.0,0.0,1,0,0.00033570064330650185,0.0,0.0,2,False,False,False,,1,False,False
100000005242320100,distributor,0.52,12,0.8366,"Рассылает 21 получателям (8,936,295 KZT), получая лишь от 2 плательщиков — веерное распределение средств вниз по цепочке.",2,21,365700.0,8936295.0,2,29,0.0005023175201394411,3.0231232652310996e-05,24.43613617719442,2,False,False,False,0.5,1,True,False
100000008762832100,peripheral,0.4,7,0.4027,"Низкая активность в выборке: 1 вход. / 1 исход., 235,000 KZT суммарно, pass_through=0.57 — выраженных признаков роли не выявлено.",1,1,150000.0,85000.0,1,4,0.0003095193700881718,0.0,0.5666666666666667,2,False,False,True,,1,False,False
100000002489253100,terminal,0.72,4,0.3994,"Нет исходящих переводов на 2-м колене (обход не был искусственно прерван, глубина < 4) — получил 51,000 KZT от 1 плательщиков и удержал их.",1,0,51000.0,0.0,1,0,0.00030318950199531336,0.0,0.0,2,False,False,False,,1,False,False
100000004756901100,terminal,0.72,4,0.4618,"Нет исходящих переводов на 2-м колене (обход не был искусственно прерван, глубина < 4) — получил 153,248 KZT от 1 плательщиков и удержал их.",1,0,153248.0,0.0,1,0,0.0003123399990521828,0.0,0.0,2,False,False,False,,1,False,False
100000008749989100,terminal,0.72,1,0.2919,"Нет исходящих переводов на 2-м колене (обход не был искусственно прерван, глубина < 4) — получил 16,000 KZT от 1 плательщиков и удержал их.",1,0,16000.0,0.0,1,0,0.0002923051927855904,0.0,0.0,2,False,False,False,,1,False,False
100000001380986100,terminal,0.72,9,0.3703,"Нет исходящих переводов на 2-м колене (обход не был искусственно прерван, глубина < 4) — получил 70,170 KZT от 1 плательщиков и удержал их.",1,0,70170.0,0.0,1,0,0.00029347981117744225,0.0,0.0,2,False,False,False,,1,False,False
100000003089018100,terminal,0.72,9,0.4695,"Нет исходящих переводов на 2-м колене (обход не был искусственно прерван, глубина < 4) — получил 230,000 KZT от 1 плательщиков и удержал их.",1,0,230000.0,0.0,1,0,0.0003085835081573942,0.0,0.0,2,False,False,False,,1,False,False
100000008742266100,terminal,0.72,1,0.3174,"Нет исходящих переводов на 2-м колене (обход не был искусственно прерван, глубина < 4) — получил 21,000 KZT от 1 плательщиков и удержал их.",1,0,21000.0,0.0,1,0,0.00029401029969510666,0.0,0.0,2,False,False,False,,1,False,False
100000003044431100,terminal,0.74,0,0.408,"Нет исходящих переводов на 2-м колене (обход не был искусственно прерван, глубина < 4) — получил 60,000 KZT от 2 плательщиков и удержал их.",2,0,60000.0,0.0,2,0,0.0003038093996283426,0.0,0.0,2,False,False,False,,1,False,False
100000003321423100,terminal,0.72,11,0.5522,"Нет исходящих переводов на 2-м колене (обход не был искусственно прерван, глубина < 4) — получил 100,000 KZT от 1 плательщиков и удержал их.",1,0,100000.0,0.0,2,0,0.000673943477532719,0.0,0.0,2,False,False,False,,1,False,False
100000002540623100,terminal,0.72,8,0.4724,"Нет исходящих переводов на 2-м колене (обход не был искусственно прерван, глубина < 4) — получил 100,000 KZT от 1 плательщиков и удержал их.",1,0,100000.0,0.0,1,0,0.0003346916902319744,0.0,0.0,2,False,False,False,,1,False,False
100000004225615100,terminal,0.72,9,0.3909,"Нет исходящих переводов на 2-м колене (обход не был искусственно прерван, глубина < 4) — получил 90,000 KZT от 1 плательщиков и удержал их.",1,0,90000.0,0.0,2,0,0.00029535371664645587,0.0,0.0,2,False,False,False,,1,False,False
100000004820260100,transit,0.74,4,0.7269,"Пропускает средства не удерживая: получил 234,200 KZT, отдал 215,350 KZT (0.92x) от 1 плательщиков 3 получателям, медианная задержка 0 дн..",1,3,234200.0,215350.0,12,10,0.0014103695688040057,1.9952613550525257e-05,0.9195132365499573,2,False,False,True,0.0,1,True,False
100000000795129100,terminal,0.72,15,0.5417,"Нет исходящих переводов на 2-м колене (обход не был искусственно прерван, глубина < 4) — получил 332,000 KZT от 1 плательщиков и удержал их.",1,0,332000.0,0.0,1,0,0.00039289913158682774,0.0,0.0,2,False,False,False,,1,False,False
100000008213966100,peripheral,0.5,20,0.6438,"Низкая активность в выборке: 3 вход. / 1 исход., 623,904 KZT суммарно, pass_through=2.34 — выраженных признаков роли не выявлено.",3,1,187004.0,436900.0,7,8,0.0019431352837726214,4.3936058121358645e-05,2.336313661739856,2,False,False,True,1.0,1,True,False
100000008478414100,terminal,0.72,1,0.2583,"Нет исходящих переводов на 2-м колене (обход не был искусственно прерван, глубина < 4) — получил 10,000 KZT от 1 плательщиков и удержал их.",1,0,10000.0,0.0,1,0,0.00029025906449417087,0.0,0.0,2,False,False,False,,1,False,False
100000001330595100,peripheral,0.5,25,0.5743,"Низкая активность в выборке: 3 вход. / 1 исход., 241,000 KZT суммарно, pass_through=1.77 — выраженных признаков роли не выявлено.",3,1,87000.0,154000.0,6,1,0.0006784467559252045,1.2092493060924398e-06,1.7701149425287357,2,False,False,False,11.5,2,False,False
100000000076451100,peripheral,0.5,15,0.5962,"Низкая активность в выборке: 3 вход. / 4 исход., 145,707 KZT суммарно, pass_through=0.66 — выраженных признаков роли не выявлено.",3,4,87707.0,58000.0,4,4,0.0014012275295631398,9.935998465059547e-05,0.661292713238396,2,False,False,True,5.0,2,False,False
100000005664632100,terminal,0.72,58,0.5153,"Нет исходящих переводов на 2-м колене (обход не был искусственно прерван, глубина < 4) — получил 198,620 KZT от 1 плательщиков и удержал их.",1,0,198620.0,0.0,18,0,0.0003667595262044198,0.0,0.0,2,False,False,False,,1,False,False
100000002457464100,terminal,0.72,7,0.4465,"Нет исходящих переводов на 2-м колене (обход не был искусственно прерван, глубина < 4) — получил 66,647 KZT от 1 плательщиков и удержал их.",1,0,66647.0,0.0,1,0,0.00032360851504249956,0.0,0.0,2,False,False,False,,1,False,False
100000002757240100,terminal,0.72,0,0.4288,"Нет исходящих переводов на 2-м колене (обход не был искусственно прерван, глубина < 4) — получил 51,183 KZT от 1 плательщиков и удержал их.",1,0,51183.0,0.0,1,0,0.00031825299565871584,0.0,0.0,2,False,False,False,,1,False,False
100000003718221100,peripheral,0.5,23,0.6375,"Низкая активность в выборке: 2 вход. / 4 исход., 773,500 KZT суммарно, pass_through=1.21 — выраженных признаков роли не выявлено.",2,4,350000.0,423500.0,6,8,0.0010507940734642523,3.9905227101050515e-05,1.21,2,False,False,True,1.0,1,True,False
100000008629581100,terminal,0.72,7,0.4302,"Нет исходящих переводов на 2-м колене (обход не был искусственно прерван, глубина < 4) — получил 54,184 KZT от 1 плательщиков и удержал их.",1,0,54184.0,0.0,1,0,0.0003167344517386686,0.0,0.0,2,False,False,False,,1,False,False
100000004806903100,terminal,0.72,7,0.4504,"Нет исходящих переводов на 2-м колене (обход не был искусственно прерван, глубина < 4) — получил 18,000 KZT от 1 плательщиков и удержал их.",1,0,18000.0,0.0,1,0,0.0005358736858678885,0.0,0.0,2,False,False,False,,1,False,False
100000000913911100,peripheral,0.45,7,0.583,"Низкая активность в выборке: 2 вход. / 1 исход., 1,067,000 KZT суммарно, pass_through=1.28 — выраженных признаков роли не выявлено.",2,1,467000.0,600000.0,2,1,0.0004614358888210906,1.975107199950985e-05,1.284796573875803,2,False,False,False,3.0,2,False,False
100000004905207100,terminal,0.72,13,0.5574,"Нет исходящих переводов на 2-м колене (обход не был искусственно прерван, глубина < 4) — получил 380,000 KZT от 1 плательщиков и удержал их.",1,0,380000.0,0.0,1,0,0.000436738349886462,0.0,0.0,2,False,False,False,,1,False,False
100000003831201100,terminal,0.72,0,0.4897,"Нет исходящих переводов на 2-м колене (обход не был искусственно прерван, глубина < 4) — получил 40,500 KZT от 1 плательщиков и удержал их.",1,0,40500.0,0.0,3,0,0.0005366717916456754,0.0,0.0,2,False,False,False,,1,False,False
100000003073398100,terminal,0.72,10,0.4271,"Нет исходящих переводов на 2-м колене (обход не был искусственно прерван, глубина < 4) — получил 92,960 KZT от 1 плательщиков и удержал их.",1,0,92960.0,0.0,1,0,0.0003045421512379046,0.0,0.0,2,False,False,False,,1,False,False
100000008418934100,terminal,0.72,9,0.5063,"Нет исходящих переводов на 2-м колене (обход не был искусственно прерван, глубина < 4) — получил 360,000 KZT от 1 плательщиков и удержал их.",1,0,360000.0,0.0,1,0,0.00032086831456040846,0.0,0.0,2,False,False,False,,1,False,False
100000002741024100,peripheral,0.5,0,0.6632,"Низкая активность в выборке: 5 вход. / 6 исход., 1,252,970 KZT суммарно, pass_through=0.53 — выраженных признаков роли не выявлено.",5,6,817980.85,434989.0,9,7,0.0028814407847201134,0.00012072338905822858,0.5317838431058625,2,False,False,True,1.5,1,True,False
100000008106997100,peripheral,0.45,0,0.4086,"Низкая активность в выборке: 2 вход. / 1 исход., 56,200 KZT суммарно, pass_through=0.58 — выраженных признаков роли не выявлено.",2,1,35600.0,20600.0,2,1,0.0003067342666124052,1.9549530448494444e-05,0.5786516853932584,2,False,False,False,0.0,1,True,False
100000007998965100,peripheral,0.5,8,0.5572,"Низкая активность в выборке: 5 вход. / 1 исход., 304,000 KZT суммарно, pass_through=0.09 — выраженных признаков роли не выявлено.",5,1,278000.0,26000.0,7,3,0.000473983922472455,2.0154155101540664e-05,0.09352517985611511,2,False,False,False,6.0,2,False,False
100000001822623100,terminal,0.72,23,0.492,"Нет исходящих переводов на 2-м колене (обход не был искусственно прерван, глубина < 4) — получил 201,300 KZT от 1 плательщиков и удержал их.",1,0,201300.0,0.0,1,0,0.0003249322888221288,0.0,0.0,2,False,False,False,,1,False,False
100000006424479100,peripheral,0.45,14,0.6394,"Низкая активность в выборке: 1 вход. / 2 исход., 720,000 KZT суммарно, pass_through=0.44 — выраженных признаков роли не выявлено.",1,2,500000.0,220000.0,2,3,0.0009476633079854991,7.436883232468505e-05,0.44,2,False,False,False,14.0,1,False,False
100000008696692100,terminal,0.72,1,0.3061,"Нет исходящих переводов на 2-м колене (обход не был искусственно прерван, глубина < 4) — получил 19,000 KZT от 1 плательщиков и удержал их.",1,0,19000.0,0.0,1,0,0.00029332825693130016,0.0,0.0,2,False,False,False,,1,False,False
100000002748532100,peripheral,0.5,18,0.5521,"Низкая активность в выборке: 3 вход. / 2 исход., 1,002,260 KZT суммарно, pass_through=1.82 — выраженных признаков роли не выявлено.",3,2,355575.0,646685.0,3,7,0.00034062255500050286,3.1642023509418844e-05,1.8187021022287844,2,False,False,False,3.5,1,False,False
100000004456564100,terminal,0.72,13,0.3995,"Нет исходящих переводов на 2-м колене (обход не был искусственно прерван, глубина < 4) — получил 10,000 KZT от 1 плательщиков и удержал их.",1,0,10000.0,0.0,2,0,0.00039408031381263944,0.0,0.0,2,False,False,False,,1,False,False
100000001530740100,terminal,0.72,4,0.4366,"Нет исходящих переводов на 2-м колене (обход не был искусственно прерван, глубина < 4) — получил 15,000 KZT от 1 плательщиков и удержал их.",1,0,15000.0,0.0,1,0,0.0005321421608384045,0.0,0.0,2,False,False,False,,1,False,False
100000001386612100,terminal,0.72,13,0.4901,"Нет исходящих переводов на 2-м колене (обход не был искусственно прерван, глубина < 4) — получил 62,264 KZT от 1 плательщиков и удержал их.",1,0,62264.0,0.0,1,0,0.00043562623152510973,0.0,0.0,2,False,False,False,,1,False,False
100000003360542100,peripheral,0.5,11,0.6038,"Низкая активность в выборке: 2 вход. / 2 исход., 368,800 KZT суммарно, pass_through=0.16 — выраженных признаков роли не выявлено.",2,2,317000.0,51800.0,3,5,0.001462123233616894,1.0077077550770332e-06,0.16340694006309148,2,False,False,True,1.5,1,True,False
100000008352542100,terminal,0.72,7,0.4423,"Нет исходящих переводов на 2-м колене (обход не был искусственно прерван, глубина < 4) — получил 50,220 KZT от 1 плательщиков и удержал их.",1,0,50220.0,0.0,1,0,0.00033294857833076393,0.0,0.0,2,False,False,False,,1,False,False
100000001138376100,terminal,0.72,15,0.2855,"Нет исходящих переводов на 2-м колене (обход не был искусственно прерван, глубина < 4) — получил 15,300 KZT от 1 плательщиков и удержал их.",1,0,15300.0,0.0,1,0,0.00029173610759667106,0.0,0.0,2,False,False,False,,1,False,False
100000003246024100,peripheral,0.4,2,0.4615,"Низкая активность в выборке: 1 вход. / 1 исход., 30,000 KZT суммарно, pass_through=0.20 — выраженных признаков роли не выявлено.",1,1,25000.0,5000.0,1,1,0.00037362633493987277,0.001639302449236005,0.2,2,False,False,False,0.0,1,True,False
100000002680477100,terminal,0.72,12,0.3354,"Нет исходящих переводов на 2-м колене (обход не был искусственно прерван, глубина < 4) — получил 25,000 KZT от 1 плательщиков и удержал их.",1,0,25000.0,0.0,1,0,0.00029587646463313387,0.0,0.0,2,False,False,False,,1,False,False
100000005882013100,peripheral,0.45,14,0.4658,"Низкая активность в выборке: 2 вход. / 1 исход., 145,000 KZT суммарно, pass_through=0.07 — выраженных признаков роли не выявлено.",2,1,135000.0,10000.0,3,1,0.0005286709305561872,0.0,0.07407407407407407,2,False,False,True,1.0,1,True,False
100000005665181100,distributor,0.33,3,0.7785,"Рассылает 11 получателям (181,915 KZT), получая лишь от 4 плательщиков — веерное распределение средств вниз по цепочке.",4,11,45498.0,181915.0,5,11,0.0004002985549973445,0.0002729179652370544,3.998307617917271,2,False,False,True,5.0,2,False,False
100000008141170100,terminal,0.72,4,0.4525,"Нет исходящих переводов на 2-м колене (обход не был искусственно прерван, глубина < 4) — получил 11,000 KZT от 1 плательщиков и удержал их.",1,0,11000.0,0.0,1,0,0.0006245744237647772,0.0,0.0,2,False,False,False,,1,False,False
100000001382002100,transit,0.85,0,0.5915,"Пропускает средства не удерживая: получил 55,000 KZT, отдал 56,500 KZT (1.03x) от 1 плательщиков 1 получателям, медианная задержка 4 дн..",1,1,55000.0,56500.0,2,3,0.0006660132624212756,0.0,1.0272727272727273,2,False,False,True,4.0,1,False,False
100000002481735100,terminal,0.72,4,0.4193,"Нет исходящих переводов на 2-м колене (обход не был искусственно прерван, глубина < 4) — получил 22,436 KZT от 1 плательщиков и удержал их.",1,0,22436.0,0.0,2,0,0.00036431141433377863,0.0,0.0,2,False,False,False,,1,False,False
100000000806727100,peripheral,0.4,2,0.3803,"Низкая активность в выборке: 1 вход. / 1 исход., 50,000 KZT суммарно, pass_through=0.11 — выраженных признаков роли не выявлено.",1,1,45000.0,5000.0,1,1,0.0003473862740271751,0.0,0.1111111111111111,2,False,False,False,21.0,1,False,False
100000003039473100,terminal,0.72,4,0.3792,"Нет исходящих переводов на 2-м колене (обход не был искусственно прерван, глубина < 4) — получил 23,000 KZT от 1 плательщиков и удержал их.",1,0,23000.0,0.0,1,0,0.0003135944817852381,0.0,0.0,2,False,False,False,,1,False,False
100000005205745100,terminal,0.72,10,0.3397,"Нет исходящих переводов на 2-м колене (обход не был искусственно прерван, глубина < 4) — получил 6,000 KZT от 1 плательщиков и удержал их.",1,0,6000.0,0.0,1,0,0.0003136533125139488,0.0,0.0,2,False,False,False,,1,False,False
100000004356593100,peripheral,0.4,7,0.3686,"Низкая активность в выборке: 1 вход. / 1 исход., 60,000 KZT суммарно, pass_through=0.20 — выраженных признаков роли не выявлено.",1,1,50000.0,10000.0,1,1,0.00029476455894695685,1.9549530448494444e-05,0.2,2,False,False,False,7.0,1,False,False
100000008688881100,terminal,0.72,1,0.3846,"Нет исходящих переводов на 2-м колене (обход не был искусственно прерван, глубина < 4) — получил 44,211 KZT от 1 плательщиков и удержал их.",1,0,44211.0,0.0,1,0,0.00030192574699046306,0.0,0.0,2,False,False,False,,1,False,False
100000008111003100,peripheral,0.5,0,0.572,"Низкая активность в выборке: 6 вход. / 1 исход., 257,716 KZT суммарно, pass_through=0.16 — выраженных признаков роли не выявлено.",6,1,222716.0,35000.0,9,1,0.00047167789687580923,0.0008970140535353849,0.15715081089818422,2,False,False,True,5.0,2,False,False
100000003016773100,terminal,0.72,5,0.419,"Нет исходящих переводов на 2-м колене (обход не был искусственно прерван, глубина < 4) — получил 46,555 KZT от 1 плательщиков и удержал их.",1,0,46555.0,0.0,1,0,0.00031619941383605584,0.0,0.0,2,False,False,False,,1,False,False
100000004674799100,terminal,0.72,0,0.5686,"Нет исходящих переводов на 2-м колене (обход не был искусственно прерван, глубина < 4) — получил 140,000 KZT от 1 плательщиков и удержал их.",1,0,140000.0,0.0,5,0,0.0007939298298890643,0.0,0.0,2,False,False,False,,1,False,False
100000005834479100,peripheral,0.45,2,0.2563,"Низкая активность в выборке: 1 вход. / 2 исход., 21,970 KZT суммарно, pass_through=1.93 — выраженных признаков роли не выявлено.",1,2,7500.0,14470.0,1,2,0.00028803620691591114,2.0151171844200285e-06,1.9293333333333333,2,False,False,False,,1,False,False
100000003278020100,terminal,0.72,0,0.4895,"Нет исходящих переводов на 2-м колене (обход не был искусственно прерван, глубина < 4) — получил 190,000 KZT от 1 плательщиков и удержал их.",1,0,190000.0,0.0,1,0,0.0003259973532000971,0.0,0.0,2,False,False,False,,1,False,False
100000000831684100,peripheral,0.4,17,0.4834,"Низкая активность в выборке: 1 вход. / 1 исход., 65,000 KZT суммарно, pass_through=3.33 — выраженных признаков роли не выявлено.",1,1,15000.0,50000.0,2,3,0.0019199218378837585,0.0,3.3333333333333335,2,False,False,True,0.0,1,True,False
100000000307908100,terminal,0.72,42,0.2955,"Нет исходящих переводов на 2-м колене (обход не был искусственно прерван, глубина < 4) — получил 5,000 KZT от 1 плательщиков и удержал их.",1,0,5000.0,0.0,1,0,0.00029787536393487927,0.0,0.0,2,False,False,False,,1,False,False
100000001782980100,peripheral,0.4,29,0.5418,"Низкая активность в выборке: 1 вход. / 1 исход., 646,200 KZT суммарно, pass_through=11.92 — выраженных признаков роли не выявлено.",1,1,50000.0,596200.0,1,3,0.0003718880578006442,6.046246530462199e-07,11.924,2,False,False,False,10.0,1,False,False
100000002454724100,terminal,0.72,28,0.4337,"Нет исходящих переводов на 2-м колене (обход не был искусственно прерван, глубина < 4) — получил 125,000 KZT от 1 плательщиков и удержал их.",1,0,125000.0,0.0,3,0,0.0003025294402342171,0.0,0.0,2,False,False,False,,1,False,False
100000005904580100,terminal,0.74,2,0.5082,"Нет исходящих переводов на 2-м колене (обход не был искусственно прерван, глубина < 4) — получил 72,000 KZT от 2 плательщиков и удержал их.",2,0,72000.0,0.0,2,0,0.0005249309055138308,0.0,0.0,2,False,False,False,,2,False,False
100000008474308100,peripheral,0.4,0,0.3754,"Низкая активность в выборке: 1 вход. / 1 исход., 24,000 KZT суммарно, pass_through=0.71 — выраженных признаков роли не выявлено.",1,1,14000.0,10000.0,2,1,0.0004469304204716151,0.0,0.7142857142857143,2,False,False,True,,1,False,False
100000000795033100,terminal,0.72,0,0.4506,"Нет исходящих переводов на 2-м колене (обход не был искусственно прерван, глубина < 4) — получил 18,200 KZT от 1 плательщиков и удержал их.",1,0,18200.0,0.0,1,0,0.0005353514037946001,0.0,0.0,2,False,False,False,,1,False,False
100000000861294100,terminal,0.72,10,0.4661,"Нет исходящих переводов на 2-м колене (обход не был искусственно прерван, глубина < 4) — получил 150,000 KZT от 1 плательщиков и удержал их.",1,0,150000.0,0.0,1,0,0.0003153987117381218,0.0,0.0,2,False,False,False,,1,False,False
100000006557763100,terminal,0.72,7,0.3812,"Нет исходящих переводов на 2-м колене (обход не был искусственно прерван, глубина < 4) — получил 10,000 KZT от 1 плательщиков и удержал их.",1,0,10000.0,0.0,1,0,0.00034871423372879323,0.0,0.0,2,False,False,False,,1,False,False
100000005608515100,terminal,0.72,9,0.3719,"Нет исходящих переводов на 2-м колене (обход не был искусственно прерван, глубина < 4) — получил 64,000 KZT от 1 плательщиков и удержал их.",1,0,64000.0,0.0,4,0,0.00029447025319685754,0.0,0.0,2,False,False,False,,1,False,False
100000003922499100,terminal,0.72,17,0.5007,"Нет исходящих переводов на 2-м колене (обход не был искусственно прерван, глубина < 4) — получил 50,000 KZT от 1 плательщиков и удержал их.",1,0,50000.0,0.0,1,0,0.0005375833478114208,0.0,0.0,2,False,False,False,,1,False,False
100000008603629100,coordinator,0.95,2,0.9901,"Одновременно принимает от 19 плательщиков (1,817,300 KZT) и рассылает 61 получателям (4,986,156 KZT) — двусторонний хаб, кандидат в организаторы.",19,61,1817300.0,4986156.0,45,74,0.0011969051333826275,0.005859219509461027,2.7437165025037142,2,False,False,True,0.0,4,True,True
100000004825069100,terminal,0.72,1,0.3508,"Нет исходящих переводов на 2-м колене (обход не был искусственно прерван, глубина < 4) — получил 30,000 KZT от 1 плательщиков и удержал их.",1,0,30000.0,0.0,4,0,0.0002970794921322359,0.0,0.0,2,False,False,False,,1,False,False
100000004331458100,terminal,0.74,44,0.602,"Нет исходящих переводов на 2-м колене (обход не был искусственно прерван, глубина < 4) — получил 250,000 KZT от 2 плательщиков и удержал их.",2,0,250000.0,0.0,2,0,0.0013288678037691965,0.0,0.0,2,False,False,False,,1,False,False
100000002911170100,terminal,0.72,28,0.5042,"Нет исходящих переводов на 2-м колене (обход не был искусственно прерван, глубина < 4) — получил 300,000 KZT от 1 плательщиков и удержал их.",1,0,300000.0,0.0,2,0,0.00032448226561692723,0.0,0.0,2,False,False,False,,1,False,False
100000008011159100,peripheral,0.5,36,0.5916,"Низкая активность в выборке: 3 вход. / 5 исход., 516,037 KZT суммарно, pass_through=0.42 — выраженных признаков роли не выявлено.",3,5,363000.0,153037.0,6,5,0.00048822818856943286,0.00012420501935201975,0.4215895316804408,2,False,False,True,7.0,1,False,False
100000003854444100,distributor,0.38,19,0.8436,"Рассылает 14 получателям (2,322,909 KZT), получая лишь от 1 плательщиков — веерное распределение средств вниз по цепочке.",1,14,210000.0,2322909.0,4,14,0.00046881298793918145,0.0010936814222312309,11.061471428571428,2,False,False,False,1.5,1,True,False
100000008547948100,distributor,0.62,5,0.8414,"Рассылает 26 получателям (5,185,600 KZT), получая лишь от 6 плательщиков — веерное распределение средств вниз по цепочке.",6,26,212665.0,5185600.0,7,31,0.00043046983886426077,0.0011516115029891866,24.383890155878966,2,False,False,True,0.0,4,True,True
100000005175148100,peripheral,0.45,4,0.4813,"Низкая активность в выборке: 2 вход. / 1 исход., 94,000 KZT суммарно, pass_through=0.19 — выраженных признаков роли не выявлено.",2,1,79000.0,15000.0,4,1,0.0007224239433805337,0.0,0.189873417721519,2,False,False,True,1.0,1,True,False
100000002087788100,terminal,0.72,3,0.5529,"Нет исходящих переводов на 2-м колене (обход не был искусственно прерван, глубина < 4) — получил 100,500 KZT от 1 плательщиков и удержал их.",1,0,100500.0,0.0,1,0,0.0006613596572143565,0.0,0.0,2,False,False,False,,1,False,False
100000004150593100,distributor,0.33,4,0.7529,"Рассылает 11 получателям (871,165 KZT), получая лишь от 1 плательщиков — веерное распределение средств вниз по цепочке.",1,11,57000.0,871165.0,2,16,0.00030799607750570075,0.00022543818568173185,15.28359649122807,2,False,False,True,0.0,1,True,False
100000001597505100,peripheral,0.4,31,0.4045,"Низкая активность в выборке: 1 вход. / 1 исход., 39,380 KZT суммарно, pass_through=0.49 — выраженных признаков роли не выявлено.",1,1,26460.0,12920.0,1,1,0.0003161605068482809,9.956152620161088e-06,0.48828420256991684,2,False,False,False,,1,False,False
100000007629121100,terminal,0.72,7,0.4449,"Нет исходящих переводов на 2-м колене (обход не был искусственно прерван, глубина < 4) — получил 29,000 KZT от 1 плательщиков и удержал их.",1,0,29000.0,0.0,1,0,0.0003977748286701752,0.0,0.0,2,False,False,False,,1,False,False
100000005614315100,terminal,0.72,4,0.5967,"Нет исходящих переводов на 2-м колене (обход не был искусственно прерван, глубина < 4) — получил 455,000 KZT от 1 плательщиков и удержал их.",1,0,455000.0,0.0,1,0,0.0005776190601164823,0.0,0.0,2,False,False,False,,1,False,False
100000008324800100,transit,0.84,3,0.7436,"Пропускает средства не удерживая: получил 526,500 KZT, отдал 511,000 KZT (0.97x) от 3 плательщиков 1 получателям, медианная задержка 0 дн..",3,1,526500.0,511000.0,17,13,0.0018767530718553356,1.9549530448494444e-05,0.9705603038936372,2,False,False,True,0.0,2,True,False
100000005030592100,terminal,0.72,15,0.255,"Нет исходящих переводов на 2-м колене (обход не был искусственно прерван, глубина < 4) — получил 10,000 KZT от 1 плательщиков и удержал их.",1,0,10000.0,0.0,1,0,0.00029004313624476756,0.0,0.0,2,False,False,False,,1,False,False
100000001633685100,terminal,0.76,0,0.4002,"Нет исходящих переводов на 2-м колене (обход не был искусственно прерван, глубина < 4) — получил 45,000 KZT от 3 плательщиков и удержал их.",3,0,45000.0,0.0,3,0,0.0003075538727983914,0.0,0.0,2,False,False,False,,1,False,False
100000001848426100,terminal,0.72,10,0.4303,"Нет исходящих переводов на 2-м колене (обход не был искусственно прерван, глубина < 4) — получил 95,530 KZT от 1 плательщиков и удержал их.",1,0,95530.0,0.0,1,0,0.0003050313055241171,0.0,0.0,2,False,False,False,,1,False,False
100000004580202100,peripheral,0.5,23,0.4507,"Низкая активность в выборке: 1 вход. / 3 исход., 54,000 KZT суммарно, pass_through=5.00 — выраженных признаков роли не выявлено.",1,3,9000.0,45000.0,1,4,0.0003231892346538889,6.046246530462199e-05,5.0,2,False,False,False,2.0,1,True,False
100000008717375100,terminal,0.72,7,0.3715,"Нет исходящих переводов на 2-м колене (обход не был искусственно прерван, глубина < 4) — получил 29,506 KZT от 1 плательщиков и удержал их.",1,0,29506.0,0.0,1,0,0.00030312311143441273,0.0,0.0,2,False,False,False,,1,False,False
100000007861311100,terminal,0.72,9,0.45,"Нет исходящих переводов на 2-м колене (обход не был искусственно прерван, глубина < 4) — получил 45,000 KZT от 1 плательщиков и удержал их.",1,0,45000.0,0.0,1,0,0.00036012653962218364,0.0,0.0,2,False,False,False,,1,False,False
100000005578559100,distributor,0.52,8,0.8187,"Рассылает 21 получателям (893,164 KZT), получая лишь от 2 плательщиков — веерное распределение средств вниз по цепочке.",2,21,131000.0,893163.67,2,23,0.00039274226148974404,0.0009833140294916325,6.818043282442749,2,False,False,True,0.0,1,True,False
100000008764436100,terminal,0.72,1,0.2766,"Нет исходящих переводов на 2-м колене (обход не был искусственно прерван, глубина < 4) — получил 13,100 KZT от 1 плательщиков и удержал их.",1,0,13100.0,0.0,1,0,0.000291316230778071,0.0,0.0,2,False,False,False,,1,False,False
100000000190228100,peripheral,0.4,9,0.499,"Низкая активность в выборке: 1 вход. / 1 исход., 33,560 KZT суммарно, pass_through=5.71 — выраженных признаков роли не выявлено.",1,1,5000.0,28560.0,1,1,0.000584572299626703,2.1968029060679322e-05,5.712,2,False,False,False,,1,False,False
100000003971049100,terminal,0.72,0,0.3741,"Нет исходящих переводов на 2-м колене (обход не был искусственно прерван, глубина < 4) — получил 55,900 KZT от 1 плательщиков и удержал их.",1,0,55900.0,0.0,7,0,0.0002955814011649151,0.0,0.0,2,False,False,False,,1,False,False
100000008743913100,distributor,0.36,18,0.797,"Рассылает 13 получателям (1,850,600 KZT), получая лишь от 3 плательщиков — веерное распределение средств вниз по цепочке.",3,13,149300.0,1850600.0,3,13,0.000333585190840509,0.00031130865874268865,12.395177494976558,2,False,False,False,0.0,2,True,False
100000004400361100,terminal,0.72,4,0.2395,"Нет исходящих переводов на 2-м колене (обход не был искусственно прерван, глубина < 4) — получил 10,000 KZT от 1 плательщиков и удержал их.",1,0,10000.0,0.0,1,0,0.0002885122425874011,0.0,0.0,2,False,False,False,,1,False,False
100000002175422100,peripheral,0.5,30,0.6533,"Низкая активность в выборке: 3 вход. / 6 исход., 1,689,688 KZT суммарно, pass_through=23.67 — выраженных признаков роли не выявлено.",3,6,68500.0,1621188.0,5,14,0.0008493337041109501,0.0001614347823633407,23.66697810218978,2,False,False,True,1.0,2,True,False
100000004544958100,peripheral,0.45,11,0.5936,"Низкая активность в выборке: 1 вход. / 2 исход., 191,200 KZT суммарно, pass_through=0.14 — выраженных признаков роли не выявлено.",1,2,168000.0,23200.0,3,2,0.001220845768505495,2.1161862856617695e-05,0.1380952380952381,2,False,False,True,2.0,1,True,False
100000008466579100,distributor,0.44,5,0.811,"Рассылает 17 получателям (1,933,000 KZT), получая лишь от 2 плательщиков — веерное распределение средств вниз по цепочке.",2,17,36952.0,1933000.0,2,20,0.0003559298666444721,0.0005142948495563981,52.31110630006495,2,False,False,True,0.5,1,True,False
100000001184915100,terminal,0.72,15,0.5094,"Нет исходящих переводов на 2-м колене (обход не был искусственно прерван, глубина < 4) — получил 201,000 KZT от 1 плательщиков и удержал их.",1,0,201000.0,0.0,2,0,0.00035105399062468524,0.0,0.0,2,False,False,False,,1,False,False
100000004435304100,terminal,0.72,1,0.3385,"Нет исходящих переводов на 2-м колене (обход не был искусственно прерван, глубина < 4) — получил 26,200 KZT от 1 плательщиков и удержал их.",1,0,26200.0,0.0,1,0,0.0002957836108810036,0.0,0.0,2,False,False,False,,1,False,False
100000008762728100,terminal,0.72,15,0.3755,"Нет исходящих переводов на 2-м колене (обход не был искусственно прерван, глубина < 4) — получил 17,026 KZT от 1 плательщиков и удержал их.",1,0,17026.0,0.0,1,0,0.0003191179059845172,0.0,0.0,2,False,False,False,,1,False,False
100000004285800100,peripheral,0.4,0,0.3341,"Низкая активность в выборке: 1 вход. / 1 исход., 20,000 KZT суммарно, pass_through=3.00 — выраженных признаков роли не выявлено.",1,1,5000.0,15000.0,1,1,0.00034574603210178083,0.0,3.0,2,False,False,False,,1,False,False
100000008557672100,terminal,0.72,1,0.3963,"Нет исходящих переводов на 2-м колене (обход не был искусственно прерван, глубина < 4) — получил 49,125 KZT от 1 плательщиков и удержал их.",1,0,49125.0,0.0,1,0,0.00030360152606113565,0.0,0.0,2,False,False,False,,1,False,False
100000005142589100,terminal,0.72,0,0.4145,"Нет исходящих переводов на 2-м колене (обход не был искусственно прерван, глубина < 4) — получил 50,000 KZT от 1 плательщиков и удержал их.",1,0,50000.0,0.0,2,0,0.0003117547395403754,0.0,0.0,2,False,False,False,,1,False,False
100000003747133100,transit,0.79,40,0.6702,"Пропускает средства не удерживая: получил 237,068 KZT, отдал 250,000 KZT (1.05x) от 5 плательщиков 2 получателям, медианная задержка 3 дн..",5,2,237068.0,250000.0,8,2,0.0003797416045329042,9.774765224247222e-05,1.0545497494389795,2,False,False,False,3.0,2,False,False
100000003289405100,terminal,0.72,7,0.5218,"Нет исходящих переводов на 2-м колене (обход не был искусственно прерван, глубина < 4) — получил 355,000 KZT от 1 плательщиков и удержал их.",1,0,355000.0,0.0,1,0,0.0003405024132859843,0.0,0.0,2,False,False,False,,1,False,False
100000002691858100,terminal,0.72,31,0.4511,"Нет исходящих переводов на 2-м колене (обход не был искусственно прерван, глубина < 4) — получил 51,500 KZT от 1 плательщиков и удержал их.",1,0,51500.0,0.0,1,0,0.0003438991262955783,0.0,0.0,2,False,False,False,,1,False,False
100000007534354100,peripheral,0.5,8,0.4484,"Низкая активность в выборке: 1 вход. / 3 исход., 197,810 KZT суммарно, pass_through=2.96 — выраженных признаков роли не выявлено.",1,3,50000.0,147810.0,1,3,0.00030490407859112926,2.4184986121848796e-06,2.9562,2,False,False,False,,1,False,False
100000000765628100,terminal,0.72,4,0.3424,"Нет исходящих переводов на 2-м колене (обход не был искусственно прерван, глубина < 4) — получил 5,000 KZT от 1 плательщиков и удержал их.",1,0,5000.0,0.0,1,0,0.00031683162772349065,0.0,0.0,2,False,False,False,,1,False,False
100000004962193100,consolidator,0.35,0,0.812,"Получает от 8 разных плательщиков (900,468 KZT), уходит дальше 0% — точка накопления средств.",8,0,900468.0,0.0,11,0,0.0006601649087275743,0.0,0.0,2,False,False,False,,5,False,True
100000005032294100,terminal,0.72,13,0.3995,"Нет исходящих переводов на 2-м колене (обход не был искусственно прерван, глубина < 4) — получил 10,000 KZT от 1 плательщиков и удержал их.",1,0,10000.0,0.0,1,0,0.00039408031381263944,0.0,0.0,2,False,False,False,,1,False,False
100000001251686100,terminal,0.72,0,0.3292,"Нет исходящих переводов на 2-м колене (обход не был искусственно прерван, глубина < 4) — получил 18,000 KZT от 1 плательщиков и удержал их.",1,0,18000.0,0.0,1,0,0.0002978930374110545,0.0,0.0,2,False,False,False,,1,False,False
100000002398779100,consolidator,0.54,0,0.8972,"Получает от 13 разных плательщиков (1,095,690 KZT), уходит дальше 6% — точка накопления средств.",13,1,1095690.0,66000.0,28,3,0.0016072661759540486,1.2999430040493728e-05,0.06023601566136407,2,False,False,False,0.0,7,True,True
100000008512827100,distributor,0.31,12,0.7965,"Рассылает 10 получателям (1,944,500 KZT), получая лишь от 3 плательщиков — веерное распределение средств вниз по цепочке.",3,10,107949.0,1944500.0,3,10,0.00033674656361513174,0.00013961710969786337,18.01313583266172,2,False,False,False,1.0,1,True,False
100000003943483100,terminal,0.72,17,0.3689,"Нет исходящих переводов на 2-м колене (обход не был искусственно прерван, глубина < 4) — получил 10,000 KZT от 1 плательщиков и удержал их.",1,0,10000.0,0.0,1,0,0.00033042891179093194,0.0,0.0,2,False,False,False,,1,False,False
100000005031696100,peripheral,0.45,49,0.5555,"Низкая активность в выборке: 1 вход. / 2 исход., 120,000 KZT суммарно, pass_through=23.00 — выраженных признаков роли не выявлено.",1,2,5000.0,115000.0,1,3,0.000542069147772073,9.75461106914568e-05,23.0,2,False,False,False,2.0,1,True,False
100000002703376100,terminal,0.72,0,0.3537,"Нет исходящих переводов на 2-м колене (обход не был искусственно прерван, глубина < 4) — получил 46,501 KZT от 1 плательщиков и удержал их.",1,0,46501.0,0.0,1,0,0.0002941131141872154,0.0,0.0,2,False,False,False,,1,False,False
100000003617552100,terminal,0.72,29,0.4741,"Нет исходящих переводов на 2-м колене (обход не был искусственно прерван, глубина < 4) — получил 25,000 KZT от 1 плательщиков и удержал их.",1,0,25000.0,0.0,1,0,0.0005534417558517753,0.0,0.0,2,False,False,False,,1,False,False
100000007617808100,terminal,0.72,4,0.5407,"Нет исходящих переводов на 2-м колене (обход не был искусственно прерван, глубина < 4) — получил 450,000 KZT от 1 плательщиков и удержал их.",1,0,450000.0,0.0,1,0,0.0003617014867269627,0.0,0.0,2,False,False,False,,1,False,False
100000002613776100,terminal,0.72,0,0.3722,"Нет исходящих переводов на 2-м колене (обход не был искусственно прерван, глубина < 4) — получил 30,000 KZT от 1 плательщиков и удержал их.",1,0,30000.0,0.0,2,0,0.00030283329907520294,0.0,0.0,2,False,False,False,,1,False,False
100000002578405100,distributor,0.95,6,0.8704,"Рассылает 116 получателям (3,108,352 KZT), получая лишь от 2 плательщиков — веерное распределение средств вниз по цепочке.",2,116,1200351.0,3108352.0,7,120,0.0005724925422578232,0.00017393035852629593,2.589535894084314,2,False,False,True,0.0,1,True,False
100000006161893100,terminal,0.72,4,0.4368,"Нет исходящих переводов на 2-м колене (обход не был искусственно прерван, глубина < 4) — получил 14,000 KZT от 1 плательщиков и удержал их.",1,0,14000.0,0.0,1,0,0.0005341853190630782,0.0,0.0,2,False,False,False,,1,False,False
100000002633701100,terminal,0.72,9,0.4816,"Нет исходящих переводов на 2-м колене (обход не был искусственно прерван, глубина < 4) — получил 266,850 KZT от 1 плательщиков и удержал их.",1,0,266850.0,0.0,1,0,0.0003120657782800948,0.0,0.0,2,False,False,False,,1,False,False
100000002432143100,terminal,0.72,0,0.4625,"Нет исходящих переводов на 2-м колене (обход не был искусственно прерван, глубина < 4) — получил 81,310 KZT от 1 плательщиков и удержал их.",1,0,81310.0,0.0,1,0,0.0003367378964249906,0.0,0.0,2,False,False,False,,1,False,False
100000000490383100,peripheral,0.5,4,0.6053,"Низкая активность в выборке: 3 вход. / 8 исход., 523,975 KZT суммарно, pass_through=7.37 — выраженных признаков роли не выявлено.",3,8,62600.0,461375.0,3,9,0.0005504333625377887,5.2535164298015986e-05,7.37020766773163,2,False,False,False,8.0,1,False,False
100000005809252100,terminal,0.72,3,0.4786,"Нет исходящих переводов на 2-м колене (обход не был искусственно прерван, глубина < 4) — получил 25,000 KZT от 1 плательщиков и удержал их.",1,0,25000.0,0.0,1,0,0.0005695877439578756,0.0,0.0,2,False,False,False,,1,False,False
100000006612238100,peripheral,0.4,1,0.4297,"Низкая активность в выборке: 1 вход. / 1 исход., 185,000 KZT суммарно, pass_through=0.16 — выраженных признаков роли не выявлено.",1,1,160000.0,25000.0,1,1,0.00034141227177965876,0.0,0.15625,2,False,False,True,0.0,1,True,False
100000002593038100,terminal,0.72,2,0.4945,"Нет исходящих переводов на 2-м колене (обход не был искусственно прерван, глубина < 4) — получил 28,500 KZT от 1 плательщиков и удержал их.",1,0,28500.0,0.0,1,0,0.0006614605263425352,0.0,0.0,2,False,False,False,,1,False,False
100000002947299100,terminal,0.72,0,0.4666,"Нет исходящих переводов на 2-м колене (обход не был искусственно прерван, глубина < 4) — получил 85,000 KZT от 1 плательщиков и удержал их.",1,0,85000.0,0.0,1,0,0.0003390019547058534,0.0,0.0,2,False,False,False,,1,False,False
100000004336312100,transit,0.51,20,0.6827,"Пропускает средства не удерживая: получил 90,415 KZT, отдал 72,650 KZT (0.80x) от 3 плательщиков 2 получателям, медианная задержка 3 дн..",3,2,90415.0,72650.0,7,3,0.0006989602995804726,3.436283444812683e-05,0.8035171155228668,2,False,False,True,3.0,3,False,True
100000001308856100,terminal,0.72,1,0.3413,"Нет исходящих переводов на 2-м колене (обход не был искусственно прерван, глубина < 4) — получил 27,000 KZT от 1 плательщиков и удержал их.",1,0,27000.0,0.0,1,0,0.00029605642798652616,0.0,0.0,2,False,False,False,,1,False,False
100000008238989100,terminal,0.72,23,0.491,"Нет исходящих переводов на 2-м колене (обход не был искусственно прерван, глубина < 4) — получил 200,000 KZT от 1 плательщиков и удержал их.",1,0,200000.0,0.0,2,0,0.00032468634510831316,0.0,0.0,2,False,False,False,,1,False,False
100000005561741100,terminal,0.72,8,0.4059,"Нет исходящих переводов на 2-м колене (обход не был искусственно прерван, глубина < 4) — получил 25,000 KZT от 1 плательщиков и удержал их.",1,0,25000.0,0.0,1,0,0.0003313147812804973,0.0,0.0,2,False,False,False,,1,False,False
100000006248077100,terminal,0.72,4,0.3655,"Нет исходящих переводов на 2-м колене (обход не был искусственно прерван, глубина < 4) — получил 50,000 KZT от 1 плательщиков и удержал их.",1,0,50000.0,0.0,1,0,0.0002951658102364522,0.0,0.0,2,False,False,False,,1,False,False
100000000646541100,terminal,0.76,0,0.4586,"Нет исходящих переводов на 2-м колене (обход не был искусственно прерван, глубина < 4) — получил 25,300 KZT от 3 плательщиков и удержал их.",3,0,25300.0,0.0,4,0,0.0005080733109951697,0.0,0.0,2,False,False,False,,1,False,False
100000006595426100,terminal,0.72,0,0.4645,"Нет исходящих переводов на 2-м колене (обход не был искусственно прерван, глубина < 4) — получил 84,800 KZT от 1 плательщиков и удержал их.",1,0,84800.0,0.0,3,0,0.0003358072321954047,0.0,0.0,2,False,False,False,,1,False,False
100000002956898100,terminal,0.74,15,0.5334,"Нет исходящих переводов на 2-м колене (обход не был искусственно прерван, глубина < 4) — получил 290,240 KZT от 2 плательщиков и удержал их.",2,0,290240.0,0.0,2,0,0.00037849375109358233,0.0,0.0,2,False,False,False,,1,False,False
100000001262647100,terminal,0.72,15,0.3643,"Нет исходящих переводов на 2-м колене (обход не был искусственно прерван, глубина < 4) — получил 23,650 KZT от 1 плательщиков и удержал их.",1,0,23650.0,0.0,1,0,0.0003047476126040102,0.0,0.0,2,False,False,False,,1,False,False
100000005849100100,terminal,0.72,7,0.4695,"Нет исходящих переводов на 2-м колене (обход не был искусственно прерван, глубина < 4) — получил 33,300 KZT от 1 плательщиков и удержал их.",1,0,33300.0,0.0,1,0,0.0004928605762438091,0.0,0.0,2,False,False,False,,1,False,False
100000000533217100,terminal,0.72,0,0.5256,"Нет исходящих переводов на 2-м колене (обход не был искусственно прерван, глубина < 4) — получил 53,587 KZT от 1 плательщиков и удержал их.",1,0,53587.0,0.0,1,0,0.0006562721839885975,0.0,0.0,2,False,False,False,,1,False,False
100000002812641100,peripheral,0.4,9,0.4206,"Низкая активность в выборке: 1 вход. / 1 исход., 17,024 KZT суммарно, pass_through=0.70 — выраженных признаков роли не выявлено.",1,1,10000.0,7023.95,1,1,0.002098796144747264,0.0,0.702395,2,False,False,True,1.0,1,True,False
100000008647905100,peripheral,0.45,19,0.524,"Низкая активность в выборке: 1 вход. / 2 исход., 394,222 KZT суммарно, pass_through=6.88 — выраженных признаков роли не выявлено.",1,2,50000.0,344222.0,1,2,0.0003301736452618153,3.909906089698889e-05,6.88444,2,False,False,False,1.0,1,True,False
100000002842337100,terminal,0.72,9,0.4608,"Нет исходящих переводов на 2-м колене (обход не был искусственно прерван, глубина < 4) — получил 50,000 KZT от 1 плательщиков и удержал их.",1,0,50000.0,0.0,1,0,0.00036826850506074414,0.0,0.0,2,False,False,False,,1,False,False
100000002445750100,peripheral,0.4,0,0.5196,"Низкая активность в выборке: 1 вход. / 1 исход., 80,000 KZT суммарно, pass_through=0.14 — выраженных признаков роли не выявлено.",1,1,70000.0,10000.0,1,1,0.0005396399331413593,1.975107199950985e-05,0.14285714285714285,2,False,False,False,,1,False,False
100000005619339100,transit,0.72,4,0.4005,"Пропускает средства не удерживая: получил 5,000 KZT, отдал 5,443 KZT (1.09x) от 1 плательщиков 1 получателям.",1,1,5000.0,5442.6,1,1,0.00032225534682256554,0.0,1.0885200000000002,2,False,False,False,,1,False,False
100000006844768100,peripheral,0.45,0,0.6307,"Низкая активность в выборке: 1 вход. / 2 исход., 470,000 KZT суммарно, pass_through=0.67 — выраженных признаков роли не выявлено.",1,2,282000.0,188000.0,5,5,0.0013800617680781104,3.95021439990197e-05,0.6666666666666666,2,False,False,True,3.0,1,False,False
100000002488629100,terminal,0.72,10,0.404,"Нет исходящих переводов на 2-м колене (обход не был искусственно прерван, глубина < 4) — получил 73,050 KZT от 1 плательщиков и удержал их.",1,0,73050.0,0.0,1,0,0.0003007526330128113,0.0,0.0,2,False,False,False,,1,False,False
100000002796853100,peripheral,0.4,61,0.5371,"Низкая активность в выборке: 1 вход. / 1 исход., 245,168 KZT суммарно, pass_through=0.23 — выраженных признаков роли не выявлено.",1,1,199000.0,46167.62,8,5,0.002149784294916272,0.0,0.23199809045226133,2,False,False,True,1.0,1,True,False
100000006755850100,terminal,0.72,3,0.6026,"Нет исходящих переводов на 2-м колене (обход не был искусственно прерван, глубина < 4) — получил 443,476 KZT от 1 плательщиков и удержал их.",1,0,443475.8,0.0,3,0,0.0006519969602831516,0.0,0.0,2,False,False,False,,1,False,False
100000008733194100,peripheral,0.5,14,0.5835,"Низкая активность в выборке: 4 вход. / 8 исход., 411,119 KZT суммарно, pass_through=0.64 — выраженных признаков роли не выявлено.",4,8,251424.0,159695.0,4,8,0.0004727805244094759,0.000203887830571811,0.6351621165839378,2,False,False,True,0.0,2,True,False
100000001904863100,terminal,0.72,13,0.5739,"Нет исходящих переводов на 2-м колене (обход не был искусственно прерван, глубина < 4) — получил 500,000 KZT от 1 плательщиков и удержал их.",1,0,500000.0,0.0,1,0,0.0004840718759531958,0.0,0.0,2,False,False,False,,1,False,False
100000001641951100,terminal,0.72,2,0.396,"Нет исходящих переводов на 2-м колене (обход не был искусственно прерван, глубина < 4) — получил 25,000 KZT от 1 плательщиков и удержал их.",1,0,25000.0,0.0,4,0,0.00032048075253738104,0.0,0.0,2,False,False,False,,1,False,False
100000004816564100,peripheral,0.4,15,0.5296,"Низкая активность в выборке: 1 вход. / 1 исход., 290,480 KZT суммарно, pass_through=0.02 — выраженных признаков роли не выявлено.",1,1,285480.0,5000.0,1,1,0.00037803931511691275,1.9549530448494444e-05,0.01751436177665686,2,False,False,False,1.0,1,True,False
100000002205022100,peripheral,0.5,55,0.6047,"Низкая активность в выборке: 1 вход. / 3 исход., 525,100 KZT суммарно, pass_through=72.96 — выраженных признаков роли не выявлено.",1,3,7100.0,518000.0,1,3,0.0005480158521231138,5.54463200349052e-05,72.95774647887323,2,False,False,False,2.0,1,True,False
100000002267998100,peripheral,0.5,23,0.6562,"Низкая активность в выборке: 2 вход. / 3 исход., 1,535,000 KZT суммарно, pass_through=2.65 — выраженных признаков роли не выявлено.",2,3,420000.0,1115000.0,4,12,0.001596336356637094,5.985784065157577e-05,2.6547619047619047,2,False,False,True,3.0,1,False,False
100000002199091100,terminal,0.72,1,0.4214,"Нет исходящих переводов на 2-м колене (обход не был искусственно прерван, глубина < 4) — получил 65,000 KZT от 1 плательщиков и удержал их.",1,0,65000.0,0.0,1,0,0.0003090152404988498,0.0,0.0,2,False,False,False,,1,False,False
100000008571443100,terminal,0.74,14,0.4353,"Нет исходящих переводов на 2-м колене (обход не был искусственно прерван, глубина < 4) — получил 65,000 KZT от 2 плательщиков и удержал их.",2,0,65000.0,0.0,2,0,0.00031615005477357013,0.0,0.0,2,False,False,False,,1,False,False
100000002742067100,terminal,0.72,15,0.2712,"Нет исходящих переводов на 2-м колене (обход не был искусственно прерван, глубина < 4) — получил 12,730 KZT от 1 плательщиков и удержал их.",1,0,12730.0,0.0,1,0,0.0002909151762052763,0.0,0.0,2,False,False,False,,1,False,False
100000003292979100,terminal,0.72,7,0.4377,"Нет исходящих переводов на 2-м колене (обход не был искусственно прерван, глубина < 4) — получил 48,950 KZT от 1 плательщиков и удержал их.",1,0,48950.0,0.0,1,0,0.0003317827747839172,0.0,0.0,2,False,False,False,,1,False,False
100000002558173100,terminal,0.72,31,0.3018,"Нет исходящих переводов на 2-м колене (обход не был искусственно прерван, глубина < 4) — получил 9,300 KZT от 1 плательщиков и удержал их.",1,0,9300.0,0.0,1,0,0.0002971511334570819,0.0,0.0,2,False,False,False,,1,False,False
100000004687282100,terminal,0.72,4,0.3968,"Нет исходящих переводов на 2-м колене (обход не был искусственно прерван, глубина < 4) — получил 20,000 KZT от 1 плательщиков и удержал их.",1,0,20000.0,0.0,1,0,0.0003337445070092051,0.0,0.0,2,False,False,False,,1,False,False
100000003034546100,terminal,0.72,9,0.5262,"Нет исходящих переводов на 2-м колене (обход не был искусственно прерван, глубина < 4) — получил 486,715 KZT от 1 плательщиков и удержал их.",1,0,486715.0,0.0,2,0,0.0003328426933554695,0.0,0.0,2,False,False,False,,1,False,False
100000003798151100,terminal,0.72,4,0.5879,"Нет исходящих переводов на 2-м колене (обход не был искусственно прерван, глубина < 4) — получил 350,000 KZT от 1 плательщиков и удержал их.",1,0,350000.0,0.0,3,0,0.0005779100190365989,0.0,0.0,2,False,False,False,,1,False,False
100000008710791100,distributor,0.56,5,0.804,"Рассылает 23 получателям (5,521,511 KZT), получая лишь от 3 плательщиков — веерное распределение средств вниз по цепочке.",3,23,181510.0,5521511.0,3,25,0.0003357504918816128,0.00031999845656290716,30.41987218335078,2,False,False,False,0.0,1,True,False
100000008688476100,terminal,0.72,1,0.3288,"Нет исходящих переводов на 2-м колене (обход не был искусственно прерван, глубина < 4) — получил 24,000 KZT от 1 плательщиков и удержал их.",1,0,24000.0,0.0,1,0,0.00029503336384081646,0.0,0.0,2,False,False,False,,1,False,False
100000003242289100,distributor,0.56,16,0.8415,"Рассылает 23 получателям (2,377,741 KZT), получая лишь от 3 плательщиков — веерное распределение средств вниз по цепочке.",3,23,550791.0,2377741.0,8,26,0.00044164083204680177,0.001018500903825114,4.316956885642648,2,False,False,True,0.5,2,True,False
100000006564102100,terminal,0.72,0,0.539,"Нет исходящих переводов на 2-м колене (обход не был искусственно прерван, глубина < 4) — получил 233,235 KZT от 1 плательщиков и удержал их.",1,0,233235.0,0.0,1,0,0.0004299539003057715,0.0,0.0,2,False,False,False,,1,False,False
100000001526235100,peripheral,0.5,26,0.638,"Низкая активность в выборке: 3 вход. / 8 исход., 514,750 KZT суммарно, pass_through=5.28 — выраженных признаков роли не выявлено.",3,8,82000.0,432750.0,4,9,0.0008816319237140674,0.0002609963085649516,5.277439024390244,2,False,False,True,4.5,1,False,False
100000004398811100,peripheral,0.5,7,0.5469,"Низкая активность в выборке: 1 вход. / 3 исход., 1,466,672 KZT суммарно, pass_through=2.44 — выраженных признаков роли не выявлено.",1,3,426000.0,1040672.0,1,4,0.00035123312580815345,1.5115616326155497e-06,2.4428920187793426,2,False,False,False,0.0,1,True,False
100000002957787100,distributor,0.75,0,0.8732,"Рассылает 34 получателям (1,276,154 KZT), получая лишь от 4 плательщиков — веерное распределение средств вниз по цепочке.",4,34,84956.0,1276153.96,7,41,0.0006165068183473814,0.004349913946687339,15.02135175855737,2,False,False,True,0.0,2,True,False
100000002621915100,terminal,0.72,4,0.4154,"Нет исходящих переводов на 2-м колене (обход не был искусственно прерван, глубина < 4) — получил 5,000 KZT от 1 плательщиков и удержал их.",1,0,5000.0,0.0,1,0,0.0005343718543091357,0.0,0.0,2,False,False,False,,1,False,False
100000008283183100,terminal,0.72,1,0.3464,"Нет исходящих переводов на 2-м колене (обход не был искусственно прерван, глубина < 4) — получил 29,000 KZT от 1 плательщиков и удержал их.",1,0,29000.0,0.0,1,0,0.0002967384707503327,0.0,0.0,2,False,False,False,,1,False,False
100000003843844100,peripheral,0.4,14,0.4134,"Низкая активность в выборке: 1 вход. / 1 исход., 254,680 KZT суммарно, pass_through=14.27 — выраженных признаков роли не выявлено.",1,1,16680.0,238000.0,1,1,0.0002930486894899771,1.9549530448494444e-05,14.268585131894485,3,False,False,False,9.0,1,False,False
100000000954884100,terminal,0.72,32,0.3985,"Нет исходящих переводов на 3-м колене (обход не был искусственно прерван, глубина < 4) — получил 34,000 KZT от 1 плательщиков и удержал их.",1,0,34000.0,0.0,1,0,0.0003128824264424135,0.0,0.0,3,False,False,False,,1,False,False
100000005893892100,terminal,0.72,3,0.3596,"Нет исходящих переводов на 3-м колене (обход не был искусственно прерван, глубина < 4) — получил 102,780 KZT от 1 плательщиков и удержал их.",1,0,102780.0,0.0,1,0,0.0002901929711701949,0.0,0.0,3,False,False,False,,1,False,False
100000001819396100,terminal,0.72,27,0.4869,"Нет исходящих переводов на 3-м колене (обход не был искусственно прерван, глубина < 4) — получил 166,080 KZT от 1 плательщиков и удержал их.",1,0,166080.0,0.0,1,0,0.0003286570329794405,0.0,0.0,3,False,False,False,,1,False,False
100000008472324100,terminal,0.72,3,0.4131,"Нет исходящих переводов на 3-м колене (обход не был искусственно прерван, глубина < 4) — получил 205,200 KZT от 1 плательщиков и удержал их.",1,0,205200.0,0.0,1,0,0.0002935253784586138,0.0,0.0,3,False,False,False,,1,False,False
100000002646745100,terminal,0.72,6,0.2477,"Нет исходящих переводов на 3-м колене (обход не был искусственно прерван, глубина < 4) — получил 12,300 KZT от 1 плательщиков и удержал их.",1,0,12300.0,0.0,1,0,0.0002887765123468335,0.0,0.0,3,False,False,False,,1,False,False
100000008405209100,terminal,0.72,16,0.3726,"Нет исходящих переводов на 3-м колене (обход не был искусственно прерван, глубина < 4) — получил 54,400 KZT от 1 плательщиков и удержал их.",1,0,54400.0,0.0,1,0,0.000295446660665207,0.0,0.0,3,False,False,False,,1,False,False
100000004417753100,terminal,0.74,7,0.5242,"Нет исходящих переводов на 3-м колене (обход не был искусственно прерван, глубина < 4) — получил 192,099 KZT от 2 плательщиков и удержал их.",2,0,192099.0,0.0,2,0,0.0003948780666174993,0.0,0.0,3,False,False,False,,2,False,False
100000003457710100,peripheral,0.4,3,0.4788,"Низкая активность в выборке: 1 вход. / 1 исход., 1,632,555 KZT суммарно, pass_through=4.00 — выраженных признаков роли не выявлено.",1,1,326555.0,1306000.0,1,2,0.0002974738678794894,1.9549530448494444e-05,3.999326300316945,3,False,False,False,0.0,1,True,False
100000007333038100,peripheral,0.45,12,0.3834,"Низкая активность в выборке: 1 вход. / 2 исход., 52,494 KZT суммарно, pass_through=2.00 — выраженных признаков роли не выявлено.",1,2,17500.0,34994.0,1,2,0.00030102883105703315,1.612332408123253e-06,1.9996571428571428,3,False,False,False,,1,False,False
100000006444163100,terminal,0.72,0,0.3518,"Нет исходящих переводов на 3-м колене (обход не был искусственно прерван, глубина < 4) — получил 6,026 KZT от 1 плательщиков и удержал их.",1,0,6026.0,0.0,1,0,0.0003206554253053999,0.0,0.0,3,False,False,False,,1,False,False
100000008706947100,terminal,0.72,6,0.267,"Нет исходящих переводов на 3-м колене (обход не был искусственно прерван, глубина < 4) — получил 17,200 KZT от 1 плательщиков и удержал их.",1,0,17200.0,0.0,1,0,0.00028954444260628927,0.0,0.0,3,False,False,False,,1,False,False
100000008761219100,peripheral,0.5,18,0.4491,"Низкая активность в выборке: 2 вход. / 2 исход., 425,000 KZT суммарно, pass_through=7.50 — выраженных признаков роли не выявлено.",2,2,50000.0,375000.0,2,2,0.0002941512748559038,4.2441291617994376e-05,7.5,3,False,False,False,0.5,1,True,False
100000005022552100,peripheral,0.4,4,0.4499,"Низкая активность в выборке: 1 вход. / 1 исход., 246,000 KZT суммарно, pass_through=0.02 — выраженных признаков роли не выявлено.",1,1,241000.0,5000.0,3,1,0.00035934272282234583,0.0,0.02074688796680498,3,False,False,False,14.0,1,False,False
100000008735832100,terminal,0.72,6,0.2694,"Нет исходящих переводов на 3-м колене (обход не был искусственно прерван, глубина < 4) — получил 17,600 KZT от 1 плательщиков и удержал их.",1,0,17600.0,0.0,1,0,0.0002896071307907347,0.0,0.0,3,False,False,False,,1,False,False
100000005661528100,terminal,0.72,2,0.3135,"Нет исходящих переводов на 3-м колене (обход не был искусственно прерван, глубина < 4) — получил 25,000 KZT от 1 плательщиков и удержал их.",1,0,25000.0,0.0,1,0,0.00029239338217592616,0.0,0.0,3,False,False,False,,1,False,False
100000002529880100,terminal,0.74,5,0.4501,"Нет исходящих переводов на 3-м колене (обход не был искусственно прерван, глубина < 4) — получил 147,000 KZT от 2 плательщиков и удержал их.",2,0,147000.0,0.0,2,0,0.000307502631813874,0.0,0.0,3,False,False,False,,2,False,False
100000001969496100,terminal,0.72,13,0.3142,"Нет исходящих переводов на 3-м колене (обход не был искусственно прерван, глубина < 4) — получил 22,740 KZT от 1 плательщиков и удержал их.",1,0,22740.0,0.0,1,0,0.00029330827545839925,0.0,0.0,3,False,False,False,,1,False,False
100000003215448100,peripheral,0.45,2,0.4686,"Низкая активность в выборке: 1 вход. / 2 исход., 215,309 KZT суммарно, pass_through=1.36 — выраженных признаков роли не выявлено.",1,2,91309.0,124000.0,1,4,0.0003055010465210008,3.909906089698889e-05,1.3580260434349298,3,False,False,False,1.0,1,True,False
100000006894637100,terminal,0.72,0,0.3442,"Нет исходящих переводов на 3-м колене (обход не был искусственно прерван, глубина < 4) — получил 52,831 KZT от 1 плательщиков и удержал их.",1,0,52831.0,0.0,1,0,0.00029155306650878313,0.0,0.0,3,False,False,False,,1,False,False
100000002936322100,terminal,0.74,2,0.5562,"Нет исходящих переводов на 3-м колене (обход не был искусственно прерван, глубина < 4) — получил 787,133 KZT от 2 плательщиков и удержал их.",2,0,787133.0,0.0,2,0,0.000367992272391502,0.0,0.0,3,False,False,False,,1,False,False
100000005061890100,terminal,0.72,7,0.5251,"Нет исходящих переводов на 3-м колене (обход не был искусственно прерван, глубина < 4) — получил 90,000 KZT от 1 плательщиков и удержал их.",1,0,90000.0,0.0,1,0,0.0005369658745633378,0.0,0.0,3,False,False,False,,1,False,False
100000004017410100,peripheral,0.5,20,0.6496,"Низкая активность в выборке: 2 вход. / 5 исход., 1,524,565 KZT суммарно, pass_through=6.87 — выраженных признаков роли не выявлено.",2,5,193650.0,1330915.0,6,11,0.0011361307962045452,4.128242769965579e-05,6.872785954040795,3,False,False,True,6.0,2,False,False
100000002983426100,terminal,0.72,8,0.4526,"Нет исходящих переводов на 3-м колене (обход не был искусственно прерван, глубина < 4) — получил 88,945 KZT от 1 плательщиков и удержал их.",1,0,88945.0,0.0,1,0,0.00032012701271987715,0.0,0.0,3,False,False,False,,1,False,False
100000005530114100,peripheral,0.45,16,0.5295,"Низкая активность в выборке: 2 вход. / 1 исход., 161,970 KZT суммарно, pass_through=0.18 — выраженных признаков роли не выявлено.",2,1,136970.0,25000.0,2,1,0.0004970436403447192,4.534684897846649e-06,0.1825217200846901,3,False,False,False,2.0,1,True,False
100000001169666100,peripheral,0.4,8,0.4981,"Низкая активность в выборке: 1 вход. / 1 исход., 244,000 KZT суммарно, pass_through=0.11 — выраженных признаков роли не выявлено.",1,1,220000.0,24000.0,2,1,0.00032096707027641454,2.2371112162710136e-05,0.10909090909090909,3,False,False,False,10.0,1,False,False
100000001784279100,terminal,0.72,0,0.3088,"Нет исходящих переводов на 3-м колене (обход не был искусственно прерван, глубина < 4) — получил 35,674 KZT от 1 плательщиков и удержал их.",1,0,35674.0,0.0,1,0,0.0002900253605963862,0.0,0.0,3,False,False,False,,1,False,False
100000008744364100,terminal,0.72,6,0.2947,"Нет исходящих переводов на 3-м колене (обход не был искусственно прерван, глубина < 4) — получил 23,700 KZT от 1 плательщиков и удержал их.",1,0,23700.0,0.0,1,0,0.0002905631256035266,0.0,0.0,3,False,False,False,,1,False,False
100000008714412100,terminal,0.72,8,0.4673,"Нет исходящих переводов на 3-м колене (обход не был искусственно прерван, глубина < 4) — получил 169,000 KZT от 1 плательщиков и удержал их.",1,0,169000.0,0.0,1,0,0.00031305784664157325,0.0,0.0,3,False,False,False,,1,False,False
100000007754369100,terminal,0.72,0,0.379,"Нет исходящих переводов на 3-м колене (обход не был искусственно прерван, глубина < 4) — получил 82,424 KZT от 1 плательщиков и удержал их.",1,0,82424.0,0.0,1,0,0.0002941881076619896,0.0,0.0,3,False,False,False,,1,False,False
100000003122817100,terminal,0.72,27,0.5536,"Нет исходящих переводов на 3-м колене (обход не был искусственно прерван, глубина < 4) — получил 444,680 KZT от 1 плательщиков и удержал их.",1,0,444680.0,0.0,1,0,0.0003987904601830688,0.0,0.0,3,False,False,False,,1,False,False
100000003711830100,terminal,0.72,2,0.3745,"Нет исходящих переводов на 3-м колене (обход не был искусственно прерван, глубина < 4) — получил 50,000 KZT от 1 плательщиков и удержал их.",1,0,50000.0,0.0,1,0,0.0002970626279839811,0.0,0.0,3,False,False,False,,1,False,False
100000001110358100,terminal,0.74,0,0.3397,"Нет исходящих переводов на 3-м колене (обход не был искусственно прерван, глубина < 4) — получил 32,000 KZT от 2 плательщиков и удержал их.",2,0,32000.0,0.0,2,0,0.000294295035325378,0.0,0.0,3,False,False,False,,2,False,False
100000006530134100,terminal,0.74,3,0.4292,"Нет исходящих переводов на 3-м колене (обход не был искусственно прерван, глубина < 4) — получил 144,663 KZT от 2 плательщиков и удержал их.",2,0,144663.0,0.0,2,0,0.0003004222367253865,0.0,0.0,3,False,False,False,,1,False,False
100000001639766100,terminal,0.72,10,0.4757,"Нет исходящих переводов на 3-м колене (обход не был искусственно прерван, глубина < 4) — получил 20,000 KZT от 1 плательщиков и удержал их.",1,0,20000.0,0.0,1,0,0.0006546676072366184,0.0,0.0,3,False,False,False,,1,False,False
100000003242795100,terminal,0.72,3,0.3639,"Нет исходящих переводов на 3-м колене (обход не был искусственно прерван, глубина < 4) — получил 111,000 KZT от 1 плательщиков и удержал их.",1,0,111000.0,0.0,1,0,0.0002904604227217552,0.0,0.0,3,False,False,False,,1,False,False
100000004970752100,terminal,0.72,0,0.4558,"Нет исходящих переводов на 3-м колене (обход не был искусственно прерван, глубина < 4) — получил 10,000 KZT от 1 плательщиков и удержал их.",1,0,10000.0,0.0,1,0,0.0007460308300494871,0.0,0.0,3,False,False,False,,1,False,False
100000004564736100,terminal,0.72,23,0.4064,"Нет исходящих переводов на 3-м колене (обход не был искусственно прерван, глубина < 4) — получил 15,000 KZT от 1 плательщиков и удержал их.",1,0,15000.0,0.0,2,0,0.00037847187218373,0.0,0.0,3,False,False,False,,1,False,False
100000005873152100,transit,0.9,11,0.5302,"Пропускает средства не удерживая: получил 10,000 KZT, отдал 10,000 KZT (1.00x) от 1 плательщиков 1 получателям.",1,1,10000.0,10000.0,1,1,0.00046938669267821635,4.0308310203081327e-07,1.0,3,False,False,True,,1,False,False
100000001637376100,peripheral,0.4,3,0.4038,"Низкая активность в выборке: 1 вход. / 1 исход., 350,950 KZT суммарно, pass_through=2.01 — выраженных признаков роли не выявлено.",1,1,116700.0,234250.0,1,2,0.00029064588182685174,1.9549530448494444e-05,2.0072836332476434,3,False,False,False,0.0,1,True,False
100000006710485100,terminal,0.72,6,0.2795,"Нет исходящих переводов на 3-м колене (обход не был искусственно прерван, глубина < 4) — получил 20,000 KZT от 1 плательщиков и удержал их.",1,0,20000.0,0.0,1,0,0.0002899832598974069,0.0,0.0,3,False,False,False,,1,False,False
100000003582677100,peripheral,0.5,0,0.402,"Низкая активность в выборке: 2 вход. / 4 исход., 85,757 KZT суммарно, pass_through=1.88 — выраженных признаков роли не выявлено.",2,4,29756.989999999998,56000.0,2,5,0.00029460359346959513,0.00018194610278608216,1.881910771217116,3,False,False,True,9.0,1,False,False
100000008713685100,terminal,0.72,6,0.3604,"Нет исходящих переводов на 3-м колене (обход не был искусственно прерван, глубина < 4) — получил 49,700 KZT от 1 плательщиков и удержал их.",1,0,49700.0,0.0,1,0,0.00029463785759247565,0.0,0.0,3,False,False,False,,1,False,False
100000008070101100,terminal,0.72,5,0.3879,"Нет исходящих переводов на 3-м колене (обход не был искусственно прерван, глубина < 4) — получил 100,000 KZT от 1 плательщиков и удержал их.",1,0,100000.0,0.0,1,0,0.00029389779906267827,0.0,0.0,3,False,False,False,,1,False,False
100000004475818100,peripheral,0.5,3,0.4392,"Низкая активность в выборке: 1 вход. / 3 исход., 66,989 KZT суммарно, pass_through=4.15 — выраженных признаков роли не выявлено.",1,3,13000.0,53989.0,1,3,0.00031118891379402743,7.059084797641469e-05,4.153,3,False,False,True,0.0,1,True,False
100000007197866100,peripheral,0.4,2,0.314,"Низкая активность в выборке: 1 вход. / 1 исход., 35,000 KZT суммарно, pass_through=0.75 — выраженных признаков роли не выявлено.",1,1,20000.0,15000.0,1,1,0.00029093436159867544,1.9549530448494444e-05,0.75,3,False,False,False,0.0,1,True,False
100000006965162100,terminal,0.72,20,0.3425,"Нет исходящих переводов на 3-м колене (обход не был искусственно прерван, глубина < 4) — получил 10,000 KZT от 1 плательщиков и удержал их.",1,0,10000.0,0.0,1,0,0.0003106766055378161,0.0,0.0,3,False,False,False,,1,False,False
100000005995391100,terminal,0.72,6,0.267,"Нет исходящих переводов на 3-м колене (обход не был искусственно прерван, глубина < 4) — получил 17,200 KZT от 1 плательщиков и удержал их.",1,0,17200.0,0.0,1,0,0.00028954444260628927,0.0,0.0,3,False,False,False,,1,False,False
100000003834495100,peripheral,0.5,0,0.6019,"Низкая активность в выборке: 3 вход. / 1 исход., 622,441 KZT суммарно, pass_through=0.03 — выраженных признаков роли не выявлено.",3,1,602441.0,20000.0,5,1,0.0006235433580008246,2.920912907216143e-06,0.0331982716979754,3,False,False,False,1.0,2,True,False
100000001223977100,peripheral,0.4,49,0.3715,"Низкая активность в выборке: 1 вход. / 1 исход., 23,000 KZT суммарно, pass_through=3.60 — выраженных признаков роли не выявлено.",1,1,5000.0,18000.0,1,1,0.00030690325196449205,2.4588069223879608e-05,3.6,3,False,False,False,19.0,1,False,False
100000001046057100,terminal,0.72,5,0.4494,"Нет исходящих переводов на 3-м колене (обход не был искусственно прерван, глубина < 4) — получил 83,420 KZT от 1 плательщиков и удержал их.",1,0,83420.0,0.0,1,0,0.0003199335653266865,0.0,0.0,3,False,False,False,,1,False,False
100000002989353100,peripheral,0.45,12,0.5008,"Низкая активность в выборке: 1 вход. / 2 исход., 821,160 KZT суммарно, pass_through=0.64 — выраженных признаков роли не выявлено.",1,2,500000.0,321160.0,2,2,0.00031076359510193093,2.821581714215693e-06,0.64232,3,False,False,False,2.5,1,False,False
100000006714366100,peripheral,0.4,14,0.2732,"Низкая активность в выборке: 1 вход. / 1 исход., 15,500 KZT суммарно, pass_through=0.48 — выраженных признаков роли не выявлено.",1,1,10500.0,5000.0,1,1,0.0002907516269075009,1.9549530448494444e-05,0.47619047619047616,3,False,False,False,0.0,1,True,False
100000001063678100,peripheral,0.45,23,0.4851,"Низкая активность в выборке: 1 вход. / 2 исход., 125,000 KZT суммарно, pass_through=2.57 — выраженных признаков роли не выявлено.",1,2,35000.0,90000.0,1,2,0.00032936727215717636,4.030831020308133e-05,2.5714285714285716,3,False,False,False,2.0,1,True,False
100000004889043100,terminal,0.74,0,0.4511,"Нет исходящих переводов на 3-м колене (обход не был искусственно прерван, глубина < 4) — получил 272,000 KZT от 2 плательщиков и удержал их.",2,0,272000.0,0.0,4,0,0.0002998300702347704,0.0,0.0,3,False,False,False,,2,False,False
100000002984403100,peripheral,0.4,26,0.4265,"Низкая активность в выборке: 1 вход. / 1 исход., 45,000 KZT суммарно, pass_through=1.25 — выраженных признаков роли не выявлено.",1,1,20000.0,25000.0,1,1,0.0003215219267154699,2.035569665255607e-05,1.25,3,False,False,False,,1,False,False
100000003951827100,peripheral,0.45,0,0.2585,"Низкая активность в выборке: 1 вход. / 2 исход., 26,000 KZT суммарно, pass_through=1.89 — выраженных признаков роли не выявлено.",1,2,9000.0,17000.0,1,2,0.0002873578504393389,1.3492507782577916e-06,1.8888888888888888,3,False,False,False,5.0,1,False,False
100000000933075100,peripheral,0.45,2,0.5588,"Низкая активность в выборке: 1 вход. / 2 исход., 95,000 KZT суммарно, pass_through=1.38 — выраженных признаков роли не выявлено.",1,2,40000.0,55000.0,1,2,0.000811915898987796,2.1766487509663916e-05,1.375,3,False,False,True,0.0,1,True,False
100000008502995100,terminal,0.72,0,0.4915,"Нет исходящих переводов на 3-м колене (обход не был искусственно прерван, глубина < 4) — получил 25,000 KZT от 1 плательщиков и удержал их.",1,0,25000.0,0.0,2,0,0.0007299997244644803,0.0,0.0,3,False,False,False,,1,False,False
100000008086440100,transit,0.52,2,0.6409,"Пропускает средства не удерживая: получил 199,733 KZT, отдал 161,300 KZT (0.81x) от 1 плательщиков 5 получателям, медианная задержка 2 дн..",1,5,199733.0,161300.0,1,6,0.000339159382330415,0.00010699984672480703,0.8075781167859092,3,False,False,True,2.0,1,True,False
100000008465789100,distributor,0.42,5,0.6948,"Рассылает 16 получателям (1,858,100 KZT), получая лишь от 1 плательщиков — веерное распределение средств вниз по цепочке.",1,16,30099.0,1858100.0,1,17,0.0002911860984619856,0.0008595748012095774,61.732947938469714,3,False,False,True,0.0,1,True,False
100000002550141100,terminal,0.72,2,0.4417,"Нет исходящих переводов на 3-м колене (обход не был искусственно прерван, глубина < 4) — получил 100,586 KZT от 1 плательщиков и удержал их.",1,0,100586.0,0.0,1,0,0.0003091569404966681,0.0,0.0,3,False,False,False,,1,False,False
100000008739887100,peripheral,0.5,2,0.5373,"Низкая активность в выборке: 2 вход. / 2 исход., 521,000 KZT суммарно, pass_through=1.43 — выраженных признаков роли не выявлено.",2,2,214000.0,307000.0,3,2,0.00033477057042868727,3.909906089698889e-05,1.4345794392523366,3,False,False,False,4.0,1,False,False
100000008532050100,terminal,0.72,3,0.4758,"Нет исходящих переводов на 3-м колене (обход не был искусственно прерван, глубина < 4) — получил 455,156 KZT от 1 плательщиков и удержал их.",1,0,455156.0,0.0,1,0,0.0003016581181206333,0.0,0.0,3,False,False,False,,1,False,False
100000008422226100,terminal,0.72,0,0.3655,"Нет исходящих переводов на 3-м колене (обход не был искусственно прерван, глубина < 4) — получил 87,450 KZT от 1 плательщиков и удержал их.",1,0,87450.0,0.0,1,0,0.0002917946317172872,0.0,0.0,3,False,False,False,,1,False,False
100000002369874100,terminal,0.78,5,0.536,"Нет исходящих переводов на 3-м колене (обход не был искусственно прерван, глубина < 4) — получил 600,000 KZT от 4 плательщиков и удержал их.",4,0,600000.0,0.0,4,0,0.00033884808674630463,0.0,0.0,3,False,False,False,,4,False,True
100000003321895100,peripheral,0.45,48,0.5149,"Низкая активность в выборке: 1 вход. / 2 исход., 577,830 KZT суммарно, pass_through=23.08 — выраженных признаков роли не выявлено.",1,2,24000.0,553830.0,1,3,0.0003126444685622149,4.030831020308133e-05,23.07625,3,False,False,False,11.0,1,False,False
100000001875239100,terminal,0.76,5,0.5364,"Нет исходящих переводов на 3-м колене (обход не был искусственно прерван, глубина < 4) — получил 712,000 KZT от 3 плательщиков и удержал их.",3,0,712000.0,0.0,3,0,0.00033546478413171,0.0,0.0,3,False,False,False,,3,False,True
100000002216999100,terminal,0.72,6,0.2943,"Нет исходящих переводов на 3-м колене (обход не был искусственно прерван, глубина < 4) — получил 23,677 KZT от 1 плательщиков и удержал их.",1,0,23677.0,0.0,1,0,0.00029055952103292093,0.0,0.0,3,False,False,False,,1,False,False
100000002653948100,terminal,0.72,3,0.3422,"Нет исходящих переводов на 3-м колене (обход не был искусственно прерван, глубина < 4) — получил 85,200 KZT от 1 плательщиков и удержал их.",1,0,85200.0,0.0,1,0,0.00028962097624605506,0.0,0.0,3,False,False,False,,1,False,False
100000008632060100,peripheral,0.5,0,0.4111,"Низкая активность в выборке: 1 вход. / 9 исход., 345,200 KZT суммарно, pass_through=56.53 — выраженных признаков роли не выявлено.",1,9,6000.0,339200.0,1,12,0.0002893153080072033,0.0005457358534256866,56.53333333333333,3,False,False,True,4.0,1,False,False
100000008746449100,distributor,0.31,5,0.6536,"Рассылает 10 получателям (1,009,000 KZT), получая лишь от 1 плательщиков — веерное распределение средств вниз по цепочке.",1,10,10000.0,1009000.0,1,10,0.0002882898446572797,0.00016882593116692495,100.9,3,False,False,False,3.0,1,False,False
100000003031761100,terminal,0.72,2,0.5125,"Нет исходящих переводов на 3-м колене (обход не был искусственно прерван, глубина < 4) — получил 460,408 KZT от 1 плательщиков и удержал их.",1,0,460408.0,0.0,1,0,0.0003197773937099228,0.0,0.0,3,False,False,False,,1,False,False
100000008388049100,terminal,0.72,12,0.4987,"Нет исходящих переводов на 3-м колене (обход не был искусственно прерван, глубина < 4) — получил 496,400 KZT от 1 плательщиков и удержал их.",1,0,496400.0,0.0,1,0,0.00031059140894205804,0.0,0.0,3,False,False,False,,1,False,False
100000002677201100,peripheral,0.4,5,0.4772,"Низкая активность в выборке: 1 вход. / 1 исход., 237,750 KZT суммарно, pass_through=0.58 — выраженных признаков роли не выявлено.",1,1,150000.0,87750.0,1,1,0.00031028705701776314,2.1766487509663916e-05,0.585,3,False,False,False,9.0,1,False,False
100000002901457100,peripheral,0.5,0,0.5602,"Низкая активность в выборке: 1 вход. / 3 исход., 459,000 KZT суммарно, pass_through=0.35 — выраженных признаков роли не выявлено.",1,3,340000.0,119000.0,1,3,0.0003758956319421,7.698887248788534e-05,0.35,3,False,False,False,16.0,1,False,False
100000001160401100,terminal,0.72,0,0.4006,"Нет исходящих переводов на 3-м колене (обход не был искусственно прерван, глубина < 4) — получил 47,190 KZT от 1 плательщиков и удержал их.",1,0,47190.0,0.0,2,0,0.0003062475375918293,0.0,0.0,3,False,False,False,,1,False,False
100000002842321100,terminal,0.72,3,0.3921,"Нет исходящих переводов на 3-м колене (обход не был искусственно прерван, глубина < 4) — получил 160,000 KZT от 1 плательщиков и удержал их.",1,0,160000.0,0.0,1,0,0.00029205472029188335,0.0,0.0,3,False,False,False,,1,False,False
100000002547110100,terminal,0.82,5,0.6129,"Нет исходящих переводов на 3-м колене (обход не был искусственно прерван, глубина < 4) — получил 1,500,000 KZT от 6 плательщиков и удержал их.",6,0,1500000.0,0.0,10,0,0.0005540435816644865,0.0,0.0,3,False,False,False,,5,False,True
100000001600934100,peripheral,0.4,2,0.528,"Низкая активность в выборке: 1 вход. / 1 исход., 191,300 KZT суммарно, pass_through=0.06 — выраженных признаков роли не выявлено.",1,1,180300.0,11000.0,2,1,0.0024219197960988043,0.0,0.06100942872989462,3,False,False,True,11.0,1,False,False
100000002818726100,terminal,0.72,14,0.2678,"Нет исходящих переводов на 3-м колене (обход не был искусственно прерван, глубина < 4) — получил 10,879 KZT от 1 плательщиков и удержал их.",1,0,10879.0,0.0,1,0,0.00029089249854484045,0.0,0.0,3,False,False,False,,1,False,False
100000008712827100,terminal,0.72,6,0.3988,"Нет исходящих переводов на 3-м колене (обход не был искусственно прерван, глубина < 4) — получил 76,000 KZT от 1 плательщиков и удержал их.",1,0,76000.0,0.0,1,0,0.00029875960571975875,0.0,0.0,3,False,False,False,,1,False,False
100000008259451100,terminal,0.72,13,0.4013,"Нет исходящих переводов на 3-м колене (обход не был искусственно прерван, глубина < 4) — получил 55,000 KZT от 1 плательщиков и удержал их.",1,0,55000.0,0.0,1,0,0.0003024719097375548,0.0,0.0,3,False,False,False,,1,False,False
100000003060517100,terminal,0.72,16,0.5302,"Нет исходящих переводов на 3-м колене (обход не был искусственно прерван, глубина < 4) — получил 315,955 KZT от 1 плательщиков и удержал их.",1,0,315955.0,0.0,1,0,0.0003634828896360661,0.0,0.0,3,False,False,False,,1,False,False
100000002621434100,terminal,0.72,5,0.355,"Нет исходящих переводов на 3-м колене (обход не был искусственно прерван, глубина < 4) — получил 81,000 KZT от 1 плательщиков и удержал их.",1,0,81000.0,0.0,1,0,0.00029103957755279405,0.0,0.0,3,False,False,False,,1,False,False
100000001860090100,terminal,0.72,10,0.3823,"Нет исходящих переводов на 3-м колене (обход не был искусственно прерван, глубина < 4) — получил 5,000 KZT от 1 плательщиков и удержал их.",1,0,5000.0,0.0,1,0,0.00037966794761907477,0.0,0.0,3,False,False,False,,1,False,False
100000004689658100,peripheral,0.4,2,0.5478,"Низкая активность в выборке: 1 вход. / 1 исход., 463,192 KZT суммарно, pass_through=0.02 — выраженных признаков роли не выявлено.",1,1,456100.0,7092.0,1,1,0.0003880032833755113,1.9549530448494444e-05,0.015549221661916246,3,False,False,False,,1,False,False
100000003486970100,terminal,0.72,3,0.3862,"Нет исходящих переводов на 3-м колене (обход не был искусственно прерван, глубина < 4) — получил 150,000 KZT от 1 плательщиков и удержал их.",1,0,150000.0,0.0,1,0,0.00029172935344083683,0.0,0.0,3,False,False,False,,1,False,False
100000004659919100,peripheral,0.4,49,0.5737,"Низкая активность в выборке: 1 вход. / 1 исход., 149,000 KZT суммарно, pass_through=0.35 — выраженных признаков роли не выявлено.",1,1,110000.0,39000.0,2,1,0.0007280456790409198,2.4588069223879608e-05,0.35454545454545455,3,False,False,False,13.5,1,False,False
100000006111439100,transit,0.57,3,0.5511,"Пропускает средства не удерживая: получил 20,570 KZT, отдал 24,000 KZT (1.17x) от 3 плательщиков 4 получателям, медианная задержка 8 дн..",3,4,20570.0,24000.0,3,4,0.00036710796962674763,1.7856403520812582e-05,1.166747690811862,3,False,False,True,8.5,1,False,False
100000002521039100,terminal,0.72,0,0.4792,"Нет исходящих переводов на 3-м колене (обход не был искусственно прерван, глубина < 4) — получил 349,370 KZT от 1 плательщиков и удержал их.",1,0,349370.0,0.0,1,0,0.00030660765596611083,0.0,0.0,3,False,False,False,,1,False,False
100000008493007100,transit,0.9,6,0.4329,"Пропускает средства не удерживая: получил 26,150 KZT, отдал 26,150 KZT (1.00x) от 1 плательщиков 1 получателям, медианная задержка 1 дн..",1,1,26150.0,26150.0,1,1,0.00029094709073325446,1.4107908571078464e-06,1.0,3,False,False,False,1.0,1,True,False
100000007793871100,terminal,0.72,8,0.4915,"Нет исходящих переводов на 3-м колене (обход не был искусственно прерван, глубина < 4) — получил 26,000 KZT от 1 плательщиков и удержал их.",1,0,26000.0,0.0,3,0,0.0006901649764622732,0.0,0.0,3,False,False,False,,1,False,False
100000001650895100,peripheral,0.4,8,0.4646,"Низкая активность в выборке: 1 вход. / 1 исход., 163,500 KZT суммарно, pass_through=0.07 — выраженных признаков роли не выявлено.",1,1,153500.0,10000.0,1,1,0.000310654062987847,2.2371112162710136e-05,0.06514657980456026,3,False,False,False,,1,False,False
100000002567887100,terminal,0.72,3,0.3112,"Нет исходящих переводов на 3-м колене (обход не был искусственно прерван, глубина < 4) — получил 50,915 KZT от 1 плательщиков и удержал их.",1,0,50915.0,0.0,1,0,0.0002885054559972419,0.0,0.0,3,False,False,False,,1,False,False
100000008055972100,terminal,0.72,6,0.311,"Нет исходящих переводов на 3-м колене (обход не был искусственно прерван, глубина < 4) — получил 28,300 KZT от 1 плательщиков и удержал их.",1,0,28300.0,0.0,1,0,0.0002912840397246483,0.0,0.0,3,False,False,False,,1,False,False
100000008684452100,terminal,0.72,6,0.3671,"Нет исходящих переводов на 3-м колене (обход не был искусственно прерван, глубина < 4) — получил 51,800 KZT от 1 плательщиков и удержал их.",1,0,51800.0,0.0,1,0,0.0002949669705608138,0.0,0.0,3,False,False,False,,1,False,False
100000000764836100,peripheral,0.45,2,0.5216,"Низкая активность в выборке: 1 вход. / 2 исход., 301,716 KZT суммарно, pass_through=0.20 — выраженных признаков роли не выявлено.",1,2,251716.0,50000.0,1,2,0.00033826827405659157,3.909906089698889e-05,0.1986365586613485,3,False,False,False,0.0,1,True,False
100000003072676100,terminal,0.72,16,0.3403,"Нет исходящих переводов на 3-м колене (обход не был искусственно прерван, глубина < 4) — получил 31,545 KZT от 1 плательщиков и удержал их.",1,0,31545.0,0.0,1,0,0.00029450000593149597,0.0,0.0,3,False,False,False,,1,False,False
100000008757369100,peripheral,0.4,0,0.3323,"Низкая активность в выборке: 1 вход. / 1 исход., 84,359 KZT суммарно, pass_through=2.25 — выраженных признаков роли не выявлено.",1,1,25961.0,58398.0,1,3,0.00028916048867663844,1.9549530448494444e-05,2.249451099726513,3,False,False,False,0.0,1,True,False
100000007618425100,terminal,0.72,16,0.3589,"Нет исходящих переводов на 3-м колене (обход не был искусственно прерван, глубина < 4) — получил 39,348 KZT от 1 плательщиков и удержал их.",1,0,39348.0,0.0,1,0,0.0002963926026810714,0.0,0.0,3,False,False,False,,1,False,False
100000004671609100,terminal,0.72,12,0.4219,"Нет исходящих переводов на 3-м колене (обход не был искусственно прерван, глубина < 4) — получил 100,000 KZT от 1 плательщиков и удержал их.",1,0,100000.0,0.0,1,0,0.00030158363806341424,0.0,0.0,3,False,False,False,,1,False,False
100000004676985100,transit,0.58,0,0.4206,"Пропускает средства не удерживая: получил 32,260 KZT, отдал 27,102 KZT (0.84x) от 1 плательщиков 1 получателям, медианная задержка 3 дн..",1,1,32260.0,27102.0,1,1,0.0002886733320521506,1.9549530448494444e-05,0.8401115933044018,3,False,False,False,3.0,1,False,False
100000002531406100,transit,0.82,2,0.6271,"Пропускает средства не удерживая: получил 520,000 KZT, отдал 500,000 KZT (0.96x) от 1 плательщиков 1 получателям.",1,1,520000.0,500000.0,1,1,0.00032403943463129876,8.061662040616265e-07,0.9615384615384616,3,False,False,False,,1,False,False
100000002877262100,terminal,0.72,5,0.4209,"Нет исходящих переводов на 3-м колене (обход не был искусственно прерван, глубина < 4) — получил 100,000 KZT от 1 плательщиков и удержал их.",1,0,100000.0,0.0,1,0,0.0003012587904965518,0.0,0.0,3,False,False,False,,1,False,False
100000007591246100,peripheral,0.4,14,0.4112,"Низкая активность в выборке: 1 вход. / 1 исход., 132,190 KZT суммарно, pass_through=9.84 — выраженных признаков роли не выявлено.",1,1,12190.0,120000.0,1,1,0.0002992235699210814,1.041298013579601e-06,9.844134536505333,3,False,False,False,,1,False,False
100000008712184100,terminal,0.72,6,0.2718,"Нет исходящих переводов на 3-м колене (обход не был искусственно прерван, глубина < 4) — получил 18,000 KZT от 1 плательщиков и удержал их.",1,0,18000.0,0.0,1,0,0.00028966981897518004,0.0,0.0,3,False,False,False,,1,False,False
100000002975437100,peripheral,0.4,30,0.5116,"Низкая активность в выборке: 1 вход. / 1 исход., 538,500 KZT суммарно, pass_through=0.02 — выраженных признаков роли не выявлено.",1,1,530000.0,8500.0,2,1,0.0005231861218705436,0.0,0.016037735849056604,3,False,False,True,,1,False,False
100000005008589100,terminal,0.72,0,0.3913,"Нет исходящих переводов на 3-м колене (обход не был искусственно прерван, глубина < 4) — получил 42,807 KZT от 1 плательщиков и удержал их.",1,0,42806.68,0.0,1,0,0.00030444565896636474,0.0,0.0,3,False,False,False,,1,False,False
100000000782285100,terminal,0.72,0,0.3531,"Нет исходящих переводов на 3-м колене (обход не был искусственно прерван, глубина < 4) — получил 6,151 KZT от 1 плательщиков и удержал их.",1,0,6151.0,0.0,1,0,0.00032135669012929347,0.0,0.0,3,False,False,False,,1,False,False
100000005198498100,terminal,0.72,6,0.3123,"Нет исходящих переводов на 3-м колене (обход не был искусственно прерван, глубина < 4) — получил 28,800 KZT от 1 плательщиков и удержал их.",1,0,28800.0,0.0,1,0,0.00029136239995520506,0.0,0.0,3,False,False,False,,1,False,False
100000008517538100,distributor,0.44,5,0.7606,"Рассылает 17 получателям (1,439,000 KZT), получая лишь от 3 плательщиков — веерное распределение средств вниз по цепочке.",3,17,155500.0,1439000.0,6,18,0.0003083882519562974,0.0002500165614861394,9.254019292604502,3,False,False,False,1.5,1,True,False
100000005756535100,terminal,0.72,1,0.4599,"Нет исходящих переводов на 3-м колене (обход не был искусственно прерван, глубина < 4) — получил 20,000 KZT от 1 плательщиков и удержал их.",1,0,20000.0,0.0,1,0,0.0005439649108890939,0.0,0.0,3,False,False,False,,1,False,False
100000004917367100,terminal,0.74,3,0.4036,"Нет исходящих переводов на 3-м колене (обход не был искусственно прерван, глубина < 4) — получил 120,000 KZT от 2 плательщиков и удержал их.",2,0,120000.0,0.0,2,0,0.0002953405651424841,0.0,0.0,3,False,False,False,,1,False,False
100000001222263100,peripheral,0.4,3,0.5119,"Низкая активность в выборке: 1 вход. / 1 исход., 1,165,570 KZT суммарно, pass_through=0.56 — выраженных признаков роли не выявлено.",1,1,745570.0,420000.0,1,5,0.00031110722698861684,1.9549530448494444e-05,0.5633273870998028,3,False,False,False,0.0,1,True,False
100000001149815100,terminal,0.72,6,0.2461,"Нет исходящих переводов на 3-м колене (обход не был искусственно прерван, глубина < 4) — получил 12,000 KZT от 1 плательщиков и удержал их.",1,0,12000.0,0.0,1,0,0.00028872949620849947,0.0,0.0,3,False,False,False,,1,False,False
100000006020215100,transit,0.65,14,0.5067,"Пропускает средства не удерживая: получил 30,000 KZT, отдал 33,800 KZT (1.13x) от 1 плательщиков 2 получателям, медианная задержка 13 дн..",1,2,30000.0,33800.0,1,2,0.00029799963991045987,6.159264830993148e-05,1.1266666666666667,3,False,False,False,13.0,1,False,False
100000000673868100,peripheral,0.5,28,0.6546,"Низкая активность в выборке: 1 вход. / 5 исход., 2,413,650 KZT суммарно, pass_through=0.19 — выраженных признаков роли не выявлено.",1,5,2030650.0,383000.0,5,19,0.001177679493519308,4.171910106018917e-05,0.18860955851574618,3,False,False,True,0.0,1,True,False
100000008749900100,terminal,0.72,6,0.2663,"Нет исходящих переводов на 3-м колене (обход не был искусственно прерван, глубина < 4) — получил 17,150 KZT от 1 плательщиков и удержал их.",1,0,17150.0,0.0,1,0,0.00028953660658323363,0.0,0.0,3,False,False,False,,1,False,False
100000002862113100,terminal,0.72,13,0.3826,"Нет исходящих переводов на 3-м колене (обход не был искусственно прерван, глубина < 4) — получил 47,405 KZT от 1 плательщиков и удержал их.",1,0,47405.0,0.0,2,0,0.00030031450730884477,0.0,0.0,3,False,False,False,,1,False,False
100000001066017100,peripheral,0.5,0,0.4678,"Низкая активность в выборке: 2 вход. / 4 исход., 218,623 KZT суммарно, pass_through=0.61 — выраженных признаков роли не выявлено.",2,4,136123.0,82500.0,3,4,0.00030258114062118436,7.819812179397777e-05,0.6060695106631503,3,False,False,False,13.0,1,False,False
100000008436257100,terminal,0.74,16,0.3522,"Нет исходящих переводов на 3-м колене (обход не был искусственно прерван, глубина < 4) — получил 35,000 KZT от 2 плательщиков и удержал их.",2,0,35000.0,0.0,2,0,0.00029589662387434994,0.0,0.0,3,False,False,False,,2,False,False
100000003016438100,peripheral,0.4,5,0.5165,"Низкая активность в выборке: 1 вход. / 1 исход., 500,000 KZT суммарно, pass_through=1.50 — выраженных признаков роли не выявлено.",1,1,200000.0,300000.0,1,3,0.00031809979246530477,2.1766487509663916e-05,1.5,3,False,False,False,0.0,1,True,False
100000002534091100,terminal,0.72,7,0.3376,"Нет исходящих переводов на 3-м колене (обход не был искусственно прерван, глубина < 4) — получил 22,200 KZT от 1 плательщиков и удержал их.",1,0,22200.0,0.0,1,0,0.00029769131307630804,0.0,0.0,3,False,False,False,,1,False,False
100000006882208100,terminal,0.72,4,0.4708,"Нет исходящих переводов на 3-м колене (обход не был искусственно прерван, глубина < 4) — получил 18,000 KZT от 1 плательщиков и удержал их.",1,0,18000.0,0.0,1,0,0.000643013810976122,0.0,0.0,3,False,False,False,,1,False,False
100000005362848100,terminal,0.72,8,0.3512,"Нет исходящих переводов на 3-м колене (обход не был искусственно прерван, глубина < 4) — получил 29,000 KZT от 1 плательщиков и удержал их.",1,0,29000.0,0.0,1,0,0.0002976990018842836,0.0,0.0,3,False,False,False,,1,False,False
100000001073568100,peripheral,0.45,13,0.5824,"Низкая активность в выборке: 1 вход. / 2 исход., 926,968 KZT суммарно, pass_through=0.31 — выраженных признаков роли не выявлено.",1,2,707465.0,219503.0,4,3,0.00048780825939500087,1.9549530448494444e-05,0.31026693900051594,3,False,False,False,0.0,1,True,False
100000008687733100,terminal,0.72,6,0.255,"Нет исходящих переводов на 3-м колене (обход не был искусственно прерван, глубина < 4) — получил 14,650 KZT от 1 плательщиков и удержал их.",1,0,14650.0,0.0,1,0,0.00028914480543045006,0.0,0.0,3,False,False,False,,1,False,False
100000007229557100,terminal,0.76,18,0.5678,"Нет исходящих переводов на 3-м колене (обход не был искусственно прерван, глубина < 4) — получил 878,000 KZT от 3 плательщиков и удержал их.",3,0,878000.0,0.0,3,0,0.00039594913284260246,0.0,0.0,3,False,False,False,,3,False,True
100000001052789100,terminal,0.72,19,0.3975,"Нет исходящих переводов на 3-м колене (обход не был искусственно прерван, глубина < 4) — получил 70,975 KZT от 1 плательщиков и удержал их.",1,0,70975.0,0.0,1,0,0.0002990371668248572,0.0,0.0,3,False,False,False,,1,False,False
100000006967370100,peripheral,0.4,16,0.3552,"Низкая активность в выборке: 1 вход. / 1 исход., 46,751 KZT суммарно, pass_through=0.41 — выраженных признаков роли не выявлено.",1,1,33225.0,13526.27,1,1,0.0002949074854315968,1.9549530448494444e-05,0.40711121143717083,3,False,False,False,0.0,1,True,False
100000001837130100,terminal,0.72,0,0.4456,"Нет исходящих переводов на 3-м колене (обход не был искусственно прерван, глубина < 4) — получил 172,900 KZT от 1 плательщиков и удержал их.",1,0,172900.0,0.0,1,0,0.0003022443366140224,0.0,0.0,3,False,False,False,,1,False,False
100000005820746100,peripheral,0.4,24,0.5723,"Низкая активность в выборке: 1 вход. / 1 исход., 2,049,000 KZT суммарно, pass_through=0.03 — выраженных признаков роли не выявлено.",1,1,1989000.0,60000.0,2,1,0.0009937260662196783,0.0,0.030165912518853696,3,False,False,True,4.0,1,False,False
100000002883402100,terminal,0.76,5,0.4633,"Нет исходящих переводов на 3-м колене (обход не был искусственно прерван, глубина < 4) — получил 300,000 KZT от 3 плательщиков и удержал их.",3,0,300000.0,0.0,3,0,0.0003020000110167491,0.0,0.0,3,False,False,False,,1,False,False
100000008582730100,transit,0.9,19,0.4968,"Пропускает средства не удерживая: получил 5,000 KZT, отдал 5,000 KZT (1.00x) от 1 плательщиков 1 получателям, медианная задержка 0 дн..",1,1,5000.0,5000.0,1,1,0.0008966241150209632,0.0,1.0,3,False,False,True,0.0,1,True,False
100000003116106100,terminal,0.72,3,0.4828,"Нет исходящих переводов на 3-м колене (обход не был искусственно прерван, глубина < 4) — получил 494,050 KZT от 1 плательщиков и удержал их.",1,0,494050.0,0.0,2,0,0.00030292359995109377,0.0,0.0,3,False,False,False,,1,False,False
100000001818442100,terminal,0.72,8,0.3862,"Нет исходящих переводов на 3-м колене (обход не был искусственно прерван, глубина < 4) — получил 42,215 KZT от 1 плательщиков и удержал их.",1,0,42215.0,0.0,1,0,0.0003026433035473476,0.0,0.0,3,False,False,False,,1,False,False
100000008690762100,terminal,0.72,6,0.3069,"Нет исходящих переводов на 3-м колене (обход не был искусственно прерван, глубина < 4) — получил 26,750 KZT от 1 плательщиков и удержал их.",1,0,26750.0,0.0,1,0,0.00029104112300992253,0.0,0.0,3,False,False,False,,1,False,False
100000008712991100,terminal,0.72,6,0.3878,"Нет исходящих переводов на 3-м колене (обход не был искусственно прерван, глубина < 4) — получил 66,100 KZT от 1 плательщиков и удержал их.",1,0,66100.0,0.0,1,0,0.00029720807315473583,0.0,0.0,3,False,False,False,,1,False,False
100000003292191100,terminal,0.72,18,0.4244,"Нет исходящих переводов на 3-м колене (обход не был искусственно прерван, глубина < 4) — получил 112,000 KZT от 1 плательщиков и удержал их.",1,0,112000.0,0.0,1,0,0.0003009679214849633,0.0,0.0,3,False,False,False,,1,False,False
100000005367284100,peripheral,0.45,0,0.3462,"Низкая активность в выборке: 1 вход. / 2 исход., 62,000 KZT суммарно, pass_through=3.53 — выраженных признаков роли не выявлено.",1,2,13700.0,48300.0,1,5,0.00029043691215560125,3.909906089698889e-05,3.5255474452554743,3,False,False,False,0.0,1,True,False
100000003216073100,peripheral,0.4,2,0.3383,"Низкая активность в выборке: 1 вход. / 1 исход., 107,001 KZT суммарно, pass_through=1.89 — выраженных признаков роли не выявлено.",1,1,37001.0,70000.0,1,1,0.00028949517528468045,8.061662040616265e-07,1.891840761060512,3,False,False,False,3.0,1,False,False
100000006169033100,peripheral,0.5,36,0.5858,"Низкая активность в выборке: 1 вход. / 3 исход., 1,189,271 KZT суммарно, pass_through=23.27 — выраженных признаков роли не выявлено.",1,3,49000.0,1140271.0,1,10,0.00041986643931873685,3.9905227101050515e-05,23.270836734693876,3,False,False,True,3.0,1,False,False
100000004407753100,peripheral,0.4,20,0.5355,"Низкая активность в выборке: 1 вход. / 1 исход., 350,000 KZT суммарно, pass_through=0.40 — выраженных признаков роли не выявлено.",1,1,250000.0,100000.0,4,1,0.0008825427222420808,0.0,0.4,3,False,False,True,1.5,1,True,False
100000004420041100,peripheral,0.5,2,0.5015,"Низкая активность в выборке: 1 вход. / 7 исход., 721,468 KZT суммарно, pass_through=9.36 — выраженных признаков роли не выявлено.",1,7,69638.0,651830.0,1,11,0.0003010741911598022,0.00015689125083324134,9.360263074758034,3,False,False,False,,1,False,False
100000004715209100,peripheral,0.5,51,0.4013,"Низкая активность в выборке: 1 вход. / 5 исход., 355,450 KZT суммарно, pass_through=70.09 — выраженных признаков роли не выявлено.",1,5,5000.0,350450.0,1,17,0.000288831871212872,7.90042879980394e-05,70.09,3,False,False,True,0.0,1,True,False
100000004580254100,terminal,0.74,16,0.3905,"Нет исходящих переводов на 3-м колене (обход не был искусственно прерван, глубина < 4) — получил 27,940 KZT от 2 плательщиков и удержал их.",2,0,27940.0,0.0,2,0,0.0003136701491016305,0.0,0.0,3,False,False,False,,1,False,False
100000001056414100,terminal,0.72,12,0.4461,"Нет исходящих переводов на 3-м колене (обход не был искусственно прерван, глубина < 4) — получил 250,000 KZT от 1 плательщиков и удержал их.",1,0,250000.0,0.0,1,0,0.00029880622288853465,0.0,0.0,3,False,False,False,,1,False,False
100000008686494100,terminal,0.72,6,0.2607,"Нет исходящих переводов на 3-м колене (обход не был искусственно прерван, глубина < 4) — получил 15,700 KZT от 1 плательщиков и удержал их.",1,0,15700.0,0.0,1,0,0.00028930936191461917,0.0,0.0,3,False,False,False,,1,False,False
100000002822472100,terminal,0.74,12,0.4844,"Нет исходящих переводов на 3-м колене (обход не был искусственно прерван, глубина < 4) — получил 266,722 KZT от 2 плательщиков и удержал их.",2,0,266722.0,0.0,2,0,0.00031363951333356435,0.0,0.0,3,False,False,False,,1,False,False
100000001831496100,peripheral,0.4,11,0.4278,"Низкая активность в выборке: 1 вход. / 1 исход., 398,000 KZT суммарно, pass_through=14.92 — выраженных признаков роли не выявлено.",1,1,25000.0,373000.0,1,1,0.0002939502411580549,1.8810544761437954e-06,14.92,3,False,False,False,18.0,1,False,False
100000008732488100,peripheral,0.4,2,0.4604,"Низкая активность в выборке: 1 вход. / 1 исход., 147,000 KZT суммарно, pass_through=0.07 — выраженных признаков роли не выявлено.",1,1,137000.0,10000.0,1,1,0.0003148346005013675,1.9549530448494444e-05,0.072992700729927,3,False,False,False,0.0,1,True,False
100000004007197100,terminal,0.72,25,0.2463,"Нет исходящих переводов на 3-м колене (обход не был искусственно прерван, глубина < 4) — получил 10,048 KZT от 1 плательщиков и удержал их.",1,0,10048.0,0.0,1,0,0.0002889770557156798,0.0,0.0,3,False,False,False,,1,False,False
100000002815005100,terminal,0.72,5,0.5145,"Нет исходящих переводов на 3-м колене (обход не был искусственно прерван, глубина < 4) — получил 476,500 KZT от 1 плательщиков и удержал их.",1,0,476500.0,0.0,1,0,0.0003204370897417662,0.0,0.0,3,False,False,False,,1,False,False
100000005756189100,peripheral,0.4,3,0.3455,"Низкая активность в выборке: 1 вход. / 1 исход., 114,050 KZT суммарно, pass_through=0.75 — выраженных признаков роли не выявлено.",1,1,65000.0,49050.0,1,1,0.00028896373520694105,1.9549530448494444e-05,0.7546153846153846,3,False,False,False,0.0,1,True,False
100000004877085100,peripheral,0.5,14,0.4189,"Низкая активность в выборке: 1 вход. / 3 исход., 120,600 KZT суммарно, pass_through=3.82 — выраженных признаков роли не выявлено.",1,3,25000.0,95600.0,1,9,0.0002961411750379063,5.864859134548333e-05,3.824,3,False,False,False,0.0,1,True,False
100000002713074100,peripheral,0.45,16,0.5771,"Низкая активность в выборке: 2 вход. / 1 исход., 1,130,000 KZT суммарно, pass_through=0.61 — выраженных признаков роли не выявлено.",2,1,700000.0,430000.0,2,2,0.00043550713978465777,1.9549530448494444e-05,0.6142857142857143,3,False,False,False,12.0,2,False,False
100000002356167100,peripheral,0.45,3,0.4519,"Низкая активность в выборке: 1 вход. / 2 исход., 329,500 KZT суммарно, pass_through=0.10 — выраженных признаков роли не выявлено.",1,2,300000.0,29500.0,1,3,0.00029660985620653523,3.909906089698889e-05,0.09833333333333333,3,False,False,False,0.0,1,True,False
100000004140487100,distributor,0.31,0,0.6492,"Рассылает 10 получателям (262,600 KZT), получая лишь от 1 плательщиков — веерное распределение средств вниз по цепочке.",1,10,24510.0,262600.0,1,19,0.000290722606610002,0.00033094476336895963,10.713994288045695,3,False,False,True,0.0,1,True,False
100000003147719100,terminal,0.72,5,0.3742,"Нет исходящих переводов на 3-м колене (обход не был искусственно прерван, глубина < 4) — получил 100,000 KZT от 1 плательщиков и удержал их.",1,0,100000.0,0.0,1,0,0.00029202258756113307,0.0,0.0,3,False,False,False,,1,False,False
100000008745884100,terminal,0.72,6,0.2795,"Нет исходящих переводов на 3-м колене (обход не был искусственно прерван, глубина < 4) — получил 20,000 KZT от 1 плательщиков и удержал их.",1,0,20000.0,0.0,1,0,0.0002899832598974069,0.0,0.0,3,False,False,False,,1,False,False
100000002559089100,terminal,0.74,12,0.5635,"Нет исходящих переводов на 3-м колене (обход не был искусственно прерван, глубина < 4) — получил 715,000 KZT от 2 плательщиков и удержал их.",2,0,715000.0,0.0,2,0,0.0003941569671310518,0.0,0.0,3,False,False,False,,2,False,False
100000004984689100,terminal,0.72,2,0.3813,"Нет исходящих переводов на 3-м колене (обход не был искусственно прерван, глубина < 4) — получил 53,030 KZT от 1 плательщиков и удержал их.",1,0,53030.0,0.0,1,0,0.000297681582888897,0.0,0.0,3,False,False,False,,1,False,False
100000004340038100,peripheral,0.4,14,0.3359,"Низкая активность в выборке: 1 вход. / 1 исход., 58,978 KZT суммарно, pass_through=4.91 — выраженных признаков роли не выявлено.",1,1,9978.0,49000.0,1,1,0.0002905576031748063,1.9549530448494444e-05,4.910803768290238,3,False,False,False,9.0,1,False,False
100000005052998100,peripheral,0.4,0,0.2794,"Низкая активность в выборке: 1 вход. / 1 исход., 37,900 KZT суммарно, pass_through=2.99 — выраженных признаков роли не выявлено.",1,1,9500.0,28400.0,1,1,0.00028738612820401673,4.4075930486351165e-06,2.9894736842105263,3,False,False,True,,1,False,False
100000007597382100,terminal,0.72,3,0.2457,"Нет исходящих переводов на 3-м колене (обход не был искусственно прерван, глубина < 4) — получил 15,700 KZT от 1 плательщиков и удержал их.",1,0,15700.0,0.0,1,0,0.00028735967663128144,0.0,0.0,3,False,False,False,,1,False,False
100000008697670100,terminal,0.72,6,0.3016,"Нет исходящих переводов на 3-м колене (обход не был искусственно прерван, глубина < 4) — получил 25,350 KZT от 1 плательщиков и удержал их.",1,0,25350.0,0.0,1,0,0.0002908217143643637,0.0,0.0,3,False,False,False,,1,False,False
100000008460102100,distributor,0.71,8,0.7259,"Рассылает 31 получателям (476,570 KZT), получая лишь от 1 плательщиков — веерное распределение средств вниз по цепочке.",1,31,17500.0,476570.0,1,34,0.00030102883105703315,0.0009944731932270215,27.23257142857143,3,False,False,False,0.0,1,True,False
100000004399686100,terminal,0.72,24,0.6089,"Нет исходящих переводов на 3-м колене (обход не был искусственно прерван, глубина < 4) — получил 806,000 KZT от 1 плательщиков и удержал их.",1,0,806000.0,0.0,2,0,0.0005732958269088735,0.0,0.0,3,False,False,False,,1,False,False
100000008688155100,terminal,0.72,6,0.2933,"Нет исходящих переводов на 3-м колене (обход не был искусственно прерван, глубина < 4) — получил 23,600 KZT от 1 плательщиков и удержал их.",1,0,23600.0,0.0,1,0,0.0002905474535574152,0.0,0.0,3,False,False,False,,1,False,False
100000004386331100,transit,0.65,17,0.5844,"Пропускает средства не удерживая: получил 20,000 KZT, отдал 17,500 KZT (0.88x) от 1 плательщиков 2 получателям.",1,2,20000.0,17500.0,1,2,0.0005148925249118901,2.0557238203571478e-05,0.875,3,False,False,True,,1,False,False
100000007999728100,terminal,0.72,13,0.3167,"Нет исходящих переводов на 3-м колене (обход не был искусственно прерван, глубина < 4) — получил 23,250 KZT от 1 плательщиков и удержал их.",1,0,23250.0,0.0,1,0,0.00029345314382425074,0.0,0.0,3,False,False,False,,1,False,False
100000001597424100,terminal,0.72,13,0.3842,"Нет исходящих переводов на 3-м колене (обход не был искусственно прерван, глубина < 4) — получил 48,100 KZT от 1 плательщиков и удержал их.",1,0,48100.0,0.0,1,0,0.00030051192596426983,0.0,0.0,3,False,False,False,,1,False,False
100000003677936100,peripheral,0.4,9,0.429,"Низкая активность в выборке: 1 вход. / 1 исход., 84,000 KZT суммарно, pass_through=0.18 — выраженных признаков роли не выявлено.",1,1,71000.0,13000.0,1,2,0.0003102592371929013,1.9549530448494444e-05,0.18309859154929578,3,False,False,False,0.0,1,True,False
100000002943472100,terminal,0.72,5,0.4647,"Нет исходящих переводов на 3-м колене (обход не был искусственно прерван, глубина < 4) — получил 170,000 KZT от 1 плательщиков и удержал их.",1,0,170000.0,0.0,1,0,0.00031134574837154115,0.0,0.0,3,False,False,False,,1,False,False
100000004892144100,peripheral,0.45,24,0.5875,"Низкая активность в выборке: 2 вход. / 1 исход., 4,680,300 KZT суммарно, pass_through=0.04 — выраженных признаков роли не выявлено.",2,1,4500000.0,180300.0,7,1,0.0028272366151119127,0.0,0.04006666666666667,3,False,False,True,6.0,2,False,False
100000008077552100,terminal,0.72,2,0.4973,"Нет исходящих переводов на 3-м колене (обход не был искусственно прерван, глубина < 4) — получил 214,000 KZT от 1 плательщиков и удержал их.",1,0,214000.0,0.0,1,0,0.00033056381755698535,0.0,0.0,3,False,False,False,,1,False,False
100000002914245100,terminal,0.72,2,0.4157,"Нет исходящих переводов на 3-м колене (обход не был искусственно прерван, глубина < 4) — получил 140,611 KZT от 1 плательщиков и удержал их.",1,0,140611.0,0.0,1,0,0.00029690539913794544,0.0,0.0,3,False,False,False,,1,False,False
100000004906181100,peripheral,0.5,33,0.4526,"Низкая активность в выборке: 1 вход. / 7 исход., 2,573,418 KZT суммарно, pass_through=24.73 — выраженных признаков роли не выявлено.",1,7,100000.0,2473417.91,1,33,0.000290102519185604,0.0001368467131394611,24.734179100000002,3,False,False,False,0.0,1,True,False
100000008514970100,peripheral,0.4,2,0.4867,"Низкая активность в выборке: 1 вход. / 1 исход., 410,966 KZT суммарно, pass_through=0.08 — выраженных признаков роли не выявлено.",1,1,379966.0,31000.0,1,1,0.0003140241534126123,8.061662040616265e-07,0.0815862471905381,3,False,False,False,0.0,1,True,False
100000008258458100,peripheral,0.45,62,0.4615,"Низкая активность в выборке: 1 вход. / 2 исход., 1,576,988 KZT суммарно, pass_through=82.00 — выраженных признаков роли не выявлено.",1,2,19000.0,1557988.0,1,4,0.0002925641352012668,3.909906089698889e-05,81.99936842105264,3,False,False,False,0.0,1,True,False
100000003484058100,peripheral,0.4,13,0.4587,"Низкая активность в выборке: 1 вход. / 1 исход., 116,000 KZT суммарно, pass_through=0.05 — выраженных признаков роли не выявлено.",1,1,110000.0,6000.0,1,1,0.0003180949687999712,1.9549530448494444e-05,0.05454545454545454,3,False,False,False,13.0,1,False,False
100000003574895100,peripheral,0.4,0,0.3022,"Низкая активность в выборке: 1 вход. / 1 исход., 47,968 KZT суммарно, pass_through=0.72 — выраженных признаков роли не выявлено.",1,1,27968.0,20000.0,1,1,0.0002884305957201563,1.9549530448494444e-05,0.7151029748283753,3,False,False,False,0.0,1,True,False
100000000896111100,terminal,0.72,24,0.5356,"Нет исходящих переводов на 3-м колене (обход не был искусственно прерван, глубина < 4) — получил 287,100 KZT от 1 плательщиков и удержал их.",1,0,287100.0,0.0,1,0,0.000388882258710753,0.0,0.0,3,False,False,False,,1,False,False
100000008715887100,terminal,0.72,6,0.2718,"Нет исходящих переводов на 3-м колене (обход не был искусственно прерван, глубина < 4) — получил 18,000 KZT от 1 плательщиков и удержал их.",1,0,18000.0,0.0,1,0,0.00028966981897518004,0.0,0.0,3,False,False,False,,1,False,False
100000000560751100,terminal,0.72,14,0.4752,"Нет исходящих переводов на 3-м колене (обход не был искусственно прерван, глубина < 4) — получил 25,000 KZT от 1 плательщиков и удержал их.",1,0,25000.0,0.0,1,0,0.0005548595863285818,0.0,0.0,3,False,False,False,,1,False,False
100000008708207100,terminal,0.74,5,0.5419,"Нет исходящих переводов на 3-м колене (обход не был искусственно прерван, глубина < 4) — получил 465,000 KZT от 2 плательщиков и удержал их.",2,0,465000.0,0.0,2,0,0.00036138253938473137,0.0,0.0,3,False,False,False,,2,False,False
100000003152964100,peripheral,0.4,2,0.4631,"Низкая активность в выборке: 1 вход. / 1 исход., 147,347 KZT суммарно, pass_through=0.04 — выраженных признаков роли не выявлено.",1,1,141847.0,5500.0,1,1,0.00031582472407368673,1.9549530448494444e-05,0.03877417217142414,3,False,False,False,3.0,1,False,False
100000004991812100,terminal,0.72,23,0.3808,"Нет исходящих переводов на 3-м колене (обход не был искусственно прерван, глубина < 4) — получил 10,000 KZT от 1 плательщиков и удержал их.",1,0,10000.0,0.0,1,0,0.0003479308650141994,0.0,0.0,3,False,False,False,,1,False,False
100000000291908100,peripheral,0.4,50,0.5963,"Низкая активность в выборке: 1 вход. / 1 исход., 308,800 KZT суммарно, pass_through=0.05 — выраженных признаков роли не выявлено.",1,1,295500.0,13300.0,5,1,0.0007095144362731588,2.0154155101540664e-05,0.045008460236886635,3,False,False,False,4.0,1,False,False
100000003132484100,terminal,0.72,9,0.5274,"Нет исходящих переводов на 3-м колене (обход не был искусственно прерван, глубина < 4) — получил 90,000 KZT от 1 плательщиков и удержал их.",1,0,90000.0,0.0,1,0,0.0005411807195730717,0.0,0.0,3,False,False,False,,1,False,False
100000004077081100,peripheral,0.5,0,0.4495,"Низкая активность в выборке: 1 вход. / 4 исход., 755,000 KZT суммарно, pass_through=4.39 — выраженных признаков роли не выявлено.",1,4,140000.0,615000.0,1,6,0.00029140398658979025,0.0001179787366127338,4.392857142857143,3,False,False,False,0.0,1,True,False
100000004770073100,transit,0.9,0,0.3493,"Пропускает средства не удерживая: получил 5,462 KZT, отдал 5,467 KZT (1.00x) от 1 плательщиков 1 получателям, медианная задержка 0 дн..",1,1,5462.4,5466.97,1,1,0.0002890943134302503,1.9549530448494444e-05,1.0008366285881665,3,False,False,False,0.0,1,True,False
100000003163886100,terminal,0.72,55,0.6125,"Нет исходящих переводов на 3-м колене (обход не был искусственно прерван, глубина < 4) — получил 500,000 KZT от 1 плательщиков и удержал их.",1,0,500000.0,0.0,1,0,0.0007369599248141944,0.0,0.0,3,False,False,False,,1,False,False
100000000795374100,terminal,0.72,2,0.3745,"Нет исходящих переводов на 3-м колене (обход не был искусственно прерван, глубина < 4) — получил 50,000 KZT от 1 плательщиков и удержал их.",1,0,50000.0,0.0,1,0,0.0002970626279839811,0.0,0.0,3,False,False,False,,1,False,False
100000002391278100,peripheral,0.4,10,0.4199,"Низкая активность в выборке: 1 вход. / 1 исход., 82,700 KZT суммарно, pass_through=1.76 — выраженных признаков роли не выявлено.",1,1,30000.0,52700.0,5,2,0.00039518096097428796,0.0,1.7566666666666666,3,False,False,True,1.0,1,True,False
100000004635886100,terminal,0.72,4,0.3181,"Нет исходящих переводов на 3-м колене (обход не был искусственно прерван, глубина < 4) — получил 23,000 KZT от 1 плательщиков и удержал их.",1,0,23000.0,0.0,1,0,0.00029376735299624113,0.0,0.0,3,False,False,False,,1,False,False
100000000413678100,peripheral,0.5,2,0.5012,"Низкая активность в выборке: 2 вход. / 3 исход., 834,698 KZT суммарно, pass_through=1.72 — выраженных признаков роли не выявлено.",2,3,306500.0,528198.0,2,18,0.0003020408980498882,5.864859134548333e-05,1.723321370309951,3,False,False,False,0.0,2,True,False
100000008659950100,terminal,0.72,5,0.4965,"Нет исходящих переводов на 3-м колене (обход не был искусственно прерван, глубина < 4) — получил 246,000 KZT от 1 плательщиков и удержал их.",1,0,246000.0,0.0,1,0,0.0003222973026358153,0.0,0.0,3,False,False,False,,1,False,False
100000003964910100,terminal,0.74,16,0.591,"Нет исходящих переводов на 3-м колене (обход не был искусственно прерван, глубина < 4) — получил 1,000,000 KZT от 2 плательщиков и удержал их.",2,0,1000000.0,0.0,2,0,0.0005115658756719716,0.0,0.0,3,False,False,False,,2,False,False
100000008764654100,terminal,0.72,6,0.3042,"Нет исходящих переводов на 3-м колене (обход не был искусственно прерван, глубина < 4) — получил 26,150 KZT от 1 плательщиков и удержал их.",1,0,26150.0,0.0,1,0,0.00029094709073325446,0.0,0.0,3,False,False,False,,1,False,False
100000005830339100,peripheral,0.5,7,0.5474,"Низкая активность в выборке: 5 вход. / 1 исход., 815,592 KZT суммарно, pass_through=0.71 — выраженных признаков роли не выявлено.",5,1,476341.0,339251.0,12,1,0.0003651974647834223,3.862879727795293e-06,0.7122019729563485,3,False,False,False,13.5,1,False,False
100000002032323100,peripheral,0.4,5,0.5766,"Низкая активность в выборке: 1 вход. / 1 исход., 1,350,000 KZT суммарно, pass_through=3.50 — выраженных признаков роли не выявлено.",1,1,300000.0,1050000.0,1,2,0.00040583008293915704,1.9952613550525257e-05,3.5,3,False,False,False,0.0,1,True,False
100000008668099100,terminal,0.72,6,0.2607,"Нет исходящих переводов на 3-м колене (обход не был искусственно прерван, глубина < 4) — получил 15,700 KZT от 1 плательщиков и удержал их.",1,0,15700.0,0.0,1,0,0.00028930936191461917,0.0,0.0,3,False,False,False,,1,False,False
100000008634520100,terminal,0.72,5,0.4086,"Нет исходящих переводов на 3-м колене (обход не был искусственно прерван, глубина < 4) — получил 90,000 KZT от 1 плательщиков и удержал их.",1,0,90000.0,0.0,1,0,0.00029981779651441044,0.0,0.0,3,False,False,False,,1,False,False
100000002103448100,terminal,0.72,6,0.3082,"Нет исходящих переводов на 3-м колене (обход не был искусственно прерван, глубина < 4) — получил 27,000 KZT от 1 плательщиков и удержал их.",1,0,27000.0,0.0,1,0,0.00029108030312520087,0.0,0.0,3,False,False,False,,1,False,False
100000005996909100,terminal,0.72,4,0.3458,"Нет исходящих переводов на 3-м колене (обход не был искусственно прерван, глубина < 4) — получил 5,500 KZT от 1 плательщиков и удержал их.",1,0,5500.0,0.0,1,0,0.00031743990574272185,0.0,0.0,3,False,False,False,,1,False,False
100000007392365100,peripheral,0.5,38,0.4231,"Низкая активность в выборке: 1 вход. / 6 исход., 1,775,213 KZT суммарно, pass_through=183.67 — выраженных признаков роли не выявлено.",1,6,9613.0,1765600.0,1,9,0.0002873925189788339,0.00011729718269096666,183.66794965151357,3,False,False,False,4.0,1,False,False
100000008279405100,terminal,0.72,2,0.504,"Нет исходящих переводов на 3-м колене (обход не был искусственно прерван, глубина < 4) — получил 234,738 KZT от 1 плательщиков и удержал их.",1,0,234738.0,0.0,2,0,0.000334800083833601,0.0,0.0,3,False,False,False,,1,False,False
100000008343874100,peripheral,0.5,2,0.5016,"Низкая активность в выборке: 2 вход. / 2 исход., 459,935 KZT суммарно, pass_through=0.62 — выраженных признаков роли не выявлено.",2,2,283535.0,176400.0,2,5,0.00030902303115203344,3.95021439990197e-05,0.6221454141464017,3,False,False,False,1.5,1,True,False
100000002548759100,terminal,0.74,5,0.4885,"Нет исходящих переводов на 3-м колене (обход не был искусственно прерван, глубина < 4) — получил 375,000 KZT от 2 плательщиков и удержал их.",2,0,375000.0,0.0,2,0,0.0003099070264256317,0.0,0.0,3,False,False,False,,2,False,False
100000003069463100,peripheral,0.4,27,0.2957,"Низкая активность в выборке: 1 вход. / 1 исход., 29,420 KZT суммарно, pass_through=1.56 — выраженных признаков роли не выявлено.",1,1,11500.0,17920.0,1,1,0.0002897438054951015,1.9952613550525257e-05,1.5582608695652174,3,False,False,False,9.0,1,False,False
100000008474391100,terminal,0.72,23,0.4289,"Нет исходящих переводов на 3-м колене (обход не был искусственно прерван, глубина < 4) — получил 20,000 KZT от 1 плательщиков и удержал их.",1,0,20000.0,0.0,1,0,0.0004090128793532605,0.0,0.0,3,False,False,False,,1,False,False
100000003097324100,terminal,0.74,18,0.5058,"Нет исходящих переводов на 3-м колене (обход не был искусственно прерван, глубина < 4) — получил 294,000 KZT от 2 плательщиков и удержал их.",2,0,294000.0,0.0,2,0,0.0003274641786485466,0.0,0.0,3,False,False,False,,2,False,False
100000001852140100,terminal,0.72,54,0.5036,"Нет исходящих переводов на 3-м колене (обход не был искусственно прерван, глубина < 4) — получил 30,000 KZT от 1 плательщиков и удержал их.",1,0,30000.0,0.0,1,0,0.0008079646770475849,0.0,0.0,3,False,False,False,,1,False,False
100000003293377100,terminal,0.72,3,0.3088,"Нет исходящих переводов на 3-м колене (обход не был искусственно прерван, глубина < 4) — получил 50,000 KZT от 1 плательщиков и удержал их.",1,0,50000.0,0.0,1,0,0.0002884756849303712,0.0,0.0,3,False,False,False,,1,False,False
100000006048193100,terminal,0.72,0,0.3677,"Нет исходящих переводов на 3-м колене (обход не был искусственно прерван, глубина < 4) — получил 41,559 KZT от 1 плательщиков и удержал их.",1,0,41559.0,0.0,1,0,0.00029773324827123734,0.0,0.0,3,False,False,False,,1,False,False
100000002435265100,terminal,0.72,0,0.4001,"Нет исходящих переводов на 3-м колене (обход не был искусственно прерван, глубина < 4) — получил 132,628 KZT от 1 плательщиков и удержал их.",1,0,132628.0,0.0,3,0,0.00029434969742251537,0.0,0.0,3,False,False,False,,1,False,False
100000004587414100,terminal,0.74,3,0.513,"Нет исходящих переводов на 3-м колене (обход не был искусственно прерван, глубина < 4) — получил 533,603 KZT от 2 плательщиков и удержал их.",2,0,533603.0,0.0,2,0,0.00031626908039091055,0.0,0.0,3,False,False,False,,1,False,False
100000001726614100,terminal,0.72,0,0.4236,"Нет исходящих переводов на 3-м колене (обход не был искусственно прерван, глубина < 4) — получил 138,717 KZT от 1 плательщиков и удержал их.",1,0,138717.0,0.0,1,0,0.000299200589385284,0.0,0.0,3,False,False,False,,1,False,False
100000003934614100,peripheral,0.45,20,0.3789,"Низкая активность в выборке: 2 вход. / 1 исход., 28,500 KZT суммарно, pass_through=0.68 — выраженных признаков роли не выявлено.",2,1,17000.0,11500.0,2,2,0.0003148769433899909,6.718051700513554e-08,0.6764705882352942,3,False,False,True,3.5,1,False,False
100000008772246100,terminal,0.72,6,0.3495,"Нет исходящих переводов на 3-м колене (обход не был искусственно прерван, глубина < 4) — получил 44,500 KZT от 1 плательщиков и удержал их.",1,0,44500.0,0.0,1,0,0.00029382291119468585,0.0,0.0,3,False,False,False,,1,False,False
100000002603371100,terminal,0.72,0,0.2593,"Нет исходящих переводов на 3-м колене (обход не был искусственно прерван, глубина < 4) — получил 9,300 KZT от 1 плательщиков и удержал их.",1,0,9300.0,0.0,1,0,0.00029067185953983904,0.0,0.0,3,False,False,False,,1,False,False
100000004445291100,terminal,0.72,26,0.3828,"Нет исходящих переводов на 3-м колене (обход не был искусственно прерван, глубина < 4) — получил 19,500 KZT от 1 плательщиков и удержал их.",1,0,19500.0,0.0,2,0,0.0003206550998144616,0.0,0.0,3,False,False,False,,1,False,False
100000008571243100,terminal,0.72,8,0.4471,"Нет исходящих переводов на 3-м колене (обход не был искусственно прерван, глубина < 4) — получил 134,000 KZT от 1 плательщиков и удержал их.",1,0,134000.0,0.0,1,0,0.000307629948068643,0.0,0.0,3,False,False,False,,1,False,False
100000001138283100,peripheral,0.45,2,0.4316,"Низкая активность в выборке: 1 вход. / 2 исход., 131,805 KZT суммарно, pass_through=0.61 — выраженных признаков роли не выявлено.",1,2,81805.0,50000.0,1,2,0.000303559611730136,1.9347988897479037e-05,0.6112095837662734,3,False,False,True,0.0,1,True,False
100000002593344100,terminal,0.74,5,0.5384,"Нет исходящих переводов на 3-м колене (обход не был искусственно прерван, глубина < 4) — получил 431,000 KZT от 2 плательщиков и удержал их.",2,0,431000.0,0.0,2,0,0.0003605528794105453,0.0,0.0,3,False,False,False,,2,False,False
100000007390016100,peripheral,0.4,3,0.5684,"Низкая активность в выборке: 1 вход. / 1 исход., 857,500 KZT суммарно, pass_through=0.68 — выраженных признаков роли не выявлено.",1,1,511000.0,346500.0,13,14,0.0018696009608486764,0.0,0.678082191780822,3,False,False,True,0.0,1,True,False
100000001285440100,terminal,0.74,18,0.4952,"Нет исходящих переводов на 3-м колене (обход не был искусственно прерван, глубина < 4) — получил 243,000 KZT от 2 плательщиков и удержал их.",2,0,243000.0,0.0,2,0,0.0003217917138189948,0.0,0.0,3,False,False,False,,2,False,False
100000006746688100,terminal,0.72,6,0.3426,"Нет исходящих переводов на 3-м колене (обход не был искусственно прерван, глубина < 4) — получил 41,000 KZT от 1 плательщиков и удержал их.",1,0,41000.0,0.0,1,0,0.0002932743895807888,0.0,0.0,3,False,False,False,,1,False,False
100000006471232100,terminal,0.72,6,0.3447,"Нет исходящих переводов на 3-м колене (обход не был искусственно прерван, глубина < 4) — получил 41,800 KZT от 1 плательщиков и удержал их.",1,0,41800.0,0.0,1,0,0.00029339976594967956,0.0,0.0,3,False,False,False,,1,False,False
100000008662805100,terminal,0.72,6,0.2643,"Нет исходящих переводов на 3-м колене (обход не был искусственно прерван, глубина < 4) — получил 16,500 KZT от 1 плательщиков и удержал их.",1,0,16500.0,0.0,1,0,0.0002894347382835099,0.0,0.0,3,False,False,False,,1,False,False
100000004292885100,terminal,0.72,6,0.4358,"Нет исходящих переводов на 3-м колене (обход не был искусственно прерван, глубина < 4) — получил 112,700 KZT от 1 плательщиков и удержал их.",1,0,112700.0,0.0,1,0,0.00030451124664262146,0.0,0.0,3,False,False,False,,1,False,False
100000008190442100,terminal,0.72,6,0.2503,"Нет исходящих переводов на 3-м колене (обход не был искусственно прерван, глубина < 4) — получил 13,000 KZT от 1 плательщиков и удержал их.",1,0,13000.0,0.0,1,0,0.0002888862166696129,0.0,0.0,3,False,False,False,,1,False,False
100000007131370100,transit,0.9,15,0.5763,"Пропускает средства не удерживая: получил 30,000 KZT, отдал 30,000 KZT (1.00x) от 1 плательщиков 1 получателям.",1,1,30000.0,30000.0,1,1,0.0009040466780696105,0.0,1.0,3,False,False,True,,1,False,False
100000008717802100,terminal,0.72,6,0.3042,"Нет исходящих переводов на 3-м колене (обход не был искусственно прерван, глубина < 4) — получил 26,150 KZT от 1 плательщиков и удержал их.",1,0,26150.0,0.0,1,0,0.00029094709073325446,0.0,0.0,3,False,False,False,,1,False,False
100000005357034100,terminal,0.72,0,0.2284,"Нет исходящих переводов на 3-м колене (обход не был искусственно прерван, глубина < 4) — получил 9,754 KZT от 1 плательщиков и удержал их.",1,0,9754.0,0.0,1,0,0.00028740049330847306,0.0,0.0,3,False,False,False,,1,False,False
100000005532138100,terminal,0.72,9,0.3328,"Нет исходящих переводов на 3-м колене (обход не был искусственно прерван, глубина < 4) — получил 25,046 KZT от 1 плательщиков и удержал их.",1,0,25046.0,0.0,1,0,0.00029510711181209454,0.0,0.0,3,False,False,False,,1,False,False
100000005264874100,peripheral,0.45,34,0.4989,"Низкая активность в выборке: 1 вход. / 2 исход., 108,000 KZT суммарно, pass_through=2.60 — выраженных признаков роли не выявлено.",1,2,30000.0,78000.0,1,3,0.0004301567178849599,8.061662040616265e-07,2.6,3,False,False,True,,1,False,False
100000008193258100,peripheral,0.4,16,0.4104,"Низкая активность в выборке: 1 вход. / 1 исход., 105,000 KZT суммарно, pass_through=0.40 — выраженных признаков роли не выявлено.",1,1,75000.0,30000.0,2,1,0.0002987024490070344,1.9549530448494444e-05,0.4,3,False,False,False,10.5,1,False,False
100000003190207100,peripheral,0.4,21,0.4672,"Низкая активность в выборке: 1 вход. / 1 исход., 382,000 KZT суммарно, pass_through=75.40 — выраженных признаков роли не выявлено.",1,1,5000.0,377000.0,1,8,0.0003004626618277658,2.1363404407633102e-05,75.4,3,False,False,False,2.0,1,True,False
100000004321983100,peripheral,0.45,10,0.421,"Низкая активность в выборке: 1 вход. / 2 исход., 47,040 KZT суммарно, pass_through=3.34 — выраженных признаков роли не выявлено.",1,2,10840.0,36200.0,1,3,0.00032599285319656444,1.4107908571078464e-06,3.339483394833948,3,False,False,True,4.0,1,False,False
100000002633108100,terminal,0.72,13,0.5361,"Нет исходящих переводов на 3-м колене (обход не был искусственно прерван, глубина < 4) — получил 320,000 KZT от 1 плательщиков и удержал их.",1,0,320000.0,0.0,3,0,0.00037774664885647033,0.0,0.0,3,False,False,False,,1,False,False
100000005941908100,terminal,0.72,13,0.4533,"Нет исходящих переводов на 3-м колене (обход не был искусственно прерван, глубина < 4) — получил 10,000 KZT от 1 плательщиков и удержал их.",1,0,10000.0,0.0,1,0,0.0006952260665446425,0.0,0.0,3,False,False,False,,1,False,False
100000001835625100,terminal,0.72,3,0.332,"Нет исходящих переводов на 3-м колене (обход не был искусственно прерван, глубина < 4) — получил 75,130 KZT от 1 плательщиков и удержал их.",1,0,75130.0,0.0,1,0,0.00028929333182705117,0.0,0.0,3,False,False,False,,1,False,False
100000008671081100,terminal,0.72,6,0.3353,"Нет исходящих переводов на 3-м колене (обход не был искусственно прерван, глубина < 4) — получил 37,200 KZT от 1 плательщиков и удержал их.",1,0,37200.0,0.0,1,0,0.0002926788518285578,0.0,0.0,3,False,False,False,,1,False,False
100000002908521100,terminal,0.72,6,0.3495,"Нет исходящих переводов на 3-м колене (обход не был искусственно прерван, глубина < 4) — получил 44,500 KZT от 1 плательщиков и удержал их.",1,0,44500.0,0.0,1,0,0.00029382291119468585,0.0,0.0,3,False,False,False,,1,False,False
100000000749118100,peripheral,0.4,0,0.269,"Низкая активность в выборке: 1 вход. / 1 исход., 26,830 KZT суммарно, pass_through=1.60 — выраженных признаков роли не выявлено.",1,1,10330.0,16500.0,1,1,0.00028743306929338193,1.9549530448494444e-05,1.5972894482090998,3,False,False,False,19.0,1,False,False
100000008652094100,terminal,0.72,0,0.2951,"Нет исходящих переводов на 3-м колене (обход не был искусственно прерван, глубина < 4) — получил 35,000 KZT от 1 плательщиков и удержал их.",1,0,35000.0,0.0,1,0,0.000288828294202585,0.0,0.0,3,False,False,False,,1,False,False
100000007647294100,terminal,0.72,32,0.5919,"Нет исходящих переводов на 3-м колене (обход не был искусственно прерван, глубина < 4) — получил 385,000 KZT от 1 плательщиков и удержал их.",1,0,385000.0,0.0,1,0,0.0005816408115692833,0.0,0.0,3,False,False,False,,1,False,False
100000003270419100,terminal,0.72,14,0.5733,"Нет исходящих переводов на 3-м колене (обход не был искусственно прерван, глубина < 4) — получил 150,000 KZT от 1 плательщиков и удержал их.",1,0,150000.0,0.0,1,0,0.0008368162852072328,0.0,0.0,3,False,False,False,,1,False,False
100000003050771100,terminal,0.72,14,0.5225,"Нет исходящих переводов на 3-м колене (обход не был искусственно прерван, глубина < 4) — получил 229,000 KZT от 1 плательщиков и удержал их.",1,0,229000.0,0.0,1,0,0.0003719665418380926,0.0,0.0,3,False,False,False,,1,False,False
100000008427027100,terminal,0.72,65,0.5779,"Нет исходящих переводов на 3-м колене (обход не был искусственно прерван, глубина < 4) — получил 300,000 KZT от 1 плательщиков и удержал их.",1,0,300000.0,0.0,1,0,0.0005536646528273149,0.0,0.0,3,False,False,False,,1,False,False
100000004291560100,terminal,0.72,0,0.3141,"Нет исходящих переводов на 3-м колене (обход не был искусственно прерван, глубина < 4) — получил 47,190 KZT от 1 плательщиков и удержал их.",1,0,47190.0,0.0,1,0,0.00028951770610543,0.0,0.0,3,False,False,False,,1,False,False
100000003594472100,terminal,0.72,30,0.3235,"Нет исходящих переводов на 3-м колене (обход не был искусственно прерван, глубина < 4) — получил 20,000 KZT от 1 плательщиков и удержал их.",1,0,20000.0,0.0,1,0,0.0002957672382674178,0.0,0.0,3,False,False,False,,1,False,False
100000002575080100,transit,0.82,15,0.583,"Пропускает средства не удерживая: получил 13,000 KZT, отдал 12,500 KZT (0.96x) от 1 плательщиков 1 получателям, медианная задержка 0 дн..",1,1,13000.0,12500.0,1,1,0.0005543012425460762,2.0154155101540664e-05,0.9615384615384616,3,False,False,False,0.0,1,True,False
100000008038077100,terminal,0.72,3,0.4838,"Нет исходящих переводов на 3-м колене (обход не был искусственно прерван, глубина < 4) — получил 499,850 KZT от 1 плательщиков и удержал их.",1,0,499850.0,0.0,2,0,0.00030311231272470076,0.0,0.0,3,False,False,False,,1,False,False
100000003899325100,terminal,0.72,2,0.3798,"Нет исходящих переводов на 3-м колене (обход не был искусственно прерван, глубина < 4) — получил 50,120 KZT от 1 плательщиков и удержал их.",1,0,50120.0,0.0,1,0,0.00029796452742791776,0.0,0.0,3,False,False,False,,1,False,False
100000001155773100,terminal,0.72,6,0.2873,"Нет исходящих переводов на 3-м колене (обход не был искусственно прерван, глубина < 4) — получил 21,500 KZT от 1 плательщиков и удержал их.",1,0,21500.0,0.0,1,0,0.00029021834058907703,0.0,0.0,3,False,False,False,,1,False,False
100000000611474100,terminal,0.72,23,0.4955,"Нет исходящих переводов на 3-м колене (обход не был искусственно прерван, глубина < 4) — получил 32,000 KZT от 1 плательщиков и удержал их.",1,0,32000.0,0.0,1,0,0.000598202998296713,0.0,0.0,3,False,False,False,,1,False,False
100000006704530100,transit,0.8,27,0.6856,"Пропускает средства не удерживая: получил 450,500 KZT, отдал 428,000 KZT (0.95x) от 1 плательщиков 3 получателям, медианная задержка 3 дн..",1,3,450500.0,428000.0,1,5,0.00040025555905717184,5.985784065157577e-05,0.9500554938956715,3,False,False,False,3.0,1,False,False
100000003996562100,terminal,0.72,0,0.3629,"Нет исходящих переводов на 3-м колене (обход не был искусственно прерван, глубина < 4) — получил 7,700 KZT от 1 плательщиков и удержал их.",1,0,7700.0,0.0,1,0,0.00033004676382698264,0.0,0.0,3,False,False,False,,1,False,False
100000002646887100,terminal,0.72,5,0.3368,"Нет исходящих переводов на 3-м колене (обход не был искусственно прерван, глубина < 4) — получил 24,354 KZT от 1 плательщиков и удержал их.",1,0,24354.0,0.0,1,0,0.0002965077471103314,0.0,0.0,3,False,False,False,,1,False,False
100000002556775100,terminal,0.72,3,0.4424,"Нет исходящих переводов на 3-м колене (обход не был искусственно прерван, глубина < 4) — получил 300,000 KZT от 1 плательщиков и удержал их.",1,0,300000.0,0.0,1,0,0.00029660985620653523,0.0,0.0,3,False,False,False,,1,False,False
100000002722108100,terminal,0.72,12,0.5309,"Нет исходящих переводов на 3-м колене (обход не был искусственно прерван, глубина < 4) — получил 800,000 KZT от 1 плательщиков и удержал их.",1,0,800000.0,0.0,2,0,0.00032511244175800655,0.0,0.0,3,False,False,False,,1,False,False
100000002737980100,terminal,0.72,4,0.3534,"Нет исходящих переводов на 3-м колене (обход не был искусственно прерван, глубина < 4) — получил 32,900 KZT от 1 плательщиков и удержал их.",1,0,32900.0,0.0,1,0,0.00029674531703880277,0.0,0.0,3,False,False,False,,1,False,False
100000002913340100,terminal,0.72,6,0.2933,"Нет исходящих переводов на 3-м колене (обход не был искусственно прерван, глубина < 4) — получил 23,600 KZT от 1 плательщиков и удержал их.",1,0,23600.0,0.0,1,0,0.0002905474535574152,0.0,0.0,3,False,False,False,,1,False,False
100000003610172100,terminal,0.72,3,0.3287,"Нет исходящих переводов на 3-м колене (обход не был искусственно прерван, глубина < 4) — получил 70,000 KZT от 1 плательщиков и удержал их.",1,0,70000.0,0.0,1,0,0.0002891264186324643,0.0,0.0,3,False,False,False,,1,False,False
100000001052945100,peripheral,0.5,57,0.5133,"Низкая активность в выборке: 1 вход. / 3 исход., 1,652,220 KZT суммарно, pass_through=28.23 — выраженных признаков роли не выявлено.",1,3,56520.0,1595700.0,1,6,0.0003029036742789161,5.864859134548333e-05,28.23248407643312,3,False,False,False,17.0,1,False,False
100000002369510100,terminal,0.72,6,0.335,"Нет исходящих переводов на 3-м колене (обход не был искусственно прерван, глубина < 4) — получил 37,150 KZT от 1 плательщиков и удержал их.",1,0,37150.0,0.0,1,0,0.00029267101580550213,0.0,0.0,3,False,False,False,,1,False,False
100000001954534100,peripheral,0.4,0,0.4648,"Низкая активность в выборке: 1 вход. / 1 исход., 53,000 KZT суммарно, pass_through=3.08 — выраженных признаков роли не выявлено.",1,1,13000.0,40000.0,1,1,0.0003678613251334213,1.9952613550525257e-05,3.076923076923077,3,False,False,False,21.0,1,False,False
100000008488166100,terminal,0.72,6,0.2245,"Нет исходящих переводов на 3-м колене (обход не был искусственно прерван, глубина < 4) — получил 5,600 KZT от 1 плательщиков и удержал их.",1,0,5600.0,0.0,1,0,0.00028772648525737354,0.0,0.0,3,False,False,False,,1,False,False
100000005100475100,terminal,0.72,10,0.4334,"Нет исходящих переводов на 3-м колене (обход не был искусственно прерван, глубина < 4) — получил 40,000 KZT от 1 плательщиков и удержал их.",1,0,40000.0,0.0,1,0,0.00033925169821846915,0.0,0.0,3,False,False,False,,1,False,False
100000002708624100,terminal,0.72,26,0.4052,"Нет исходящих переводов на 3-м колене (обход не был искусственно прерван, глубина < 4) — получил 25,000 KZT от 1 плательщиков и удержал их.",1,0,25000.0,0.0,1,0,0.0003301901957255528,0.0,0.0,3,False,False,False,,1,False,False
100000004591973100,peripheral,0.4,17,0.5084,"Низкая активность в выборке: 1 вход. / 1 исход., 110,000 KZT суммарно, pass_through=10.00 — выраженных признаков роли не выявлено.",1,1,10000.0,100000.0,1,1,0.00040087068779351426,2.0758779754586885e-05,10.0,3,False,False,False,,1,False,False
100000000802149100,terminal,0.72,0,0.4025,"Нет исходящих переводов на 3-м колене (обход не был искусственно прерван, глубина < 4) — получил 104,128 KZT от 1 плательщиков и удержал их.",1,0,104128.0,0.0,1,0,0.00029612069081304536,0.0,0.0,3,False,False,False,,1,False,False
100000003095610100,terminal,0.72,8,0.3308,"Нет исходящих переводов на 3-м колене (обход не был искусственно прерван, глубина < 4) — получил 23,665 KZT от 1 плательщиков и удержал их.",1,0,23665.0,0.0,1,0,0.000295702948204946,0.0,0.0,3,False,False,False,,1,False,False
100000004183610100,peripheral,0.4,14,0.5466,"Низкая активность в выборке: 1 вход. / 1 исход., 937,000 KZT суммарно, pass_through=41.59 — выраженных признаков роли не выявлено.",1,1,22000.0,915000.0,1,3,0.0003422699017232171,1.9952613550525257e-05,41.59090909090909,3,False,False,False,2.0,1,True,False
100000005198906100,peripheral,0.4,3,0.4246,"Низкая активность в выборке: 1 вход. / 1 исход., 287,970 KZT суммарно, pass_through=0.26 — выраженных признаков роли не выявлено.",1,1,227970.0,60000.0,1,1,0.00029426623877844684,1.9549530448494444e-05,0.26319252533228055,3,False,False,False,,1,False,False
100000008599354100,peripheral,0.4,0,0.492,"Низкая активность в выборке: 1 вход. / 1 исход., 215,200 KZT суммарно, pass_through=0.22 — выраженных признаков роли не выявлено.",1,1,177000.0,38200.0,1,2,0.0003332055573935272,4.4339141223389455e-06,0.21581920903954802,3,False,False,False,10.0,1,False,False
100000001303311100,terminal,0.8,18,0.5927,"Нет исходящих переводов на 3-м колене (обход не был искусственно прерван, глубина < 4) — получил 1,324,000 KZT от 5 плательщиков и удержал их.",5,0,1324000.0,0.0,5,0,0.0005038967777710388,0.0,0.0,3,False,False,False,,4,False,True
100000008776420100,terminal,0.72,6,0.3915,"Нет исходящих переводов на 3-м колене (обход не был искусственно прерван, глубина < 4) — получил 69,500 KZT от 1 плательщиков и удержал их.",1,0,69500.0,0.0,1,0,0.00029774092272252144,0.0,0.0,3,False,False,False,,1,False,False
100000004737764100,terminal,0.72,7,0.6136,"Нет исходящих переводов на 3-м колене (обход не был искусственно прерван, глубина < 4) — получил 600,000 KZT от 1 плательщиков и удержал их.",1,0,600000.0,0.0,1,0,0.0006795006612870166,0.0,0.0,3,False,False,False,,1,False,False
100000003154105100,peripheral,0.5,22,0.6038,"Низкая активность в выборке: 1 вход. / 7 исход., 398,000 KZT суммарно, pass_through=5.63 — выраженных признаков роли не выявлено.",1,7,60000.0,338000.0,1,9,0.0005530271649049961,0.0001424898765678925,5.633333333333334,3,False,False,False,0.0,1,True,False
100000008708025100,terminal,0.72,20,0.3425,"Нет исходящих переводов на 3-м колене (обход не был искусственно прерван, глубина < 4) — получил 10,000 KZT от 1 плательщиков и удержал их.",1,0,10000.0,0.0,1,0,0.0003106766055378161,0.0,0.0,3,False,False,False,,1,False,False
100000008740793100,terminal,0.72,6,0.2855,"Нет исходящих переводов на 3-м колене (обход не был искусственно прерван, глубина < 4) — получил 21,000 KZT от 1 плательщиков и удержал их.",1,0,21000.0,0.0,1,0,0.0002901399803585203,0.0,0.0,3,False,False,False,,1,False,False
100000008459449100,terminal,0.72,0,0.3938,"Нет исходящих переводов на 3-м колене (обход не был искусственно прерван, глубина < 4) — получил 53,700 KZT от 1 плательщиков и удержал их.",1,0,53700.0,0.0,1,0,0.0003009130040693614,0.0,0.0,3,False,False,False,,1,False,False
100000008677518100,terminal,0.72,6,0.3585,"Нет исходящих переводов на 3-м колене (обход не был искусственно прерван, глубина < 4) — получил 48,700 KZT от 1 плательщиков и удержал их.",1,0,48700.0,0.0,1,0,0.0002944811371313622,0.0,0.0,3,False,False,False,,1,False,False
100000002212494100,terminal,0.72,30,0.5031,"Нет исходящих переводов на 3-м колене (обход не был искусственно прерван, глубина < 4) — получил 160,000 KZT от 1 плательщиков и удержал их.",1,0,160000.0,0.0,1,0,0.00035819595141337393,0.0,0.0,3,False,False,False,,1,False,False
100000001825934100,peripheral,0.4,34,0.5144,"Низкая активность в выборке: 1 вход. / 1 исход., 137,000 KZT суммарно, pass_through=2.42 — выраженных признаков роли не выявлено.",1,1,40000.0,97000.0,1,1,0.00047792600695490046,1.0077077550770332e-06,2.425,3,False,False,False,,1,False,False
100000003736419100,peripheral,0.4,0,0.3287,"Низкая активность в выборке: 1 вход. / 1 исход., 33,300 KZT суммарно, pass_through=0.43 — выраженных признаков роли не выявлено.",1,1,23300.0,10000.0,1,1,0.0002929511742149037,1.9549530448494444e-05,0.4291845493562232,3,False,False,False,0.0,1,True,False
100000008430691100,peripheral,0.45,48,0.5007,"Низкая активность в выборке: 1 вход. / 2 исход., 624,900 KZT суммарно, pass_through=30.25 — выраженных признаков роли не выявлено.",1,2,20000.0,604900.0,1,2,0.0003083451989143688,1.9952613550525257e-05,30.245,3,False,False,True,0.0,1,True,False
100000003073635100,terminal,0.72,2,0.4566,"Нет исходящих переводов на 3-м колене (обход не был искусственно прерван, глубина < 4) — получил 129,231 KZT от 1 плательщиков и удержал их.",1,0,129231.0,0.0,1,0,0.0003132475837831195,0.0,0.0,3,False,False,False,,1,False,False
100000001686328100,terminal,0.72,5,0.4657,"Нет исходящих переводов на 3-м колене (обход не был искусственно прерван, глубина < 4) — получил 140,000 KZT от 1 плательщиков и удержал их.",1,0,140000.0,0.0,1,0,0.00031645902449252086,0.0,0.0,3,False,False,False,,1,False,False
100000008707810100,terminal,0.72,6,0.3055,"Нет исходящих переводов на 3-м колене (обход не был искусственно прерван, глубина < 4) — получил 26,200 KZT от 1 плательщиков и удержал их.",1,0,26200.0,0.0,1,0,0.0002909549267563101,0.0,0.0,3,False,False,False,,1,False,False
100000001236706100,peripheral,0.5,0,0.5864,"Низкая активность в выборке: 3 вход. / 2 исход., 178,700 KZT суммарно, pass_through=0.25 — выраженных признаков роли не выявлено.",3,2,142700.0,36000.0,3,2,0.0007695577991874919,3.9905227101050515e-05,0.25227750525578135,3,False,False,False,4.0,2,False,False
100000008536546100,terminal,0.74,18,0.4911,"Нет исходящих переводов на 3-м колене (обход не был искусственно прерван, глубина < 4) — получил 250,000 KZT от 2 плательщиков и удержал их.",2,0,250000.0,0.0,2,0,0.00031866747443015295,0.0,0.0,3,False,False,False,,2,False,False
100000007140834100,terminal,0.72,10,0.457,"Нет исходящих переводов на 3-м колене (обход не был искусственно прерван, глубина < 4) — получил 10,200 KZT от 1 плательщиков и удержал их.",1,0,10200.0,0.0,2,0,0.0007152984114162458,0.0,0.0,3,False,False,False,,1,False,False
100000007022818100,terminal,0.72,6,0.267,"Нет исходящих переводов на 3-м колене (обход не был искусственно прерван, глубина < 4) — получил 17,200 KZT от 1 плательщиков и удержал их.",1,0,17200.0,0.0,1,0,0.00028954444260628927,0.0,0.0,3,False,False,False,,1,False,False
100000007484343100,terminal,0.74,0,0.2997,"Нет исходящих переводов на 3-м колене (обход не был искусственно прерван, глубина < 4) — получил 26,757 KZT от 2 плательщиков и удержал их.",2,0,26757.0,0.0,2,0,0.00029042727942479434,0.0,0.0,3,False,False,False,,2,False,False
100000001379511100,terminal,0.72,5,0.4153,"Нет исходящих переводов на 3-м колене (обход не был искусственно прерван, глубина < 4) — получил 55,000 KZT от 1 плательщиков и удержал их.",1,0,55000.0,0.0,1,0,0.0003086620765902084,0.0,0.0,3,False,False,False,,1,False,False
100000004569484100,peripheral,0.5,8,0.5195,"Низкая активность в выборке: 2 вход. / 4 исход., 254,312 KZT суммарно, pass_through=1.59 — выраженных признаков роли не выявлено.",2,4,98312.0,156000.0,3,4,0.0003208064267479821,0.0028412589305207747,1.586784929611848,3,False,False,True,3.0,1,False,False
100000002948492100,terminal,0.72,13,0.3183,"Нет исходящих переводов на 3-м колене (обход не был искусственно прерван, глубина < 4) — получил 23,660 KZT от 1 плательщиков и удержал их.",1,0,23660.0,0.0,1,0,0.0002935696066281706,0.0,0.0,3,False,False,False,,1,False,False
100000002116705100,terminal,0.72,6,0.2694,"Нет исходящих переводов на 3-м колене (обход не был искусственно прерван, глубина < 4) — получил 17,600 KZT от 1 плательщиков и удержал их.",1,0,17600.0,0.0,1,0,0.0002896071307907347,0.0,0.0,3,False,False,False,,1,False,False
100000002481974100,peripheral,0.5,2,0.5286,"Низкая активность в выборке: 2 вход. / 2 исход., 407,447 KZT суммарно, pass_through=3.56 — выраженных признаков роли не выявлено.",2,2,89447.0,318000.0,2,4,0.00033314047777107053,3.95021439990197e-05,3.5551779265934016,3,False,False,False,5.0,1,False,False
100000003920950100,terminal,0.72,9,0.5414,"Нет исходящих переводов на 3-м колене (обход не был искусственно прерван, глубина < 4) — получил 323,290 KZT от 1 плательщиков и удержал их.",1,0,323290.0,0.0,1,0,0.00039344524303186484,0.0,0.0,3,False,False,False,,1,False,False
100000000733451100,peripheral,0.4,14,0.5861,"Низкая активность в выборке: 1 вход. / 1 исход., 370,000 KZT суммарно, pass_through=4.29 — выраженных признаков роли не выявлено.",1,1,70000.0,300000.0,2,1,0.0005435003201234491,2.4991152325910422e-05,4.285714285714286,3,False,False,False,,1,False,False
100000005182219100,terminal,0.74,3,0.4601,"Нет исходящих переводов на 3-м колене (обход не был искусственно прерван, глубина < 4) — получил 55,000 KZT от 2 плательщиков и удержал их.",2,0,55000.0,0.0,2,0,0.00035569106788317526,0.0,0.0,3,False,False,False,,1,False,False
100000008633099100,peripheral,0.4,9,0.33,"Низкая активность в выборке: 1 вход. / 1 исход., 32,968 KZT суммарно, pass_through=0.69 — выраженных признаков роли не выявлено.",1,1,19468.0,13500.0,1,1,0.0002932679127135582,1.9549530448494444e-05,0.6934456544072324,3,False,False,False,8.0,1,False,False
100000001380107100,terminal,0.72,55,0.2672,"Нет исходящих переводов на 3-м колене (обход не был искусственно прерван, глубина < 4) — получил 6,000 KZT от 1 плательщиков и удержал их.",1,0,6000.0,0.0,1,0,0.00029225018356480705,0.0,0.0,3,False,False,False,,1,False,False
100000008755168100,terminal,0.72,6,0.2694,"Нет исходящих переводов на 3-м колене (обход не был искусственно прерван, глубина < 4) — получил 17,600 KZT от 1 плательщиков и удержал их.",1,0,17600.0,0.0,1,0,0.0002896071307907347,0.0,0.0,3,False,False,False,,1,False,False
100000002628576100,peripheral,0.5,3,0.5258,"Низкая активность в выборке: 2 вход. / 2 исход., 1,266,882 KZT суммарно, pass_through=0.74 — выраженных признаков роли не выявлено.",2,2,727882.0,539000.0,3,2,0.00031277260421456776,3.909906089698889e-05,0.7405046422359668,3,False,False,False,0.0,1,True,False
100000001611488100,terminal,0.74,3,0.6261,"Нет исходящих переводов на 3-м колене (обход не был искусственно прерван, глубина < 4) — получил 779,300 KZT от 2 плательщиков и удержал их.",2,0,779300.0,0.0,3,0,0.0008812402243074099,0.0,0.0,3,False,False,False,,1,False,False
100000005375968100,peripheral,0.45,0,0.4436,"Низкая активность в выборке: 1 вход. / 2 исход., 256,082 KZT суммарно, pass_through=0.51 — выраженных признаков роли не выявлено.",1,2,170082.0,86000.0,1,4,0.0002964679282190007,3.909906089698889e-05,0.5056384567443939,3,False,False,False,0.0,1,True,False
100000003581109100,terminal,0.72,0,0.3058,"Нет исходящих переводов на 3-м колене (обход не был искусственно прерван, глубина < 4) — получил 42,750 KZT от 1 плательщиков и удержал их.",1,0,42750.0,0.0,1,0,0.00028926659955509106,0.0,0.0,3,False,False,False,,1,False,False
100000002933386100,peripheral,0.4,0,0.5382,"Низкая активность в выборке: 1 вход. / 1 исход., 73,000 KZT суммарно, pass_through=3.87 — выраженных признаков роли не выявлено.",1,1,15000.0,58000.0,1,1,0.0006555879422541299,2.035569665255607e-05,3.8666666666666667,3,False,False,False,,1,False,False
100000002284426100,terminal,0.72,3,0.3461,"Нет исходящих переводов на 3-м колене (обход не был искусственно прерван, глубина < 4) — получил 90,000 KZT от 1 плательщиков и удержал их.",1,0,90000.0,0.0,2,0,0.0002897771523345574,0.0,0.0,3,False,False,False,,1,False,False
100000008579978100,peripheral,0.4,3,0.3366,"Низкая активность в выборке: 1 вход. / 1 исход., 111,000 KZT суммарно, pass_through=2.26 — выраженных признаков роли не выявлено.",1,1,34000.0,77000.0,1,6,0.0002879550979686967,1.9549530448494444e-05,2.264705882352941,3,False,False,False,0.0,1,True,False
100000001549194100,terminal,0.72,13,0.3799,"Нет исходящих переводов на 3-м колене (обход не был искусственно прерван, глубина < 4) — получил 46,500 KZT от 1 плательщиков и удержал их.",1,0,46500.0,0.0,1,0,0.00030005743697336315,0.0,0.0,3,False,False,False,,1,False,False
100000001427082100,peripheral,0.5,22,0.5335,"Низкая активность в выборке: 1 вход. / 5 исход., 129,900 KZT суммарно, pass_through=24.98 — выраженных признаков роли не выявлено.",1,5,5000.0,124900.0,1,6,0.00044117104497772014,7.981045420210103e-05,24.98,3,False,False,False,3.0,1,False,False
100000004657034100,terminal,0.72,3,0.3815,"Нет исходящих переводов на 3-м колене (обход не был искусственно прерван, глубина < 4) — получил 141,250 KZT от 1 плательщиков и удержал их.",1,0,141250.0,0.0,1,0,0.00029144465744617104,0.0,0.0,3,False,False,False,,1,False,False
100000003796063100,distributor,0.4,3,0.8723,"Рассылает 15 получателям (959,150 KZT), получая лишь от 1 плательщиков — веерное распределение средств вниз по цепочке.",1,15,35000.0,959150.0,1,23,0.000688199194826116,0.0011991248385074798,27.404285714285713,3,False,False,True,0.0,1,True,False
100000005268319100,peripheral,0.5,3,0.4074,"Низкая активность в выборке: 1 вход. / 5 исход., 110,713 KZT суммарно, pass_through=4.62 — выраженных признаков роли не выявлено.",1,5,19712.8,91000.0,2,10,0.00029495231402439337,4.1167285378336265e-05,4.6162899232985675,3,False,False,True,0.0,1,True,False
100000008744799100,terminal,0.72,6,0.2486,"Нет исходящих переводов на 3-м колене (обход не был искусственно прерван, глубина < 4) — получил 12,600 KZT от 1 плательщиков и удержал их.",1,0,12600.0,0.0,1,0,0.00028882352848516753,0.0,0.0,3,False,False,False,,1,False,False
100000008677215100,terminal,0.72,23,0.3298,"Нет исходящих переводов на 3-м колене (обход не был искусственно прерван, глубина < 4) — получил 9,000 KZT от 1 плательщиков и удержал их.",1,0,9000.0,0.0,1,0,0.00030580136606680075,0.0,0.0,3,False,False,False,,1,False,False
100000007593823100,distributor,0.36,0,0.646,"Рассылает 13 получателям (162,900 KZT), получая лишь от 3 плательщиков — веерное распределение средств вниз по цепочке.",3,13,25000.0,162900.0,3,21,0.0002918918938196882,0.0006929928621521432,6.516,3,False,False,True,0.0,1,True,False
100000001282143100,terminal,0.8,12,0.5791,"Нет исходящих переводов на 3-м колене (обход не был искусственно прерван, глубина < 4) — получил 1,700,000 KZT от 5 плательщиков и удержал их.",5,0,1700000.0,0.0,6,0,0.00040353415108230643,0.0,0.0,3,False,False,False,,4,False,True
100000008029279100,terminal,0.72,2,0.276,"Нет исходящих переводов на 3-м колене (обход не был искусственно прерван, глубина < 4) — получил 17,000 KZT от 1 плательщиков и удержал их.",1,0,17000.0,0.0,1,0,0.00029032153496014494,0.0,0.0,3,False,False,False,,1,False,False
100000000594783100,peripheral,0.45,24,0.5794,"Низкая активность в выборке: 1 вход. / 2 исход., 2,787,500 KZT суммарно, pass_through=0.06 — выраженных признаков роли не выявлено.",1,2,2635000.0,152500.0,10,2,0.0014014693873001065,0.0,0.05787476280834915,3,False,False,True,1.0,1,True,False
100000002705460100,terminal,0.72,4,0.5381,"Нет исходящих переводов на 3-м колене (обход не был искусственно прерван, глубина < 4) — получил 95,000 KZT от 1 плательщиков и удержал их.",1,0,95000.0,0.0,1,0,0.0005601353161873003,0.0,0.0,3,False,False,False,,1,False,False
100000002952756100,terminal,0.72,8,0.4569,"Нет исходящих переводов на 3-м колене (обход не был искусственно прерван, глубина < 4) — получил 47,000 KZT от 1 плательщиков и удержал их.",1,0,47000.0,0.0,1,0,0.0003693378412493604,0.0,0.0,3,False,False,False,,1,False,False
100000004634420100,terminal,0.72,6,0.3042,"Нет исходящих переводов на 3-м колене (обход не был искусственно прерван, глубина < 4) — получил 26,150 KZT от 1 плательщиков и удержал их.",1,0,26150.0,0.0,1,0,0.00029094709073325446,0.0,0.0,3,False,False,False,,1,False,False
100000000583220100,peripheral,0.4,66,0.4788,"Низкая активность в выборке: 1 вход. / 1 исход., 766,255 KZT суммарно, pass_through=152.25 — выраженных признаков роли не выявлено.",1,1,5000.0,761255.0,1,4,0.00029944454409515625,1.9952613550525257e-05,152.251,3,False,False,False,2.0,1,True,False
100000003286537100,terminal,0.74,5,0.4408,"Нет исходящих переводов на 3-м колене (обход не был искусственно прерван, глубина < 4) — получил 153,000 KZT от 2 плательщиков и удержал их.",2,0,153000.0,0.0,2,0,0.00030244091776767524,0.0,0.0,3,False,False,False,,2,False,False
100000002958345100,terminal,0.72,12,0.4627,"Нет исходящих переводов на 3-м колене (обход не был искусственно прерван, глубина < 4) — получил 307,000 KZT от 1 плательщиков и удержал их.",1,0,307000.0,0.0,1,0,0.000301532503753189,0.0,0.0,3,False,False,False,,1,False,False
100000005055454100,terminal,0.72,29,0.4132,"Нет исходящих переводов на 3-м колене (обход не был искусственно прерван, глубина < 4) — получил 6,500 KZT от 1 плательщиков и удержал их.",1,0,6500.0,0.0,1,0,0.0005081136848480633,0.0,0.0,3,False,False,False,,1,False,False
100000008738526100,peripheral,0.4,18,0.3611,"Низкая активность в выборке: 1 вход. / 1 исход., 155,000 KZT суммарно, pass_through=9.33 — выраженных признаков роли не выявлено.",1,1,15000.0,140000.0,1,1,0.00028873979765859704,2.1766487509663916e-05,9.333333333333334,3,False,False,False,5.0,1,False,False
100000001298099100,terminal,0.72,8,0.3106,"Нет исходящих переводов на 3-м колене (обход не был искусственно прерван, глубина < 4) — получил 19,000 KZT от 1 плательщиков и удержал их.",1,0,19000.0,0.0,1,0,0.00029395757043285424,0.0,0.0,3,False,False,False,,1,False,False
100000006491272100,terminal,0.72,6,0.3055,"Нет исходящих переводов на 3-м колене (обход не был искусственно прерван, глубина < 4) — получил 26,200 KZT от 1 плательщиков и удержал их.",1,0,26200.0,0.0,1,0,0.0002909549267563101,0.0,0.0,3,False,False,False,,1,False,False
100000000552584100,peripheral,0.4,24,0.5782,"Низкая активность в выборке: 1 вход. / 1 исход., 2,557,500 KZT суммарно, pass_through=0.02 — выраженных признаков роли не выявлено.",1,1,2500000.0,57500.0,3,1,0.001344363591306038,0.0,0.023,3,False,False,True,4.0,1,False,False
100000005187208100,terminal,0.72,3,0.3575,"Нет исходящих переводов на 3-м колене (обход не был искусственно прерван, глубина < 4) — получил 14,160 KZT от 1 плательщиков и удержал их.",1,0,14160.0,0.0,1,0,0.00031336079634925135,0.0,0.0,3,False,False,False,,1,False,False
100000003528285100,peripheral,0.5,7,0.5814,"Низкая активность в выборке: 4 вход. / 4 исход., 666,870 KZT суммарно, pass_through=4.61 — выраженных признаков роли не выявлено.",4,4,118870.0,548000.0,5,6,0.0004060592827503921,0.00011701726042347617,4.6100782367292,3,False,False,False,3.0,1,False,False
100000001484381100,terminal,0.74,8,0.4614,"Нет исходящих переводов на 3-м колене (обход не был искусственно прерван, глубина < 4) — получил 95,585 KZT от 2 плательщиков и удержал их.",2,0,95585.0,0.0,4,0,0.0003227340395632289,0.0,0.0,3,False,False,False,,1,False,False
100000002508637100,peripheral,0.4,2,0.4685,"Низкая активность в выборке: 1 вход. / 1 исход., 314,410 KZT суммарно, pass_through=0.03 — выраженных признаков роли не выявлено.",1,1,306410.0,8000.0,1,1,0.0003087634022713059,8.061662040616265e-07,0.02610880845925394,3,False,False,False,12.0,1,False,False
100000003149149100,terminal,0.72,3,0.4267,"Нет исходящих переводов на 3-м колене (обход не был искусственно прерван, глубина < 4) — получил 245,000 KZT от 1 плательщиков и удержал их.",1,0,245000.0,0.0,1,0,0.00029482033852577913,0.0,0.0,3,False,False,False,,1,False,False
100000001538095100,terminal,0.74,12,0.5074,"Нет исходящих переводов на 3-м колене (обход не был искусственно прерван, глубина < 4) — получил 280,000 KZT от 2 плательщиков и удержал их.",2,0,280000.0,0.0,2,0,0.00033160522100154975,0.0,0.0,3,False,False,False,,2,False,False
100000008695133100,terminal,0.72,6,0.334,"Нет исходящих переводов на 3-м колене (обход не был искусственно прерван, глубина < 4) — получил 36,610 KZT от 1 плательщиков и удержал их.",1,0,36610.0,0.0,1,0,0.0002925863867565009,0.0,0.0,3,False,False,False,,1,False,False
100000008749405100,terminal,0.72,6,0.335,"Нет исходящих переводов на 3-м колене (обход не был искусственно прерван, глубина < 4) — получил 37,150 KZT от 1 плательщиков и удержал их.",1,0,37150.0,0.0,1,0,0.00029267101580550213,0.0,0.0,3,False,False,False,,1,False,False
100000005815602100,peripheral,0.4,4,0.5608,"Низкая активность в выборке: 1 вход. / 1 исход., 185,000 KZT суммарно, pass_through=8.25 — выраженных признаков роли не выявлено.",1,1,20000.0,165000.0,1,1,0.0005545821449232094,1.975107199950985e-05,8.25,3,False,False,False,19.0,1,False,False
100000006641671100,transit,0.63,2,0.5741,"Пропускает средства не удерживая: получил 22,000 KZT, отдал 25,000 KZT (1.14x) от 2 плательщиков 1 получателям, медианная задержка 0 дн..",2,1,22000.0,25000.0,2,3,0.0004419288909384845,5.542392652923682e-06,1.1363636363636365,3,False,False,False,0.0,1,True,False
100000002945031100,terminal,0.72,14,0.2893,"Нет исходящих переводов на 3-м колене (обход не был искусственно прерван, глубина < 4) — получил 15,000 KZT от 1 плательщиков и удержал их.",1,0,15000.0,0.0,1,0,0.0002924242452927991,0.0,0.0,3,False,False,False,,1,False,False
100000003497735100,terminal,0.72,19,0.4465,"Нет исходящих переводов на 3-м колене (обход не был искусственно прерван, глубина < 4) — получил 125,000 KZT от 1 плательщиков и удержал их.",1,0,125000.0,0.0,1,0,0.0003083147121575596,0.0,0.0,3,False,False,False,,1,False,False
100000004644615100,peripheral,0.45,8,0.5336,"Низкая активность в выборке: 1 вход. / 2 исход., 430,475 KZT суммарно, pass_through=7.47 — выраженных признаков роли не выявлено.",1,2,50810.0,379665.0,1,14,0.0003760247147405899,1.2092493060924398e-06,7.472249557173785,3,False,False,False,0.0,1,True,False
100000002755292100,terminal,0.72,3,0.4126,"Нет исходящих переводов на 3-м колене (обход не был искусственно прерван, глубина < 4) — получил 203,400 KZT от 1 плательщиков и удержал их.",1,0,203400.0,0.0,1,0,0.0002934668124254254,0.0,0.0,3,False,False,False,,1,False,False
100000005142492100,peripheral,0.4,10,0.485,"Низкая активность в выборке: 1 вход. / 1 исход., 67,000 KZT суммарно, pass_through=5.70 — выраженных признаков роли не выявлено.",1,1,10000.0,57000.0,1,1,0.0019364373419465068,0.0,5.7,3,False,False,True,0.0,1,True,False
100000002893020100,terminal,0.72,8,0.3084,"Нет исходящих переводов на 3-м колене (обход не был искусственно прерван, глубина < 4) — получил 18,340 KZT от 1 плательщиков и удержал их.",1,0,18340.0,0.0,1,0,0.0002937106359570599,0.0,0.0,3,False,False,False,,1,False,False
100000004500444100,peripheral,0.45,13,0.5476,"Низкая активность в выборке: 2 вход. / 1 исход., 254,000 KZT суммарно, pass_through=0.41 — выраженных признаков роли не выявлено.",2,1,180000.0,74000.0,7,5,0.0004664881535312959,1.975107199950985e-05,0.4111111111111111,3,False,False,False,5.0,1,False,False
100000008454065100,terminal,0.72,13,0.3209,"Нет исходящих переводов на 3-м колене (обход не был искусственно прерван, глубина < 4) — получил 24,050 KZT от 1 плательщиков и удержал их.",1,0,24050.0,0.0,1,0,0.00029368038831970413,0.0,0.0,3,False,False,False,,1,False,False
100000008416433100,terminal,0.72,13,0.3035,"Нет исходящих переводов на 3-м колене (обход не был искусственно прерван, глубина < 4) — получил 20,000 KZT от 1 плательщиков и удержал их.",1,0,20000.0,0.0,1,0,0.00029252996306147164,0.0,0.0,3,False,False,False,,1,False,False
100000005265073100,peripheral,0.4,21,0.3286,"Низкая активность в выборке: 1 вход. / 1 исход., 14,000 KZT суммарно, pass_through=1.80 — выраженных признаков роли не выявлено.",1,1,5000.0,9000.0,1,1,0.0003004626618277658,2.1363404407633102e-05,1.8,3,False,False,False,,1,False,False
100000006734214100,peripheral,0.5,3,0.6216,"Низкая активность в выборке: 5 вход. / 3 исход., 646,000 KZT суммарно, pass_through=0.06 — выраженных признаков роли не выявлено.",5,3,610000.0,36000.0,10,4,0.0006089813456116868,6.046246530462199e-05,0.05901639344262295,3,False,False,False,5.0,2,False,False
100000002611334100,peripheral,0.4,0,0.4123,"Низкая активность в выборке: 1 вход. / 1 исход., 63,788 KZT суммарно, pass_through=0.32 — выраженных признаков роли не выявлено.",1,1,48288.0,15500.0,1,1,0.00030669889928359713,1.9549530448494444e-05,0.3209907223326706,3,False,False,False,27.0,1,False,False
100000006225798100,peripheral,0.5,16,0.5587,"Низкая активность в выборке: 3 вход. / 2 исход., 748,300 KZT суммарно, pass_through=0.04 — выраженных признаков роли не выявлено.",3,2,722000.0,26300.0,4,2,0.0003615536458408237,3.909906089698889e-05,0.03642659279778394,3,False,False,False,,1,False,False
100000002849158100,peripheral,0.5,5,0.5569,"Низкая активность в выборке: 3 вход. / 1 исход., 2,036,000 KZT суммарно, pass_through=1.82 — выраженных признаков роли не выявлено.",3,1,723000.0,1313000.0,3,3,0.0003377410135067874,2.3177278366771764e-05,1.8160442600276625,3,False,False,False,0.0,3,True,True
100000008686214100,terminal,0.72,7,0.3488,"Нет исходящих переводов на 3-м колене (обход не был искусственно прерван, глубина < 4) — получил 25,000 KZT от 1 плательщиков и удержал их.",1,0,25000.0,0.0,1,0,0.0002990588308566357,0.0,0.0,3,False,False,False,,1,False,False
100000004931931100,peripheral,0.4,0,0.3624,"Низкая активность в выборке: 1 вход. / 1 исход., 68,938 KZT суммарно, pass_through=1.88 — выраженных признаков роли не выявлено.",1,1,23938.0,45000.0,1,1,0.0002931182678809282,1.9549530448494444e-05,1.8798562954298605,3,False,False,False,3.0,1,False,False
100000007510875100,terminal,0.72,9,0.3726,"Нет исходящих переводов на 3-м колене (обход не был искусственно прерван, глубина < 4) — получил 5,000 KZT от 1 плательщиков и удержал их.",1,0,5000.0,0.0,1,0,0.000357917009167373,0.0,0.0,3,False,False,False,,1,False,False
100000005233755100,peripheral,0.4,16,0.3235,"Низкая активность в выборке: 1 вход. / 1 исход., 30,000 KZT суммарно, pass_through=0.20 — выраженных признаков роли не выявлено.",1,1,25000.0,5000.0,1,1,0.0002929125337123531,1.9549530448494444e-05,0.2,3,False,False,False,0.0,1,True,False
100000008042075100,terminal,0.72,24,0.2703,"Нет исходящих переводов на 3-м колене (обход не был искусственно прерван, глубина < 4) — получил 5,000 KZT от 1 плательщиков и удержал их.",1,0,5000.0,0.0,1,0,0.0002932622491795621,0.0,0.0,3,False,False,False,,1,False,False
100000001680944100,terminal,0.72,18,0.5285,"Нет исходящих переводов на 3-м колене (обход не был искусственно прерван, глубина < 4) — получил 393,000 KZT от 1 плательщиков и удержал их.",1,0,393000.0,0.0,1,0,0.0003471234176199122,0.0,0.0,3,False,False,False,,1,False,False
100000008417029100,terminal,0.72,5,0.4382,"Нет исходящих переводов на 3-м колене (обход не был искусственно прерван, глубина < 4) — получил 100,000 KZT от 1 плательщиков и удержал их.",1,0,100000.0,0.0,1,0,0.00030799897483041157,0.0,0.0,3,False,False,False,,1,False,False
100000004975919100,peripheral,0.45,2,0.3316,"Низкая активность в выборке: 1 вход. / 2 исход., 37,351 KZT суммарно, pass_through=0.67 — выраженных признаков роли не выявлено.",1,2,22351.0,15000.0,1,2,0.00029141461340773724,3.909906089698889e-05,0.6711109122634334,3,False,False,False,,1,False,False
100000003087877100,terminal,0.72,2,0.38,"Нет исходящих переводов на 3-м колене (обход не был искусственно прерван, глубина < 4) — получил 91,486 KZT от 1 плательщиков и удержал их.",1,0,91486.0,0.0,1,0,0.00029339196175939467,0.0,0.0,3,False,False,False,,1,False,False
100000008295429100,terminal,0.72,3,0.4549,"Нет исходящих переводов на 3-м колене (обход не был искусственно прерван, глубина < 4) — получил 352,000 KZT от 1 плательщиков и удержал их.",1,0,352000.0,0.0,1,0,0.0002983017638319773,0.0,0.0,3,False,False,False,,1,False,False
100000003254277100,transit,0.73,0,0.4485,"Пропускает средства не удерживая: получил 49,200 KZT, отдал 44,997 KZT (0.91x) от 1 плательщиков 1 получателям, медианная задержка 0 дн..",1,1,49200.0,44997.0,1,1,0.0002896313827194348,1.9549530448494444e-05,0.9145731707317073,3,False,False,False,0.0,1,True,False
100000005314565100,terminal,0.72,0,0.5229,"Нет исходящих переводов на 3-м колене (обход не был искусственно прерван, глубина < 4) — получил 218,500 KZT от 1 плательщиков и удержал их.",1,0,218500.0,0.0,3,0,0.0003766690051845039,0.0,0.0,3,False,False,False,,1,False,False
100000002951898100,terminal,0.72,13,0.3671,"Нет исходящих переводов на 3-м колене (обход не был искусственно прерван, глубина < 4) — получил 39,990 KZT от 1 плательщиков и удержал их.",1,0,39990.0,0.0,1,0,0.0002982082348916117,0.0,0.0,3,False,False,False,,1,False,False
100000001009583100,terminal,0.72,3,0.4623,"Нет исходящих переводов на 3-м колене (обход не был искусственно прерван, глубина < 4) — получил 393,740 KZT от 1 плательщиков и удержал их.",1,0,393740.0,0.0,1,0,0.00029965984506824566,0.0,0.0,3,False,False,False,,1,False,False
100000004064431100,peripheral,0.4,25,0.3191,"Низкая активность в выборке: 1 вход. / 1 исход., 36,000 KZT суммарно, pass_through=0.38 — выраженных признаков роли не выявлено.",1,1,26000.0,10000.0,1,1,0.0002923557506606158,1.0077077550770332e-06,0.38461538461538464,3,False,False,False,2.0,1,True,False
100000001927599100,terminal,0.74,8,0.4912,"Нет исходящих переводов на 3-м колене (обход не был искусственно прерван, глубина < 4) — получил 188,000 KZT от 2 плательщиков и удержал их.",2,0,188000.0,0.0,2,0,0.00032870991922145573,0.0,0.0,3,False,False,False,,2,False,False
100000007737775100,terminal,0.72,11,0.3218,"Нет исходящих переводов на 3-м колене (обход не был искусственно прерван, глубина < 4) — получил 6,000 KZT от 1 плательщиков и удержал их.",1,0,6000.0,0.0,1,0,0.0003044690118995232,0.0,0.0,3,False,False,False,,1,False,False
100000003157679100,terminal,0.78,5,0.5518,"Нет исходящих переводов на 3-м колене (обход не был искусственно прерван, глубина < 4) — получил 541,000 KZT от 4 плательщиков и удержал их.",4,0,541000.0,0.0,4,0,0.00037450565257694227,0.0,0.0,3,False,False,False,,2,False,False
100000001229743100,peripheral,0.4,0,0.2634,"Низкая активность в выборке: 1 вход. / 1 исход., 16,000 KZT суммарно, pass_through=1.29 — выраженных признаков роли не выявлено.",1,1,7000.0,9000.0,1,1,0.0002897263842292141,1.9549530448494444e-05,1.2857142857142858,3,False,False,False,6.0,1,False,False
100000003795588100,terminal,0.72,0,0.5124,"Нет исходящих переводов на 3-м колене (обход не был искусственно прерван, глубина < 4) — получил 400,000 KZT от 1 плательщиков и удержал их.",1,0,400000.0,0.0,2,0,0.00032246593786746703,0.0,0.0,3,False,False,False,,1,False,False
100000002301828100,terminal,0.72,16,0.355,"Нет исходящих переводов на 3-м колене (обход не был искусственно прерван, глубина < 4) — получил 46,977 KZT от 1 плательщиков и удержал их.",1,0,46977.0,0.0,1,0,0.0002942734705263048,0.0,0.0,3,False,False,False,,1,False,False
100000005409156100,terminal,0.74,3,0.542,"Нет исходящих переводов на 3-м колене (обход не был искусственно прерван, глубина < 4) — получил 260,080 KZT от 2 плательщиков и удержал их.",2,0,260080.0,0.0,2,0,0.0004257878959058129,0.0,0.0,3,False,False,False,,1,False,False
100000002513028100,peripheral,0.5,56,0.4913,"Низкая активность в выборке: 1 вход. / 3 исход., 342,209 KZT суммарно, pass_through=35.02 — выраженных признаков роли не выявлено.",1,3,9500.0,332709.0,1,24,0.0003069595520475045,6.167171461071443e-05,35.022,3,False,False,False,,1,False,False
100000003218308100,terminal,0.72,0,0.2364,"Нет исходящих переводов на 3-м колене (обход не был искусственно прерван, глубина < 4) — получил 11,165 KZT от 1 плательщиков и удержал их.",1,0,11165.0,0.0,1,0,0.00028748029316039386,0.0,0.0,3,False,False,False,,1,False,False
100000008489604100,terminal,0.72,6,0.2442,"Нет исходящих переводов на 3-м колене (обход не был искусственно прерван, глубина < 4) — получил 11,000 KZT от 1 плательщиков и удержал их.",1,0,11000.0,0.0,1,0,0.00028857277574738605,0.0,0.0,3,False,False,False,,1,False,False
100000004450649100,peripheral,0.5,3,0.4653,"Низкая активность в выборке: 2 вход. / 2 исход., 239,055 KZT суммарно, pass_through=0.24 — выраженных признаков роли не выявлено.",2,2,192528.0,46527.0,2,2,0.00030028944226482716,0.00014112611207268822,0.24166355023684866,3,False,False,False,3.0,1,False,False
100000008767065100,terminal,0.72,18,0.2386,"Нет исходящих переводов на 3-м колене (обход не был искусственно прерван, глубина < 4) — получил 10,000 KZT от 1 плательщиков и удержал их.",1,0,10000.0,0.0,1,0,0.00028838255466864403,0.0,0.0,3,False,False,False,,1,False,False
100000003035737100,peripheral,0.45,3,0.5578,"Низкая активность в выборке: 2 вход. / 1 исход., 815,715 KZT суммарно, pass_through=0.01 — выраженных признаков роли не выявлено.",2,1,809170.0,6544.53,3,1,0.0003804662536680154,1.9549530448494444e-05,0.008087954323566123,3,False,False,False,4.0,1,False,False
100000002748761100,terminal,0.72,12,0.5306,"Нет исходящих переводов на 3-м колене (обход не был искусственно прерван, глубина < 4) — получил 796,800 KZT от 1 плательщиков и удержал их.",1,0,796800.0,0.0,3,0,0.00032495938739367507,0.0,0.0,3,False,False,False,,1,False,False
100000008432942100,terminal,0.72,0,0.3087,"Нет исходящих переводов на 3-м колене (обход не был искусственно прерван, глубина < 4) — получил 44,542 KZT от 1 плательщиков и удержал их.",1,0,44542.0,0.0,2,0,0.0002893679470636963,0.0,0.0,3,False,False,False,,1,False,False
100000004278574100,peripheral,0.4,3,0.2855,"Низкая активность в выборке: 1 вход. / 1 исход., 37,500 KZT суммарно, pass_through=0.50 — выраженных признаков роли не выявлено.",1,1,25000.0,12500.0,1,1,0.0002876622678027548,1.9549530448494444e-05,0.5,3,False,False,False,11.0,1,False,False
100000000926766100,peripheral,0.4,26,0.323,"Низкая активность в выборке: 1 вход. / 1 исход., 24,750 KZT суммарно, pass_through=0.32 — выраженных признаков роли не выявлено.",1,1,18750.0,6000.0,1,1,0.0003193548594629492,0.0,0.32,3,False,False,True,0.0,1,True,False
100000008661550100,terminal,0.72,6,0.2896,"Нет исходящих переводов на 3-м колене (обход не был искусственно прерван, глубина < 4) — получил 22,800 KZT от 1 плательщиков и удержал их.",1,0,22800.0,0.0,1,0,0.0002904220771885245,0.0,0.0,3,False,False,False,,1,False,False
100000000783406100,terminal,0.72,32,0.2619,"Нет исходящих переводов на 3-м колене (обход не был искусственно прерван, глубина < 4) — получил 6,066 KZT от 1 плательщиков и удержал их.",1,0,6066.0,0.0,1,0,0.0002914935468693822,0.0,0.0,3,False,False,False,,1,False,False
100000008730371100,terminal,0.74,0,0.6181,"Нет исходящих переводов на 3-м колене (обход не был искусственно прерван, глубина < 4) — получил 520,000 KZT от 2 плательщиков и удержал их.",2,0,520000.0,0.0,3,0,0.000861973196196536,0.0,0.0,3,False,False,False,,1,False,False
100000002878467100,terminal,0.74,5,0.4793,"Нет исходящих переводов на 3-м колене (обход не был искусственно прерван, глубина < 4) — получил 200,000 KZT от 2 плательщиков и удержал их.",2,0,200000.0,0.0,2,0,0.0003158075706411269,0.0,0.0,3,False,False,False,,1,False,False
100000003171587100,peripheral,0.5,3,0.5347,"Низкая активность в выборке: 2 вход. / 2 исход., 1,131,300 KZT суммарно, pass_through=0.62 — выраженных признаков роли не выявлено.",2,2,700000.0,431300.0,2,7,0.00031742126397983584,3.95021439990197e-05,0.6161428571428571,3,False,False,False,4.0,2,False,False
100000002696152100,peripheral,0.45,11,0.5653,"Низкая активность в выборке: 1 вход. / 2 исход., 90,800 KZT суммарно, pass_through=3.17 — выраженных признаков роли не выявлено.",1,2,21800.0,69000.0,3,8,0.0012105361210712142,2.1766487509663916e-05,3.165137614678899,3,False,False,True,2.0,1,True,False
100000002109656100,terminal,0.72,12,0.5001,"Нет исходящих переводов на 3-м колене (обход не был искусственно прерван, глубина < 4) — получил 500,000 KZT от 1 плательщиков и удержал их.",1,0,500000.0,0.0,1,0,0.00031076359510193093,0.0,0.0,3,False,False,False,,1,False,False
100000001317336100,peripheral,0.45,30,0.5653,"Низкая активность в выборке: 1 вход. / 2 исход., 1,883,196 KZT суммарно, pass_through=13.35 — выраженных признаков роли не выявлено.",1,2,131196.0,1752000.0,1,3,0.00034535168960297307,4.071139330511214e-05,13.354065672733924,3,False,False,False,4.0,1,False,False
100000005222360100,peripheral,0.4,13,0.5198,"Низкая активность в выборке: 1 вход. / 1 исход., 32,000 KZT суммарно, pass_through=5.40 — выраженных признаков роли не выявлено.",1,1,5000.0,27000.0,1,1,0.0006042126473248455,0.0019414132342080988,5.4,3,False,False,False,4.0,1,False,False
100000001445848100,peripheral,0.4,32,0.5514,"Низкая активность в выборке: 1 вход. / 1 исход., 897,850 KZT суммарно, pass_through=0.64 — выраженных признаков роли не выявлено.",1,1,546000.0,351850.0,13,14,0.0007049174497613803,0.0,0.6444139194139195,3,False,False,True,1.0,1,True,False
100000008720856100,peripheral,0.4,3,0.4418,"Низкая активность в выборке: 1 вход. / 1 исход., 64,105 KZT суммарно, pass_through=2.54 — выраженных признаков роли не выявлено.",1,1,18105.0,46000.0,1,2,0.0003207470693495604,1.9952613550525257e-05,2.5407346037006353,3,False,False,False,,1,False,False
100000002448088100,peripheral,0.5,22,0.487,"Низкая активность в выборке: 3 вход. / 1 исход., 45,000 KZT суммарно, pass_through=1.25 — выраженных признаков роли не выявлено.",3,1,20000.0,25000.0,3,1,0.0005108708923550089,2.1161862856617695e-05,1.25,3,False,False,False,0.0,2,True,False
100000003109805100,terminal,0.72,16,0.3348,"Нет исходящих переводов на 3-м колене (обход не был искусственно прерван, глубина < 4) — получил 36,929 KZT от 1 плательщиков и удержал их.",1,0,36929.0,0.0,1,0,0.0002926854044457862,0.0,0.0,3,False,False,False,,1,False,False
100000008223661100,peripheral,0.5,5,0.5282,"Низкая активность в выборке: 2 вход. / 5 исход., 464,580 KZT суммарно, pass_through=1.30 — выраженных признаков роли не выявлено.",2,5,202000.0,262580.0,2,5,0.000316074235622545,0.0003309984072843028,1.29990099009901,3,False,False,False,0.0,2,True,False
100000004096559100,terminal,0.72,9,0.5279,"Нет исходящих переводов на 3-м колене (обход не был искусственно прерван, глубина < 4) — получил 46,200 KZT от 1 плательщиков и удержал их.",1,0,46200.0,0.0,1,0,0.000980603935593979,0.0,0.0,3,False,False,False,,1,False,False
100000002257794100,terminal,0.72,25,0.5763,"Нет исходящих переводов на 3-м колене (обход не был искусственно прерван, глубина < 4) — получил 154,000 KZT от 1 плательщиков и удержал их.",1,0,154000.0,0.0,1,0,0.0008642083851019652,0.0,0.0,3,False,False,False,,1,False,False
100000003112578100,terminal,0.72,12,0.3726,"Нет исходящих переводов на 3-м колене (обход не был искусственно прерван, глубина < 4) — получил 101,080 KZT от 1 плательщиков и удержал их.",1,0,101080.0,0.0,1,0,0.00029168345540845877,0.0,0.0,3,False,False,False,,1,False,False
100000007020162100,terminal,0.72,13,0.4369,"Нет исходящих переводов на 3-м колене (обход не был искусственно прерван, глубина < 4) — получил 86,395 KZT от 1 плательщиков и удержал их.",1,0,86395.0,0.0,1,0,0.0003113898359060014,0.0,0.0,3,False,False,False,,1,False,False
100000001934935100,terminal,0.72,0,0.3928,"Нет исходящих переводов на 3-м колене (обход не был искусственно прерван, глубина < 4) — получил 118,935 KZT от 1 плательщиков и удержал их.",1,0,118935.0,0.0,1,0,0.0002935752825590489,0.0,0.0,3,False,False,False,,1,False,False
100000002663511100,terminal,0.72,0,0.4798,"Нет исходящих переводов на 3-м колене (обход не был искусственно прерван, глубина < 4) — получил 268,940 KZT от 1 плательщиков и удержал их.",1,0,268940.0,0.0,1,0,0.0003107959992489006,0.0,0.0,3,False,False,False,,1,False,False
100000003338583100,terminal,0.72,25,0.2994,"Нет исходящих переводов на 3-м колене (обход не был искусственно прерван, глубина < 4) — получил 21,765 KZT от 1 плательщиков и удержал их.",1,0,21765.0,0.0,1,0,0.0002914587613745198,0.0,0.0,3,False,False,False,,1,False,False
100000002904919100,peripheral,0.4,0,0.3544,"Низкая активность в выборке: 1 вход. / 1 исход., 65,825 KZT суммарно, pass_through=0.09 — выраженных признаков роли не выявлено.",1,1,60325.0,5500.0,1,1,0.00029222035263733144,1.9549530448494444e-05,0.09117281392457521,3,False,False,False,,1,False,False
100000005127767100,terminal,0.72,37,0.3997,"Нет исходящих переводов на 3-м колене (обход не был искусственно прерван, глубина < 4) — получил 7,000 KZT от 1 плательщиков и удержал их.",1,0,7000.0,0.0,1,0,0.000424377275977656,0.0,0.0,3,False,False,False,,1,False,False
100000004066647100,terminal,0.72,19,0.3697,"Нет исходящих переводов на 3-м колене (обход не был искусственно прерван, глубина < 4) — получил 51,000 KZT от 1 плательщиков и удержал их.",1,0,51000.0,0.0,1,0,0.00029560692215996624,0.0,0.0,3,False,False,False,,1,False,False
100000002394199100,peripheral,0.4,9,0.5505,"Низкая активность в выборке: 1 вход. / 1 исход., 354,175 KZT суммарно, pass_through=0.28 — выраженных признаков роли не выявлено.",1,1,277398.0,76777.0,3,1,0.0030500008120517906,0.0,0.2767756076107254,3,False,False,True,10.0,1,False,False
100000003968044100,peripheral,0.5,2,0.4634,"Низкая активность в выборке: 1 вход. / 3 исход., 351,000 KZT суммарно, pass_through=7.78 — выраженных признаков роли не выявлено.",1,3,40000.0,311000.0,1,4,0.00029732494258889855,6.67391640623311e-05,7.775,3,False,False,True,4.0,1,False,False
100000001808684100,peripheral,0.4,10,0.4884,"Низкая активность в выборке: 1 вход. / 1 исход., 86,100 KZT суммарно, pass_through=0.78 — выраженных признаков роли не выявлено.",1,1,48400.0,37700.0,3,2,0.00117697024155392,0.0,0.7789256198347108,3,False,False,True,2.0,1,True,False
100000008097580100,terminal,0.74,2,0.5019,"Нет исходящих переводов на 3-м колене (обход не был искусственно прерван, глубина < 4) — получил 32,000 KZT от 2 плательщиков и удержал их.",2,0,32000.0,0.0,4,0,0.0006776944045104046,0.0,0.0,3,False,False,False,,1,False,False
100000008687617100,terminal,0.72,6,0.3474,"Нет исходящих переводов на 3-м колене (обход не был искусственно прерван, глубина < 4) — получил 43,350 KZT от 1 плательщиков и удержал их.",1,0,43350.0,0.0,2,0,0.00029364268266440536,0.0,0.0,3,False,False,False,,1,False,False
100000005667841100,terminal,0.74,5,0.4711,"Нет исходящих переводов на 3-м колене (обход не был искусственно прерван, глубина < 4) — получил 186,000 KZT от 2 плательщиков и удержал их.",2,0,186000.0,0.0,2,0,0.0003136200047158152,0.0,0.0,3,False,False,False,,2,False,False
100000001329153100,terminal,0.72,0,0.4116,"Нет исходящих переводов на 3-м колене (обход не был искусственно прерван, глубина < 4) — получил 150,687 KZT от 1 плательщиков и удержал их.",1,0,150687.0,0.0,1,0,0.00029537103372714846,0.0,0.0,3,False,False,False,,1,False,False
100000007689942100,peripheral,0.45,19,0.509,"Низкая активность в выборке: 1 вход. / 2 исход., 30,000 KZT суммарно, pass_through=5.00 — выраженных признаков роли не выявлено.",1,2,5000.0,25000.0,1,2,0.0008966241150209632,2.0154155101540664e-05,5.0,3,False,False,True,,1,False,False
100000006476758100,terminal,0.72,11,0.4117,"Нет исходящих переводов на 3-м колене (обход не был искусственно прерван, глубина < 4) — получил 5,200 KZT от 1 плательщиков и удержал их.",1,0,5200.0,0.0,1,0,0.0005195206437981551,0.0,0.0,3,False,False,False,,1,False,False
100000002184107100,terminal,0.72,32,0.2619,"Нет исходящих переводов на 3-м колене (обход не был искусственно прерван, глубина < 4) — получил 6,066 KZT от 1 плательщиков и удержал их.",1,0,6066.0,0.0,1,0,0.0002914935468693822,0.0,0.0,3,False,False,False,,1,False,False
100000008663723100,terminal,0.72,6,0.2599,"Нет исходящих переводов на 3-м колене (обход не был искусственно прерван, глубина < 4) — получил 15,600 KZT от 1 плательщиков и удержал их.",1,0,15600.0,0.0,1,0,0.0002892936898685078,0.0,0.0,3,False,False,False,,1,False,False
100000000254336100,peripheral,0.45,0,0.3965,"Низкая активность в выборке: 2 вход. / 1 исход., 157,177 KZT суммарно, pass_through=0.62 — выраженных признаков роли не выявлено.",2,1,97177.0,60000.0,2,1,0.00029324103639831006,1.9549530448494444e-05,0.6174300503205491,3,False,False,False,0.5,1,True,False
100000008750464100,terminal,0.72,6,0.233,"Нет исходящих переводов на 3-м колене (обход не был искусственно прерван, глубина < 4) — получил 8,500 KZT от 1 плательщиков и удержал их.",1,0,8500.0,0.0,1,0,0.00028818097459460247,0.0,0.0,3,False,False,False,,1,False,False
100000001530709100,terminal,0.72,0,0.3278,"Нет исходящих переводов на 3-м колене (обход не был искусственно прерван, глубина < 4) — получил 53,961 KZT от 1 плательщиков и удержал их.",1,0,53961.0,0.0,1,0,0.0002899006435946969,0.0,0.0,3,False,False,False,,1,False,False
100000000656682100,transit,0.65,0,0.4909,"Пропускает средства не удерживая: получил 71,000 KZT, отдал 80,000 KZT (1.13x) от 1 плательщиков 2 получателям, медианная задержка 5 дн..",1,2,71000.0,80000.0,1,3,0.00029086429325938726,3.909906089698889e-05,1.1267605633802817,3,False,False,False,5.0,1,False,False
100000008755754100,terminal,0.72,12,0.2988,"Нет исходящих переводов на 3-м колене (обход не был искусственно прерван, глубина < 4) — получил 7,000 KZT от 1 плательщиков и удержал их.",1,0,7000.0,0.0,1,0,0.0002972222331379366,0.0,0.0,3,False,False,False,,1,False,False
100000002691583100,terminal,0.72,27,0.5241,"Нет исходящих переводов на 3-м колене (обход не был искусственно прерван, глубина < 4) — получил 285,200 KZT от 1 плательщиков и удержал их.",1,0,285200.0,0.0,1,0,0.0003586437302102237,0.0,0.0,3,False,False,False,,1,False,False
100000005241556100,terminal,0.72,2,0.5377,"Нет исходящих переводов на 3-м колене (обход не был искусственно прерван, глубина < 4) — получил 100,000 KZT от 1 плательщиков и удержал их.",1,0,100000.0,0.0,1,0,0.0005514699829952025,0.0,0.0,3,False,False,False,,1,False,False
100000004713684100,terminal,0.72,0,0.2993,"Нет исходящих переводов на 3-м колене (обход не был искусственно прерван, глубина < 4) — получил 37,500 KZT от 1 плательщиков и удержал их.",1,0,37500.0,0.0,1,0,0.0002889696830259741,0.0,0.0,3,False,False,False,,1,False,False
100000006919124100,terminal,0.72,0,0.2744,"Нет исходящих переводов на 3-м колене (обход не был искусственно прерван, глубина < 4) — получил 25,000 KZT от 1 плательщиков и удержал их.",1,0,25000.0,0.0,1,0,0.00028826273890902887,0.0,0.0,3,False,False,False,,1,False,False
100000003006633100,terminal,0.72,32,0.2913,"Нет исходящих переводов на 3-м колене (обход не был искусственно прерван, глубина < 4) — получил 10,000 KZT от 1 плательщиков и удержал их.",1,0,10000.0,0.0,1,0,0.00029450578472433697,0.0,0.0,3,False,False,False,,1,False,False
100000008306857100,terminal,0.72,12,0.3893,"Нет исходящих переводов на 3-м колене (обход не был искусственно прерван, глубина < 4) — получил 125,000 KZT от 1 плательщиков и удержал их.",1,0,125000.0,0.0,1,0,0.00029282753678183654,0.0,0.0,3,False,False,False,,1,False,False
100000003671721100,terminal,0.72,8,0.4284,"Нет исходящих переводов на 3-м колене (обход не был искусственно прерван, глубина < 4) — получил 5,000 KZT от 1 плательщиков и удержал их.",1,0,5000.0,0.0,1,0,0.0005611749629013743,0.0,0.0,3,False,False,False,,1,False,False
100000002613929100,terminal,0.72,9,0.5002,"Нет исходящих переводов на 3-м колене (обход не был искусственно прерван, глубина < 4) — получил 28,560 KZT от 1 плательщиков и удержал их.",1,0,28560.0,0.0,1,0,0.0007842467435879506,0.0,0.0,3,False,False,False,,1,False,False
100000008669310100,terminal,0.72,0,0.3362,"Нет исходящих переводов на 3-м колене (обход не был искусственно прерван, глубина < 4) — получил 59,567 KZT от 1 плательщиков и удержал их.",1,0,59567.0,0.0,2,0,0.0002902176938922645,0.0,0.0,3,False,False,False,,1,False,False
100000006573438100,terminal,0.72,36,0.3039,"Нет исходящих переводов на 3-м колене (обход не был искусственно прерван, глубина < 4) — получил 5,000 KZT от 1 плательщиков и удержал их.",1,0,5000.0,0.0,1,0,0.0003004220740061178,0.0,0.0,3,False,False,False,,1,False,False
100000006165886100,peripheral,0.45,0,0.4373,"Низкая активность в выборке: 2 вход. / 1 исход., 259,481 KZT суммарно, pass_through=0.41 — выраженных признаков роли не выявлено.",2,1,184481.0,75000.0,2,1,0.00029989469607229934,7.039558460466703e-07,0.4065459315593476,3,False,False,False,5.5,1,False,False
100000008491390100,terminal,0.72,0,0.2971,"Нет исходящих переводов на 3-м колене (обход не был искусственно прерван, глубина < 4) — получил 36,000 KZT от 1 плательщиков и удержал их.",1,0,36000.0,0.0,1,0,0.0002888848497319406,0.0,0.0,3,False,False,False,,1,False,False
100000005186131100,transit,0.9,0,0.3581,"Пропускает средства не удерживая: получил 10,000 KZT, отдал 10,000 KZT (1.00x) от 1 плательщиков 1 получателям, медианная задержка 0 дн..",1,1,10000.0,10000.0,1,1,0.00028741440596869453,1.9549530448494444e-05,1.0,3,False,False,False,0.0,1,True,False
100000001550419100,terminal,0.72,13,0.3154,"Нет исходящих переводов на 3-м колене (обход не был искусственно прерван, глубина < 4) — получил 23,000 KZT от 1 плательщиков и удержал их.",1,0,23000.0,0.0,1,0,0.0002933821299194216,0.0,0.0,3,False,False,False,,1,False,False
100000004979283100,terminal,0.72,8,0.3816,"Нет исходящих переводов на 3-м колене (обход не был искусственно прерван, глубина < 4) — получил 40,132 KZT от 1 плательщиков и удержал их.",1,0,40132.0,0.0,1,0,0.00030186396337601485,0.0,0.0,3,False,False,False,,1,False,False
100000002537811100,peripheral,0.4,11,0.5556,"Низкая активность в выборке: 1 вход. / 1 исход., 67,000 KZT суммарно, pass_through=0.29 — выраженных признаков роли не выявлено.",1,1,52000.0,15000.0,1,1,0.001236045629091144,2.6805026285049083e-05,0.28846153846153844,3,False,False,False,,1,False,False
100000002990675100,terminal,0.72,3,0.3119,"Нет исходящих переводов на 3-м колене (обход не был искусственно прерван, глубина < 4) — получил 51,143 KZT от 1 плательщиков и удержал их.",1,0,51143.0,0.0,1,0,0.0002885128743614458,0.0,0.0,3,False,False,False,,1,False,False
100000008763688100,terminal,0.72,6,0.2855,"Нет исходящих переводов на 3-м колене (обход не был искусственно прерван, глубина < 4) — получил 21,000 KZT от 1 плательщиков и удержал их.",1,0,21000.0,0.0,1,0,0.0002901399803585203,0.0,0.0,3,False,False,False,,1,False,False
100000002809896100,terminal,0.72,8,0.3764,"Нет исходящих переводов на 3-м колене (обход не был искусственно прерван, глубина < 4) — получил 38,000 KZT от 1 плательщиков и удержал их.",1,0,38000.0,0.0,1,0,0.00030106629019057004,0.0,0.0,3,False,False,False,,1,False,False
100000008716072100,terminal,0.72,6,0.2471,"Нет исходящих переводов на 3-м колене (обход не был искусственно прерван, глубина < 4) — получил 12,100 KZT от 1 плательщиков и удержал их.",1,0,12100.0,0.0,1,0,0.0002887451682546108,0.0,0.0,3,False,False,False,,1,False,False
100000001279272100,peripheral,0.45,0,0.5079,"Низкая активность в выборке: 1 вход. / 2 исход., 386,758 KZT суммарно, pass_through=0.55 — выраженных признаков роли не выявлено.",1,2,250000.0,136758.0,1,2,0.0003091095301703438,0.0003043213427888109,0.547032,3,False,False,True,2.0,1,True,False
100000001714173100,terminal,0.72,18,0.6053,"Нет исходящих переводов на 3-м колене (обход не был искусственно прерван, глубина < 4) — получил 638,905 KZT от 1 плательщиков и удержал их.",1,0,638905.0,0.0,6,0,0.0005731701671023901,0.0,0.0,3,False,False,False,,1,False,False
100000008729597100,terminal,0.72,2,0.4193,"Нет исходящих переводов на 3-м колене (обход не был искусственно прерван, глубина < 4) — получил 83,090 KZT от 1 плательщиков и удержал их.",1,0,83090.0,0.0,1,0,0.00030382210580697324,0.0,0.0,3,False,False,False,,1,False,False
100000002255058100,terminal,0.72,7,0.5633,"Нет исходящих переводов на 3-м колене (обход не был искусственно прерван, глубина < 4) — получил 491,500 KZT от 1 плательщиков и удержал их.",1,0,491500.0,0.0,2,0,0.0004279954121703086,0.0,0.0,3,False,False,False,,1,False,False
100000006111442100,terminal,0.72,5,0.3848,"Нет исходящих переводов на 3-м колене (обход не был искусственно прерван, глубина < 4) — получил 64,000 KZT от 1 плательщиков и удержал их.",1,0,64000.0,0.0,1,0,0.0002968491520479916,0.0,0.0,3,False,False,False,,1,False,False
100000008686247100,peripheral,0.4,24,0.3229,"Низкая активность в выборке: 1 вход. / 1 исход., 27,000 KZT суммарно, pass_through=0.23 — выраженных признаков роли не выявлено.",1,1,22000.0,5000.0,2,1,0.00031506780409460284,0.0,0.22727272727272727,3,False,False,True,11.5,1,False,False
100000001893287100,peripheral,0.4,10,0.4991,"Низкая активность в выборке: 1 вход. / 1 исход., 170,700 KZT суммарно, pass_through=8.48 — выраженных признаков роли не выявлено.",1,1,18000.0,152700.0,3,14,0.0006209975996733094,0.0,8.483333333333333,3,False,False,True,0.0,1,True,False
100000005172860100,terminal,0.72,0,0.2955,"Нет исходящих переводов на 3-м колене (обход не был искусственно прерван, глубина < 4) — получил 15,209 KZT от 1 плательщиков и удержал их.",1,0,15209.2,0.0,1,0,0.0002931009911509454,0.0,0.0,3,False,False,False,,1,False,False
100000001788284100,peripheral,0.5,26,0.4706,"Низкая активность в выборке: 1 вход. / 5 исход., 304,700 KZT суммарно, pass_through=37.09 — выраженных признаков роли не выявлено.",1,5,8000.0,296700.0,1,8,0.00030071808109127096,6.046246530462199e-05,37.0875,3,False,False,True,0.0,1,True,False
100000008755580100,terminal,0.72,6,0.262,"Нет исходящих переводов на 3-м колене (обход не был искусственно прерван, глубина < 4) — получил 16,000 KZT от 1 плательщиков и удержал их.",1,0,16000.0,0.0,1,0,0.0002893563780529532,0.0,0.0,3,False,False,False,,1,False,False
100000003896956100,peripheral,0.4,4,0.3039,"Низкая активность в выборке: 1 вход. / 1 исход., 37,000 KZT суммарно, pass_through=2.70 — выраженных признаков роли не выявлено.",1,1,10000.0,27000.0,1,2,0.00028985689516257434,1.9549530448494444e-05,2.7,3,False,False,False,1.0,1,True,False
100000002475601100,terminal,0.72,2,0.459,"Нет исходящих переводов на 3-м колене (обход не был искусственно прерван, глубина < 4) — получил 232,301 KZT от 1 плательщиков и удержал их.",1,0,232301.0,0.0,1,0,0.00030346310037436915,0.0,0.0,3,False,False,False,,1,False,False
100000008619857100,peripheral,0.45,0,0.29,"Низкая активность в выборке: 1 вход. / 2 исход., 42,000 KZT суммарно, pass_through=0.45 — выраженных признаков роли не выявлено.",1,2,29000.0,13000.0,1,2,0.0002884889610264513,1.7883551765402e-06,0.4482758620689655,3,False,False,False,0.0,1,True,False
100000001373265100,peripheral,0.4,2,0.4633,"Низкая активность в выборке: 1 вход. / 1 исход., 147,482 KZT суммарно, pass_through=0.04 — выраженных признаков роли не выявлено.",1,1,142482.0,5000.0,1,1,0.000315954439045509,1.9549530448494444e-05,0.0350921519911287,3,False,False,False,,1,False,False
100000004185681100,terminal,0.72,7,0.4309,"Нет исходящих переводов на 3-м колене (обход не был искусственно прерван, глубина < 4) — получил 10,000 KZT от 1 плательщиков и удержал их.",1,0,10000.0,0.0,1,0,0.0005376395235318489,0.0,0.0,3,False,False,False,,1,False,False
100000003031633100,terminal,0.72,5,0.5038,"Нет исходящих переводов на 3-м колене (обход не был искусственно прерван, глубина < 4) — получил 414,000 KZT от 1 плательщиков и удержал их.",1,0,414000.0,0.0,2,0,0.0003160314969995537,0.0,0.0,3,False,False,False,,1,False,False
100000002632742100,terminal,0.74,5,0.4892,"Нет исходящих переводов на 3-м колене (обход не был искусственно прерван, глубина < 4) — получил 235,500 KZT от 2 плательщиков и удержал их.",2,0,235500.0,0.0,2,0,0.00031898063235621146,0.0,0.0,3,False,False,False,,1,False,False
100000005847078100,terminal,0.72,6,0.2634,"Нет исходящих переводов на 3-м колене (обход не был искусственно прерван, глубина < 4) — получил 16,300 KZT от 1 плательщиков и удержал их.",1,0,16300.0,0.0,1,0,0.00028940339419128723,0.0,0.0,3,False,False,False,,1,False,False
100000002807334100,terminal,0.72,3,0.3162,"Нет исходящих переводов на 3-м колене (обход не был искусственно прерван, глубина < 4) — получил 54,715 KZT от 1 плательщиков и удержал их.",1,0,54715.0,0.0,1,0,0.00028862909540063964,0.0,0.0,3,False,False,False,,1,False,False
100000008748795100,terminal,0.72,0,0.3136,"Нет исходящих переводов на 3-м колене (обход не был искусственно прерван, глубина < 4) — получил 47,057 KZT от 1 плательщиков и удержал их.",1,0,47057.0,0.0,1,0,0.0002895101842200257,0.0,0.0,3,False,False,False,,1,False,False
100000003899899100,peripheral,0.45,4,0.5809,"Низкая активность в выборке: 2 вход. / 1 исход., 228,500 KZT суммарно, pass_through=0.05 — выраженных признаков роли не выявлено.",2,1,218500.0,10000.0,5,1,0.0006568178039271219,1.975107199950985e-05,0.04576659038901602,3,False,False,False,3.0,1,False,False
100000002308091100,terminal,0.72,12,0.5646,"Нет исходящих переводов на 3-м колене (обход не был искусственно прерван, глубина < 4) — получил 186,720 KZT от 1 плательщиков и удержал их.",1,0,186720.0,0.0,1,0,0.0005635514183113797,0.0,0.0,3,False,False,False,,1,False,False
100000008680912100,peripheral,0.4,0,0.4341,"Низкая активность в выборке: 1 вход. / 1 исход., 51,103 KZT суммарно, pass_through=0.13 — выраженных признаков роли не выявлено.",1,1,45112.0,5990.85,2,1,0.0005399325205590344,0.0,0.13279947685759888,3,False,False,True,3.0,1,False,False
100000008742053100,distributor,0.35,12,0.6569,"Рассылает 12 получателям (2,789,000 KZT), получая лишь от 1 плательщиков — веерное распределение средств вниз по цепочке.",1,12,10000.0,2789000.0,1,12,0.0002875537455138924,0.0001231472859896702,278.9,3,False,False,False,3.0,1,False,False
100000008473765100,terminal,0.72,2,0.3274,"Нет исходящих переводов на 3-м колене (обход не был искусственно прерван, глубина < 4) — получил 30,000 KZT от 1 плательщиков и удержал их.",1,0,30000.0,0.0,1,0,0.000292977117060444,0.0,0.0,3,False,False,False,,1,False,False
100000007472293100,peripheral,0.5,18,0.3878,"Низкая активность в выборке: 1 вход. / 3 исход., 350,900 KZT суммарно, pass_through=69.18 — выраженных признаков роли не выявлено.",1,3,5000.0,345900.0,1,3,0.00028761570267189123,4.885703099198483e-05,69.18,3,False,False,False,4.0,1,False,False
100000008753061100,terminal,0.72,6,0.3112,"Нет исходящих переводов на 3-м колене (обход не был искусственно прерван, глубина < 4) — получил 28,400 KZT от 1 плательщиков и удержал их.",1,0,28400.0,0.0,2,0,0.00029129971177075965,0.0,0.0,3,False,False,False,,1,False,False
100000008501413100,transit,0.86,11,0.5014,"Пропускает средства не удерживая: получил 5,000 KZT, отдал 5,100 KZT (1.02x) от 1 плательщиков 1 получателям, медианная задержка 2 дн..",1,1,5000.0,5100.0,1,1,0.00036826410450355656,2.156494595864851e-05,1.02,3,False,False,False,2.0,1,True,False
100000002748581100,terminal,0.72,13,0.3706,"Нет исходящих переводов на 3-м колене (обход не был искусственно прерван, глубина < 4) — получил 41,180 KZT от 1 плательщиков и удержал их.",1,0,41180.0,0.0,1,0,0.00029854626107859853,0.0,0.0,3,False,False,False,,1,False,False
100000001384826100,peripheral,0.4,3,0.4546,"Низкая активность в выборке: 1 вход. / 1 исход., 374,260 KZT суммарно, pass_through=0.03 — выраженных признаков роли не выявлено.",1,1,364260.0,10000.0,1,1,0.0002987006635913604,1.9549530448494444e-05,0.027452918245209467,3,False,False,False,12.0,1,False,False
100000004099450100,terminal,0.72,0,0.3547,"Нет исходящих переводов на 3-м колене (обход не был искусственно прерван, глубина < 4) — получил 31,000 KZT от 1 плательщиков и удержал их.",1,0,31000.0,0.0,1,0,0.00029748999748026387,0.0,0.0,3,False,False,False,,1,False,False
100000002926970100,terminal,0.72,8,0.4485,"Нет исходящих переводов на 3-м колене (обход не был искусственно прерван, глубина < 4) — получил 85,000 KZT от 1 плательщиков и удержал их.",1,0,85000.0,0.0,1,0,0.00031865101801228826,0.0,0.0,3,False,False,False,,1,False,False
100000002753146100,terminal,0.72,12,0.5312,"Нет исходящих переводов на 3-м колене (обход не был искусственно прерван, глубина < 4) — получил 803,540 KZT от 1 плательщиков и удержал их.",1,0,803540.0,0.0,3,0,0.00032528175814854825,0.0,0.0,3,False,False,False,,1,False,False
100000003943247100,terminal,0.72,0,0.3026,"Нет исходящих переводов на 3-м колене (обход не был искусственно прерван, глубина < 4) — получил 40,000 KZT от 1 плательщиков и удержал их.",1,0,40000.0,0.0,1,0,0.00028911107184936315,0.0,0.0,3,False,False,False,,1,False,False
100000002872399100,terminal,0.72,9,0.6248,"Нет исходящих переводов на 3-м колене (обход не был искусственно прерван, глубина < 4) — получил 1,090,000 KZT от 1 плательщиков и удержал их.",1,0,1090000.0,0.0,9,0,0.0007087282249300255,0.0,0.0,3,False,False,False,,1,False,False
100000008417359100,peripheral,0.45,16,0.3291,"Низкая активность в выборке: 1 вход. / 2 исход., 151,570 KZT суммарно, pass_through=2.71 — выраженных признаков роли не выявлено.",1,2,40810.0,110760.0,2,3,0.0002932987886474674,0.0,2.714040676304827,3,False,False,True,1.0,1,True,False
100000002614095100,terminal,0.72,6,0.2231,"Нет исходящих переводов на 3-м колене (обход не был искусственно прерван, глубина < 4) — получил 5,300 KZT от 1 плательщиков и удержал их.",1,0,5300.0,0.0,1,0,0.0002876794691190395,0.0,0.0,3,False,False,False,,1,False,False
100000004717647100,peripheral,0.5,45,0.6574,"Низкая активность в выборке: 1 вход. / 5 исход., 2,540,000 KZT суммарно, pass_through=7.47 — выраженных признаков роли не выявлено.",1,5,300000.0,2240000.0,2,10,0.0010275743506493783,7.90042879980394e-05,7.466666666666667,3,False,False,True,0.5,1,True,False
100000008537380100,terminal,0.72,6,0.2313,"Нет исходящих переводов на 3-м колене (обход не был искусственно прерван, глубина < 4) — получил 8,000 KZT от 1 плательщиков и удержал их.",1,0,8000.0,0.0,1,0,0.0002881026143640458,0.0,0.0,3,False,False,False,,1,False,False
100000001534244100,peripheral,0.45,5,0.5315,"Низкая активность в выборке: 2 вход. / 1 исход., 411,000 KZT суммарно, pass_through=0.12 — выраженных признаков роли не выявлено.",2,1,366000.0,45000.0,2,1,0.0003430261517908006,2.1968029060679322e-05,0.12295081967213115,3,False,False,False,,2,False,False
100000008767950100,terminal,0.72,6,0.268,"Нет исходящих переводов на 3-м колене (обход не был искусственно прерван, глубина < 4) — получил 17,350 KZT от 1 плательщиков и удержал их.",1,0,17350.0,0.0,1,0,0.0002895679506754563,0.0,0.0,3,False,False,False,,1,False,False
100000004613582100,peripheral,0.4,9,0.4356,"Низкая активность в выборке: 1 вход. / 1 исход., 14,500 KZT суммарно, pass_through=1.90 — выраженных признаков роли не выявлено.",1,1,5000.0,9500.0,1,1,0.0005558524676659829,4.0308310203081327e-07,1.9,3,False,False,False,15.0,1,False,False
100000008121806100,peripheral,0.5,2,0.4858,"Низкая активность в выборке: 1 вход. / 4 исход., 315,509 KZT суммарно, pass_through=3.71 — выраженных признаков роли не выявлено.",1,4,67000.0,248509.0,1,6,0.00030170819509724975,0.0007942420656504312,3.709089552238806,3,False,False,True,0.0,1,True,False
100000002369443100,terminal,0.72,6,0.3622,"Нет исходящих переводов на 3-м колене (обход не был искусственно прерван, глубина < 4) — получил 50,000 KZT от 1 плательщиков и удержал их.",1,0,50000.0,0.0,1,0,0.0002946848737308097,0.0,0.0,3,False,False,False,,1,False,False
100000008655779100,peripheral,0.45,20,0.4985,"Низкая активность в выборке: 1 вход. / 2 исход., 71,704 KZT суммарно, pass_through=0.53 — выраженных признаков роли не выявлено.",1,2,47000.0,24704.0,1,2,0.0003988392985297235,6.022417077595929e-05,0.5256170212765957,3,False,False,False,15.0,1,False,False
100000008561016100,transit,0.84,5,0.5557,"Пропускает средства не удерживая: получил 180,000 KZT, отдал 185,000 KZT (1.03x) от 1 плательщиков 1 получателям, медианная задержка 0 дн..",1,1,180000.0,185000.0,2,4,0.0002961615770699288,2.277419526474095e-05,1.0277777777777777,3,False,False,False,0.0,1,True,False
100000002727288100,terminal,0.72,15,0.4061,"Нет исходящих переводов на 3-м колене (обход не был искусственно прерван, глубина < 4) — получил 16,000 KZT от 1 плательщиков и удержал их.",1,0,16000.0,0.0,1,0,0.0003677912742739635,0.0,0.0,3,False,False,False,,1,False,False
100000001270349100,terminal,0.72,10,0.511,"Нет исходящих переводов на 3-м колене (обход не был искусственно прерван, глубина < 4) — получил 200,000 KZT от 1 плательщиков и удержал их.",1,0,200000.0,0.0,1,0,0.00035687547710757967,0.0,0.0,3,False,False,False,,1,False,False
100000004722765100,peripheral,0.5,40,0.6353,"Низкая активность в выборке: 1 вход. / 3 исход., 2,514,500 KZT суммарно, pass_through=9.93 — выраженных признаков роли не выявлено.",1,3,230000.0,2284500.0,1,9,0.0005841085782283845,5.925321599852955e-05,9.932608695652174,3,False,False,False,0.0,1,True,False
100000001677389100,peripheral,0.4,16,0.2661,"Низкая активность в выборке: 1 вход. / 1 исход., 16,400 KZT суммарно, pass_through=0.49 — выраженных признаков роли не выявлено.",1,1,11000.0,5400.0,1,1,0.0002899231881201378,1.9549530448494444e-05,0.4909090909090909,3,False,False,False,,1,False,False
100000005857058100,terminal,0.76,0,0.4868,"Нет исходящих переводов на 3-м колене (обход не был искусственно прерван, глубина < 4) — получил 80,222 KZT от 3 плательщиков и удержал их.",3,0,80222.0,0.0,3,0,0.0003916439370140794,0.0,0.0,3,False,False,False,,1,False,False
100000008760098100,peripheral,0.4,18,0.3773,"Низкая активность в выборке: 1 вход. / 1 исход., 397,000 KZT суммарно, pass_through=55.71 — выраженных признаков роли не выявлено.",1,1,7000.0,390000.0,1,1,0.00028792244347059236,7.425046665186647e-06,55.714285714285715,3,False,False,False,4.0,1,False,False
100000002838519100,terminal,0.72,13,0.3804,"Нет исходящих переводов на 3-м колене (обход не был искусственно прерван, глубина < 4) — получил 46,900 KZT от 1 плательщиков и удержал их.",1,0,46900.0,0.0,1,0,0.0003001710592210898,0.0,0.0,3,False,False,False,,1,False,False
100000002597623100,terminal,0.72,0,0.2513,"Нет исходящих переводов на 3-м колене (обход не был искусственно прерван, глубина < 4) — получил 16,418 KZT от 1 плательщиков и удержал их.",1,0,16418.0,0.0,1,0,0.0002877773793560989,0.0,0.0,3,False,False,False,,1,False,False
100000003635660100,terminal,0.72,0,0.2949,"Нет исходящих переводов на 3-м колене (обход не был искусственно прерван, глубина < 4) — получил 18,985 KZT от 1 плательщиков и удержал их.",1,0,18985.0,0.0,1,0,0.0002918210657997068,0.0,0.0,3,False,False,False,,1,False,False
100000008676812100,terminal,0.72,19,0.546,"Нет исходящих переводов на 3-м колене (обход не был искусственно прерван, глубина < 4) — получил 230,800 KZT от 1 плательщиков и удержал их.",1,0,230800.0,0.0,1,0,0.0004752074632959982,0.0,0.0,3,False,False,False,,1,False,False
100000003213473100,distributor,0.33,0,0.6376,"Рассылает 11 получателям (240,000 KZT), получая лишь от 1 плательщиков — веерное распределение средств вниз по цепочке.",1,11,57500.0,240000.0,2,12,0.00029010079361308644,0.00011160660110828227,4.173913043478261,3,False,False,True,2.0,1,True,False
100000003071649100,terminal,0.72,5,0.4262,"Нет исходящих переводов на 3-м колене (обход не был искусственно прерван, глубина < 4) — получил 189,500 KZT от 1 плательщиков и удержал их.",1,0,189500.0,0.0,1,0,0.0002966530820740983,0.0,0.0,3,False,False,False,,1,False,False
100000002433697100,transit,0.59,3,0.5011,"Пропускает средства не удерживая: получил 130,000 KZT, отдал 110,000 KZT (0.85x) от 1 плательщиков 1 получателям, медианная задержка 0 дн..",1,1,130000.0,110000.0,1,1,0.0002910786197387437,1.9549530448494444e-05,0.8461538461538461,3,False,False,False,0.0,1,True,False
100000008612257100,terminal,0.72,16,0.2416,"Нет исходящих переводов на 3-м колене (обход не был искусственно прерван, глубина < 4) — получил 9,500 KZT от 1 плательщиков и удержал их.",1,0,9500.0,0.0,1,0,0.00028915305022928,0.0,0.0,3,False,False,False,,1,False,False
100000002736033100,peripheral,0.4,16,0.3625,"Низкая активность в выборке: 1 вход. / 1 исход., 45,530 KZT суммарно, pass_through=0.32 — выраженных признаков роли не выявлено.",1,1,34530.0,11000.0,1,1,0.0002964994754002138,1.9549530448494444e-05,0.3185635679119606,3,False,False,False,20.0,1,False,False
100000008687990100,terminal,0.72,6,0.2694,"Нет исходящих переводов на 3-м колене (обход не был искусственно прерван, глубина < 4) — получил 17,600 KZT от 1 плательщиков и удержал их.",1,0,17600.0,0.0,1,0,0.0002896071307907347,0.0,0.0,3,False,False,False,,1,False,False
100000008776310100,terminal,0.72,6,0.2752,"Нет исходящих переводов на 3-м колене (обход не был искусственно прерван, глубина < 4) — получил 19,200 KZT от 1 плательщиков и удержал их.",1,0,19200.0,0.0,1,0,0.00028985788352851616,0.0,0.0,3,False,False,False,,1,False,False
100000007267915100,peripheral,0.45,16,0.319,"Низкая активность в выборке: 2 вход. / 1 исход., 31,000 KZT суммарно, pass_through=0.48 — выраженных признаков роли не выявлено.",2,1,21000.0,10000.0,3,1,0.00029269814065059136,1.7016519591414446e-06,0.47619047619047616,3,False,False,False,2.0,1,True,False
100000004217419100,peripheral,0.45,2,0.5527,"Низкая активность в выборке: 2 вход. / 1 исход., 125,900 KZT суммарно, pass_through=0.07 — выраженных признаков роли не выявлено.",2,1,118200.0,7700.0,3,1,0.000586707028047715,1.975107199950985e-05,0.06514382402707276,3,False,False,False,2.0,1,True,False
100000002773323100,peripheral,0.45,5,0.5438,"Низкая активность в выборке: 2 вход. / 1 исход., 1,456,644 KZT суммарно, pass_through=4.11 — выраженных признаков роли не выявлено.",2,1,285000.0,1171644.0,2,2,0.00032694815749070925,2.1766487509663916e-05,4.111031578947369,3,False,False,False,15.0,2,False,False
100000002528544100,terminal,0.72,2,0.4422,"Нет исходящих переводов на 3-м колене (обход не был искусственно прерван, глубина < 4) — получил 192,912 KZT от 1 плательщиков и удержал их.",1,0,192912.0,0.0,1,0,0.0003006459851600438,0.0,0.0,3,False,False,False,,1,False,False
100000003760160100,terminal,0.72,3,0.3604,"Нет исходящих переводов на 3-м колене (обход не был искусственно прерван, глубина < 4) — получил 104,470 KZT от 1 плательщиков и удержал их.",1,0,104470.0,0.0,1,0,0.0002902479581680218,0.0,0.0,3,False,False,False,,1,False,False
100000000640800100,peripheral,0.5,2,0.5096,"Низкая активность в выборке: 1 вход. / 4 исход., 598,135 KZT суммарно, pass_through=6.48 — выраженных признаков роли не выявлено.",1,4,80000.0,518135.0,1,6,0.00030459135147765937,0.00014766212715380426,6.4766875,3,False,False,False,0.0,1,True,False
100000008238112100,terminal,0.72,3,0.4058,"Нет исходящих переводов на 3-м колене (обход не был искусственно прерван, глубина < 4) — получил 190,000 KZT от 1 плательщиков и удержал их.",1,0,190000.0,0.0,1,0,0.00029303082084502303,0.0,0.0,3,False,False,False,,1,False,False
100000008751349100,terminal,0.72,27,0.256,"Нет исходящих переводов на 3-м колене (обход не был искусственно прерван, глубина < 4) — получил 11,630 KZT от 1 плательщиков и удержал их.",1,0,11630.0,0.0,1,0,0.00028977653107132716,0.0,0.0,3,False,False,False,,1,False,False
100000002963189100,peripheral,0.5,13,0.6041,"Низкая активность в выборке: 1 вход. / 7 исход., 5,709,000 KZT суммарно, pass_through=10.65 — выраженных признаков роли не выявлено.",1,7,490000.0,5219000.0,3,15,0.0004260361041403029,8.68710692395447e-05,10.651020408163266,3,False,False,True,6.0,1,False,False
100000008548853100,terminal,0.72,6,0.253,"Нет исходящих переводов на 3-м колене (обход не был искусственно прерван, глубина < 4) — получил 14,000 KZT от 1 плательщиков и удержал их.",1,0,14000.0,0.0,1,0,0.0002890429371307263,0.0,0.0,3,False,False,False,,1,False,False
100000003164661100,terminal,0.72,29,0.6074,"Нет исходящих переводов на 3-м колене (обход не был искусственно прерван, глубина < 4) — получил 596,200 KZT от 1 плательщиков и удержал их.",1,0,596200.0,0.0,3,0,0.0006033023319199546,0.0,0.0,3,False,False,False,,1,False,False
100000000791285100,peripheral,0.5,27,0.6262,"Низкая активность в выборке: 1 вход. / 3 исход., 1,770,000 KZT суммарно, pass_through=0.58 — выраженных признаков роли не выявлено.",1,3,1120000.0,650000.0,2,3,0.0005687922766193726,3.95021439990197e-05,0.5803571428571429,3,False,False,True,0.0,1,True,False
100000003192309100,peripheral,0.4,6,0.3689,"Низкая активность в выборке: 1 вход. / 1 исход., 230,200 KZT суммарно, pass_through=12.38 — выраженных признаков роли не выявлено.",1,1,17200.0,213000.0,1,1,0.00028954444260628927,1.4107908571078464e-06,12.383720930232558,3,False,False,False,16.0,1,False,False
100000002891765100,terminal,0.72,13,0.4022,"Нет исходящих переводов на 3-м колене (обход не был искусственно прерван, глубина < 4) — получил 55,576 KZT от 1 плательщиков и удержал их.",1,0,55576.0,0.0,1,0,0.0003026355257742812,0.0,0.0,3,False,False,False,,1,False,False
100000001740277100,peripheral,0.4,9,0.3308,"Низкая активность в выборке: 1 вход. / 1 исход., 13,700 KZT суммарно, pass_through=0.57 — выраженных признаков роли не выявлено.",1,1,8700.0,5000.0,1,1,0.0003735092522064287,0.0,0.5747126436781609,3,False,False,True,2.0,1,True,False
100000002232266100,terminal,0.72,2,0.3632,"Нет исходящих переводов на 3-м колене (обход не был искусственно прерван, глубина < 4) — получил 45,000 KZT от 1 плательщиков и удержал их.",1,0,45000.0,0.0,1,0,0.00029604125025309687,0.0,0.0,3,False,False,False,,1,False,False
100000006701983100,terminal,0.72,6,0.3082,"Нет исходящих переводов на 3-м колене (обход не был искусственно прерван, глубина < 4) — получил 27,000 KZT от 1 плательщиков и удержал их.",1,0,27000.0,0.0,1,0,0.00029108030312520087,0.0,0.0,3,False,False,False,,1,False,False
100000002871199100,terminal,0.72,13,0.3163,"Нет исходящих переводов на 3-м колене (обход не был искусственно прерван, глубина < 4) — получил 23,186 KZT от 1 плательщиков и удержал их.",1,0,23186.0,0.0,1,0,0.0002934349642646145,0.0,0.0,3,False,False,False,,1,False,False
100000002757791100,terminal,0.72,10,0.4316,"Нет исходящих переводов на 3-м колене (обход не был искусственно прерван, глубина < 4) — получил 73,050 KZT от 1 плательщиков и удержал их.",1,0,73050.0,0.0,1,0,0.00031242607597958756,0.0,0.0,3,False,False,False,,1,False,False
100000000572276100,peripheral,0.4,6,0.2995,"Низкая активность в выборке: 1 вход. / 1 исход., 47,622 KZT суммарно, pass_through=2.64 — выраженных признаков роли не выявлено.",1,1,13075.0,34547.0,1,1,0.0002888979707041964,1.4107908571078464e-06,2.6422179732313578,3,False,False,False,13.0,1,False,False
100000001853812100,terminal,0.72,2,0.4045,"Нет исходящих переводов на 3-м колене (обход не был искусственно прерван, глубина < 4) — получил 70,000 KZT от 1 плательщиков и удержал их.",1,0,70000.0,0.0,1,0,0.0003011481389075182,0.0,0.0,3,False,False,False,,1,False,False
100000004726132100,peripheral,0.4,0,0.4992,"Низкая активность в выборке: 1 вход. / 1 исход., 373,000 KZT суммарно, pass_through=0.07 — выраженных признаков роли не выявлено.",1,1,349000.0,24000.0,1,2,0.0003179247592504452,1.9549530448494444e-05,0.06876790830945559,3,False,False,False,4.0,1,False,False
100000001785161100,terminal,0.74,28,0.4164,"Нет исходящих переводов на 3-м колене (обход не был искусственно прерван, глубина < 4) — получил 30,000 KZT от 2 плательщиков и удержал их.",2,0,30000.0,0.0,2,0,0.0003326849590253383,0.0,0.0,3,False,False,False,,1,False,False
100000002612809100,peripheral,0.5,34,0.5103,"Низкая активность в выборке: 1 вход. / 3 исход., 144,000 KZT суммарно, pass_through=3.80 — выраженных признаков роли не выявлено.",1,3,30000.0,114000.0,2,4,0.0004301567178849599,1.612332408123253e-06,3.8,3,False,False,True,2.0,1,True,False
100000008769097100,terminal,0.72,6,0.3202,"Нет исходящих переводов на 3-м колене (обход не был искусственно прерван, глубина < 4) — получил 31,100 KZT от 1 плательщиков и удержал их.",1,0,31100.0,0.0,1,0,0.0002917228570157659,0.0,0.0,3,False,False,False,,1,False,False
100000004488265100,terminal,0.72,2,0.3496,"Нет исходящих переводов на 3-м колене (обход не был искусственно прерван, глубина < 4) — получил 38,740 KZT от 1 плательщиков и удержал их.",1,0,38740.0,0.0,1,0,0.00029476248533402975,0.0,0.0,3,False,False,False,,1,False,False
100000002509598100,terminal,0.72,12,0.4624,"Нет исходящих переводов на 3-м колене (обход не был искусственно прерван, глубина < 4) — получил 305,550 KZT от 1 плательщиков и удержал их.",1,0,305550.0,0.0,1,0,0.0003014631509943513,0.0,0.0,3,False,False,False,,1,False,False
100000008706846100,terminal,0.72,6,0.2539,"Нет исходящих переводов на 3-м колене (обход не был искусственно прерван, глубина < 4) — получил 14,200 KZT от 1 плательщиков и удержал их.",1,0,14200.0,0.0,1,0,0.000289074281222949,0.0,0.0,3,False,False,False,,1,False,False
100000001280798100,terminal,0.72,8,0.3316,"Нет исходящих переводов на 3-м колене (обход не был искусственно прерван, глубина < 4) — получил 23,785 KZT от 1 плательщиков и удержал их.",1,0,23785.0,0.0,1,0,0.0002957478453823632,0.0,0.0,3,False,False,False,,1,False,False
100000006664478100,transit,0.72,10,0.6479,"Пропускает средства не удерживая: получил 55,000 KZT, отдал 60,000 KZT (1.09x) от 1 плательщиков 2 получателям, медианная задержка 0 дн..",1,2,55000.0,60000.0,3,2,0.0006195113014954258,1.2092493060924398e-06,1.0909090909090908,3,False,False,False,0.0,1,True,False
100000003781406100,terminal,0.72,17,0.5182,"Нет исходящих переводов на 3-м колене (обход не был искусственно прерван, глубина < 4) — получил 45,000 KZT от 1 плательщиков и удержал их.",1,0,45000.0,0.0,2,0,0.0007259553797550315,0.0,0.0,3,False,False,False,,1,False,False
100000008708595100,terminal,0.72,6,0.267,"Нет исходящих переводов на 3-м колене (обход не был искусственно прерван, глубина < 4) — получил 17,200 KZT от 1 плательщиков и удержал их.",1,0,17200.0,0.0,1,0,0.00028954444260628927,0.0,0.0,3,False,False,False,,1,False,False
100000004611571100,terminal,0.72,0,0.2673,"Нет исходящих переводов на 3-м колене (обход не был искусственно прерван, глубина < 4) — получил 22,550 KZT от 1 плательщиков и удержал их.",1,0,22550.0,0.0,1,0,0.00028812417786210754,0.0,0.0,3,False,False,False,,1,False,False
100000008576243100,terminal,0.74,0,0.5601,"Нет исходящих переводов на 3-м колене (обход не был искусственно прерван, глубина < 4) — получил 82,920 KZT от 2 плательщиков и удержал их.",2,0,82920.0,0.0,4,0,0.0016582396966117689,0.0,0.0,3,False,False,False,,2,False,False
100000008662216100,terminal,0.72,6,0.3055,"Нет исходящих переводов на 3-м колене (обход не был искусственно прерван, глубина < 4) — получил 26,200 KZT от 1 плательщиков и удержал их.",1,0,26200.0,0.0,1,0,0.0002909549267563101,0.0,0.0,3,False,False,False,,1,False,False
100000002681544100,terminal,0.74,9,0.493,"Нет исходящих переводов на 3-м колене (обход не был искусственно прерван, глубина < 4) — получил 166,072 KZT от 2 плательщиков и удержал их.",2,0,166072.0,0.0,2,0,0.00033720262368742873,0.0,0.0,3,False,False,False,,2,False,False
100000007864477100,peripheral,0.5,0,0.484,"Низкая активность в выборке: 2 вход. / 6 исход., 279,500 KZT суммарно, pass_through=2.68 — выраженных признаков роли не выявлено.",2,6,76000.0,203500.0,2,10,0.0003061302993907704,7.671184099404618e-05,2.6776315789473686,3,False,False,False,0.0,1,True,False
100000004746397100,peripheral,0.4,3,0.4401,"Низкая активность в выборке: 1 вход. / 1 исход., 227,020 KZT суммарно, pass_through=0.03 — выраженных признаков роли не выявлено.",1,1,219520.0,7500.0,1,1,0.00029399130378931246,0.0006792103300224203,0.03416545189504373,3,False,False,True,,1,False,False
100000003814002100,terminal,0.72,3,0.2809,"Нет исходящих переводов на 3-м колене (обход не был искусственно прерван, глубина < 4) — получил 30,000 KZT от 1 плательщиков и удержал их.",1,0,30000.0,0.0,1,0,0.00028782495122827806,0.0,0.0,3,False,False,False,,1,False,False
100000003962994100,terminal,0.72,37,0.4166,"Нет исходящих переводов на 3-м колене (обход не был искусственно прерван, глубина < 4) — получил 10,000 KZT от 1 плательщиков и удержал их.",1,0,10000.0,0.0,1,0,0.00048331802967873505,0.0,0.0,3,False,False,False,,1,False,False
100000003366471100,peripheral,0.45,2,0.5286,"Низкая активность в выборке: 2 вход. / 1 исход., 349,789 KZT суммарно, pass_through=0.06 — выраженных признаков роли не выявлено.",2,1,329789.0,20000.0,5,1,0.0003620691880891814,1.9549530448494444e-05,0.0606448365470043,3,False,False,False,22.0,2,False,False
100000003561031100,peripheral,0.4,2,0.2672,"Низкая активность в выборке: 1 вход. / 1 исход., 18,300 KZT суммарно, pass_through=0.38 — выраженных признаков роли не выявлено.",1,1,13300.0,5000.0,1,1,0.00028956571543929053,1.9549530448494444e-05,0.37593984962406013,3,False,False,False,,1,False,False
100000001690439100,terminal,0.72,3,0.4256,"Нет исходящих переводов на 3-м колене (обход не был искусственно прерван, глубина < 4) — получил 14,200 KZT от 1 плательщиков и удержал их.",1,0,14200.0,0.0,1,0,0.00047912927969830094,0.0,0.0,3,False,False,False,,1,False,False
100000002954780100,terminal,0.72,5,0.3967,"Нет исходящих переводов на 3-м колене (обход не был искусственно прерван, глубина < 4) — получил 133,400 KZT от 1 плательщиков и удержал их.",1,0,133400.0,0.0,1,0,0.0002937506156810553,0.0,0.0,3,False,False,False,,1,False,False
100000008720668100,terminal,0.72,6,0.262,"Нет исходящих переводов на 3-м колене (обход не был искусственно прерван, глубина < 4) — получил 16,000 KZT от 1 плательщиков и удержал их.",1,0,16000.0,0.0,1,0,0.0002893563780529532,0.0,0.0,3,False,False,False,,1,False,False
100000002459164100,terminal,0.72,0,0.46,"Нет исходящих переводов на 3-м колене (обход не был искусственно прерван, глубина < 4) — получил 20,000 KZT от 1 плательщиков и удержал их.",1,0,20000.0,0.0,1,0,0.0005441976818028372,0.0,0.0,3,False,False,False,,1,False,False
100000005082652100,terminal,0.72,9,0.4501,"Нет исходящих переводов на 3-м колене (обход не был искусственно прерван, глубина < 4) — получил 30,000 KZT от 1 плательщиков и удержал их.",1,0,30000.0,0.0,1,0,0.0004097826347644142,0.0,0.0,3,False,False,False,,1,False,False
100000005041905100,peripheral,0.4,6,0.3341,"Низкая активность в выборке: 1 вход. / 1 исход., 1,085,351 KZT суммарно, pass_through=216.07 — выраженных признаков роли не выявлено.",1,1,5000.0,1080351.0,1,5,0.0002876324529807055,0.0,216.0702,3,False,False,True,,1,False,False
100000008653041100,terminal,0.72,6,0.3098,"Нет исходящих переводов на 3-м колене (обход не был искусственно прерван, глубина < 4) — получил 28,000 KZT от 1 плательщиков и удержал их.",1,0,28000.0,0.0,1,0,0.0002912370235863143,0.0,0.0,3,False,False,False,,1,False,False
100000008722417100,peripheral,0.5,3,0.4885,"Низкая активность в выборке: 1 вход. / 3 исход., 1,051,900 KZT суммарно, pass_through=2.17 — выраженных признаков роли не выявлено.",1,3,331900.0,720000.0,1,6,0.0002976477764613737,5.864859134548333e-05,2.16932811087677,3,False,False,False,0.0,1,True,False
100000008625905100,peripheral,0.45,15,0.6106,"Низкая активность в выборке: 1 вход. / 2 исход., 832,800 KZT суммарно, pass_through=3.21 — выраженных признаков роли не выявлено.",1,2,197800.0,635000.0,1,2,0.0005476931582077994,4.030831020308133e-05,3.210313447927199,3,False,False,False,,1,False,False
100000007487729100,terminal,0.72,0,0.3331,"Нет исходящих переводов на 3-м колене (обход не был искусственно прерван, глубина < 4) — получил 25,000 KZT от 1 плательщиков и удержал их.",1,0,25000.0,0.0,1,0,0.00029543042067927186,0.0,0.0,3,False,False,False,,1,False,False
100000000838385100,peripheral,0.45,20,0.6373,"Низкая активность в выборке: 1 вход. / 2 исход., 614,400 KZT суммарно, pass_through=0.41 — выраженных признаков роли не выявлено.",1,2,436900.0,177500.0,8,6,0.001939416439649783,2.216957061169473e-05,0.40627145799954223,3,False,False,True,1.0,1,True,False
100000004750321100,terminal,0.74,8,0.4201,"Нет исходящих переводов на 3-м колене (обход не был искусственно прерван, глубина < 4) — получил 50,185 KZT от 2 плательщиков и удержал их.",2,0,50185.0,0.0,2,0,0.0003139265645129456,0.0,0.0,3,False,False,False,,1,False,False
100000008664774100,terminal,0.72,6,0.2634,"Нет исходящих переводов на 3-м колене (обход не был искусственно прерван, глубина < 4) — получил 16,300 KZT от 1 плательщиков и удержал их.",1,0,16300.0,0.0,1,0,0.00028940339419128723,0.0,0.0,3,False,False,False,,1,False,False
100000006274203100,peripheral,0.5,3,0.6371,"Низкая активность в выборке: 2 вход. / 3 исход., 3,489,512 KZT суммарно, pass_through=0.02 — выраженных признаков роли не выявлено.",2,3,3417512.0,72000.0,41,3,0.0006348128592595731,3.798253058385132e-05,0.02106795821053445,3,False,False,True,3.0,1,False,False
100000002185328100,peripheral,0.5,22,0.4797,"Низкая активность в выборке: 1 вход. / 4 исход., 70,000 KZT суммарно, pass_through=3.67 — выраженных признаков роли не выявлено.",1,4,15000.0,55000.0,1,4,0.0003533934292326028,6.267942236579146e-05,3.6666666666666665,3,False,False,False,16.0,1,False,False
100000008254576100,peripheral,0.4,32,0.3651,"Низкая активность в выборке: 1 вход. / 1 исход., 68,000 KZT суммарно, pass_through=7.50 — выраженных признаков роли не выявлено.",1,1,8000.0,60000.0,1,1,0.00029297439791449724,1.9952613550525257e-05,7.5,3,False,False,False,,1,False,False
100000001689968100,terminal,0.76,3,0.5204,"Нет исходящих переводов на 3-м колене (обход не был искусственно прерван, глубина < 4) — получил 344,334 KZT от 3 плательщиков и удержал их.",3,0,344333.75,0.0,3,0,0.0003406437502922915,0.0,0.0,3,False,False,False,,1,False,False
100000002236528100,terminal,0.72,9,0.4214,"Нет исходящих переводов на 3-м колене (обход не был искусственно прерван, глубина < 4) — получил 66,000 KZT от 1 плательщиков и удержал их.",1,0,66000.0,0.0,1,0,0.00030861061842404474,0.0,0.0,3,False,False,False,,1,False,False
100000002670960100,terminal,0.72,12,0.4965,"Нет исходящих переводов на 3-м колене (обход не был искусственно прерван, глубина < 4) — получил 480,310 KZT от 1 плательщиков и удержал их.",1,0,480310.0,0.0,1,0,0.00030982183246640386,0.0,0.0,3,False,False,False,,1,False,False
100000003557488100,peripheral,0.45,30,0.6112,"Низкая активность в выборке: 1 вход. / 2 исход., 802,992 KZT суммарно, pass_through=0.21 — выраженных признаков роли не выявлено.",1,2,664992.0,138000.0,3,4,0.000583381670763393,2.0154155101540664e-05,0.20752129348924497,3,False,False,True,0.0,1,True,False
100000003888197100,terminal,0.72,3,0.3394,"Нет исходящих переводов на 3-м колене (обход не был искусственно прерван, глубина < 4) — получил 83,167 KZT от 1 плательщиков и удержал их.",1,0,83167.0,0.0,1,0,0.00028955482916523726,0.0,0.0,3,False,False,False,,1,False,False
100000002799941100,terminal,0.72,19,0.5589,"Нет исходящих переводов на 3-м колене (обход не был искусственно прерван, глубина < 4) — получил 600,000 KZT от 1 плательщиков и удержал их.",1,0,600000.0,0.0,1,0,0.0003898849857907604,0.0,0.0,3,False,False,False,,1,False,False
100000001632325100,terminal,0.72,6,0.4079,"Нет исходящих переводов на 3-м колене (обход не был искусственно прерван, глубина < 4) — получил 85,600 KZT от 1 плательщиков и удержал их.",1,0,85600.0,0.0,3,0,0.0003002641221464476,0.0,0.0,3,False,False,False,,1,False,False
100000008620570100,peripheral,0.5,7,0.5092,"Низкая активность в выборке: 2 вход. / 2 исход., 176,800 KZT суммарно, pass_through=0.22 — выраженных признаков роли не выявлено.",2,2,145000.0,31800.0,2,2,0.0003500808305991265,3.3650241107036644e-05,0.2193103448275862,3,False,False,False,0.0,1,True,False
100000005308954100,peripheral,0.4,4,0.4876,"Низкая активность в выборке: 1 вход. / 1 исход., 99,020 KZT суммарно, pass_through=0.43 — выраженных признаков роли не выявлено.",1,1,69020.0,30000.0,1,1,0.0003610327484487227,2.0154155101540664e-05,0.43465662126919735,3,False,False,False,5.0,1,False,False
100000008468762100,terminal,0.74,18,0.4653,"Нет исходящих переводов на 3-м колене (обход не был искусственно прерван, глубина < 4) — получил 170,000 KZT от 2 плательщиков и удержал их.",2,0,170000.0,0.0,2,0,0.00031179046745662456,0.0,0.0,3,False,False,False,,2,False,False
100000002305007100,terminal,0.72,6,0.3747,"Нет исходящих переводов на 3-м колене (обход не был искусственно прерван, глубина < 4) — получил 56,000 KZT от 1 плательщиков и удержал их.",1,0,56000.0,0.0,1,0,0.00029562519649749025,0.0,0.0,3,False,False,False,,1,False,False
100000008314863100,terminal,0.72,7,0.4276,"Нет исходящих переводов на 3-м колене (обход не был искусственно прерван, глубина < 4) — получил 12,000 KZT от 1 плательщиков и удержал их.",1,0,12000.0,0.0,1,0,0.0005193345948548097,0.0,0.0,3,False,False,False,,1,False,False
100000005709551100,terminal,0.72,14,0.3344,"Нет исходящих переводов на 3-м колене (обход не был искусственно прерван, глубина < 4) — получил 24,560 KZT от 1 плательщиков и удержал их.",1,0,24560.0,0.0,1,0,0.00029597763012912157,0.0,0.0,3,False,False,False,,1,False,False
100000008297199100,terminal,0.72,0,0.3689,"Нет исходящих переводов на 3-м колене (обход не был искусственно прерван, глубина < 4) — получил 42,268 KZT от 1 плательщиков и удержал их.",1,0,42268.0,0.0,1,0,0.0002979189370004088,0.0,0.0,3,False,False,False,,1,False,False
100000003271151100,terminal,0.72,2,0.4555,"Нет исходящих переводов на 3-м колене (обход не был искусственно прерван, глубина < 4) — получил 127,294 KZT от 1 плательщиков и удержал их.",1,0,127294.0,0.0,1,0,0.00031285190205017496,0.0,0.0,3,False,False,False,,1,False,False
100000007005380100,terminal,0.72,3,0.3272,"Нет исходящих переводов на 3-м колене (обход не был искусственно прерван, глубина < 4) — получил 9,400 KZT от 1 плательщиков и удержал их.",1,0,9400.0,0.0,1,0,0.00030444858862264273,0.0,0.0,3,False,False,False,,1,False,False
100000004451012100,peripheral,0.5,19,0.4532,"Низкая активность в выборке: 1 вход. / 3 исход., 156,985 KZT суммарно, pass_through=0.72 — выраженных признаков роли не выявлено.",1,3,91245.0,65740.0,1,3,0.0003025180709228466,5.864859134548333e-05,0.7204778344018851,3,False,False,False,,1,False,False
100000004779204100,peripheral,0.4,0,0.3082,"Низкая активность в выборке: 1 вход. / 1 исход., 50,450 KZT суммарно, pass_through=0.66 — выраженных признаков роли не выявлено.",1,1,30450.0,20000.0,1,2,0.00028857096654401695,1.9549530448494444e-05,0.6568144499178982,3,False,False,False,0.0,1,True,False
100000002793881100,terminal,0.76,5,0.5592,"Нет исходящих переводов на 3-м колене (обход не был искусственно прерван, глубина < 4) — получил 785,600 KZT от 3 плательщиков и удержал их.",3,0,785600.0,0.0,3,0,0.0003767430798288248,0.0,0.0,3,False,False,False,,3,False,True
100000008671129100,terminal,0.72,6,0.3055,"Нет исходящих переводов на 3-м колене (обход не был искусственно прерван, глубина < 4) — получил 26,200 KZT от 1 плательщиков и удержал их.",1,0,26200.0,0.0,1,0,0.0002909549267563101,0.0,0.0,3,False,False,False,,1,False,False
100000002095257100,terminal,0.72,2,0.3967,"Нет исходящих переводов на 3-м колене (обход не был искусственно прерван, глубина < 4) — получил 8,500 KZT от 1 плательщиков и удержал их.",1,0,8500.0,0.0,1,0,0.00039842559844157813,0.0,0.0,3,False,False,False,,1,False,False
100000002194329100,terminal,0.72,0,0.2758,"Нет исходящих переводов на 3-м колене (обход не был искусственно прерван, глубина < 4) — получил 25,170 KZT от 1 плательщиков и удержал их.",1,0,25170.0,0.0,1,0,0.00028827235334901927,0.0,0.0,3,False,False,False,,1,False,False
100000001884825100,terminal,0.76,5,0.5336,"Нет исходящих переводов на 3-м колене (обход не был искусственно прерван, глубина < 4) — получил 495,000 KZT от 3 плательщиков и удержал их.",3,0,495000.0,0.0,3,0,0.00034161127894682334,0.0,0.0,3,False,False,False,,2,False,False
100000008692291100,transit,0.85,5,0.5996,"Пропускает средства не удерживая: получил 160,000 KZT, отдал 156,000 KZT (0.97x) от 3 плательщиков 3 получателям, медианная задержка 1 дн..",3,3,160000.0,156000.0,3,3,0.00030922893150241496,6.529946252899175e-05,0.975,3,False,False,False,1.0,2,True,False
100000002697752100,terminal,0.74,2,0.4932,"Нет исходящих переводов на 3-м колене (обход не был искусственно прерван, глубина < 4) — получил 190,785 KZT от 2 плательщиков и удержал их.",2,0,190785.0,0.0,2,0,0.00033103476484205836,0.0,0.0,3,False,False,False,,1,False,False
100000007170072100,transit,0.89,2,0.5773,"Пропускает средства не удерживая: получил 100,000 KZT, отдал 99,500 KZT (0.99x) от 1 плательщиков 2 получателям, медианная задержка 2 дн..",1,2,100000.0,99500.0,1,9,0.00030902697667828963,3.909906089698889e-05,0.995,3,False,False,False,2.0,1,True,False
100000002373144100,peripheral,0.4,0,0.3397,"Низкая активность в выборке: 1 вход. / 1 исход., 57,232 KZT суммарно, pass_through=0.23 — выраженных признаков роли не выявлено.",1,1,46468.0,10764.0,1,1,0.0002909864876942712,1.9549530448494444e-05,0.2316432813979513,3,False,False,False,5.0,1,False,False
100000000287768100,terminal,0.72,0,0.3077,"Нет исходящих переводов на 3-м колене (обход не был искусственно прерван, глубина < 4) — получил 35,168 KZT от 1 плательщиков и удержал их.",1,0,35168.0,0.0,1,0,0.0002899803049810879,0.0,0.0,3,False,False,False,,1,False,False
100000004508696100,peripheral,0.5,37,0.5211,"Низкая активность в выборке: 1 вход. / 3 исход., 118,000 KZT суммарно, pass_through=15.86 — выраженных признаков роли не выявлено.",1,3,7000.0,111000.0,1,4,0.000424377275977656,3.9905227101050515e-05,15.857142857142858,3,False,False,True,0.0,1,True,False
100000008688109100,terminal,0.72,6,0.2495,"Нет исходящих переводов на 3-м колене (обход не был искусственно прерван, глубина < 4) — получил 12,800 KZT от 1 плательщиков и удержал их.",1,0,12800.0,0.0,1,0,0.00028885487257739024,0.0,0.0,3,False,False,False,,1,False,False
100000008724461100,peripheral,0.4,5,0.4089,"Низкая активность в выборке: 1 вход. / 1 исход., 230,111 KZT суммарно, pass_through=1.30 — выраженных признаков роли не выявлено.",1,1,100111.0,130000.0,1,1,0.0002920283304090765,2.277419526474095e-05,1.298558599954051,3,False,False,False,0.0,1,True,False
100000001714413100,terminal,0.72,3,0.429,"Нет исходящих переводов на 3-м колене (обход не был искусственно прерван, глубина < 4) — получил 250,172 KZT от 1 плательщиков и удержал их.",1,0,250172.0,0.0,1,0,0.0002949886182611404,0.0,0.0,3,False,False,False,,1,False,False
100000008672493100,terminal,0.72,6,0.253,"Нет исходящих переводов на 3-м колене (обход не был искусственно прерван, глубина < 4) — получил 14,000 KZT от 1 плательщиков и удержал их.",1,0,14000.0,0.0,1,0,0.0002890429371307263,0.0,0.0,3,False,False,False,,1,False,False
100000003241965100,terminal,0.72,8,0.2895,"Нет исходящих переводов на 3-м колене (обход не был искусственно прерван, глубина < 4) — получил 15,000 KZT от 1 плательщиков и удержал их.",1,0,15000.0,0.0,1,0,0.00029246099785228244,0.0,0.0,3,False,False,False,,1,False,False
100000002241986100,peripheral,0.5,39,0.4963,"Низкая активность в выборке: 1 вход. / 6 исход., 3,357,000 KZT суммарно, pass_through=10.99 — выраженных признаков роли не выявлено.",1,6,280000.0,3077000.0,1,12,0.00029595912250444213,0.00011729718269096666,10.989285714285714,3,False,False,False,,1,False,False
100000004140994100,terminal,0.72,6,0.2734,"Нет исходящих переводов на 3-м колене (обход не был искусственно прерван, глубина < 4) — получил 18,650 KZT от 1 плательщиков и удержал их.",1,0,18650.0,0.0,1,0,0.0002897716872749038,0.0,0.0,3,False,False,False,,1,False,False
100000008489922100,distributor,0.78,5,0.8766,"Рассылает 36 получателям (3,789,900 KZT), получая лишь от 3 плательщиков — веерное распределение средств вниз по цепочке.",3,36,262010.0,3789900.0,5,41,0.000588448956595591,0.0008871308364647244,14.464715087210411,3,False,False,True,1.0,2,True,False
100000001252290100,peripheral,0.4,3,0.3789,"Низкая активность в выборке: 1 вход. / 1 исход., 146,005 KZT суммарно, pass_through=0.04 — выраженных признаков роли не выявлено.",1,1,141005.0,5000.0,1,1,0.0002914366859583204,1.9549530448494444e-05,0.03545973547037339,3,False,False,False,,1,False,False
100000008667799100,terminal,0.72,6,0.327,"Нет исходящих переводов на 3-м колене (обход не был искусственно прерван, глубина < 4) — получил 34,000 KZT от 1 плательщиков и удержал их.",1,0,34000.0,0.0,1,0,0.00029217734635299486,0.0,0.0,3,False,False,False,,1,False,False
100000008684951100,terminal,0.72,6,0.267,"Нет исходящих переводов на 3-м колене (обход не был искусственно прерван, глубина < 4) — получил 17,200 KZT от 1 плательщиков и удержал их.",1,0,17200.0,0.0,1,0,0.00028954444260628927,0.0,0.0,3,False,False,False,,1,False,False
100000006126743100,terminal,0.72,3,0.3167,"Нет исходящих переводов на 3-м колене (обход не был искусственно прерван, глубина < 4) — получил 55,000 KZT от 1 плательщиков и удержал их.",1,0,55000.0,0.0,1,0,0.0002886383683558945,0.0,0.0,3,False,False,False,,1,False,False
100000003009900100,terminal,0.72,8,0.2963,"Нет исходящих переводов на 3-м колене (обход не был искусственно прерван, глубина < 4) — получил 15,998 KZT от 1 плательщиков и удержал их.",1,0,15998.0,0.0,1,0,0.00029283439271113516,0.0,0.0,3,False,False,False,,1,False,False
100000001745217100,terminal,0.72,0,0.3385,"Нет исходящих переводов на 3-м колене (обход не был искусственно прерван, глубина < 4) — получил 50,000 KZT от 1 плательщиков и удержал их.",1,0,50000.0,0.0,1,0,0.0002913009865741794,0.0,0.0,3,False,False,False,,1,False,False
100000002886166100,terminal,0.72,25,0.4887,"Нет исходящих переводов на 3-м колене (обход не был искусственно прерван, глубина < 4) — получил 185,000 KZT от 1 плательщиков и удержал их.",1,0,185000.0,0.0,3,0,0.0003260325621102664,0.0,0.0,3,False,False,False,,1,False,False
100000002956779100,terminal,0.72,7,0.5529,"Нет исходящих переводов на 3-м колене (обход не был искусственно прерван, глубина < 4) — получил 411,000 KZT от 1 плательщиков и удержал их.",1,0,411000.0,0.0,1,0,0.0004048778166456673,0.0,0.0,3,False,False,False,,1,False,False
100000008568512100,terminal,0.72,3,0.4097,"Нет исходящих переводов на 3-м колене (обход не был искусственно прерван, глубина < 4) — получил 199,640 KZT от 1 плательщиков и удержал их.",1,0,199640.0,0.0,1,0,0.0002933444744894319,0.0,0.0,3,False,False,False,,1,False,False
100000008583360100,peripheral,0.4,8,0.5024,"Низкая активность в выборке: 1 вход. / 1 исход., 282,843 KZT суммарно, pass_through=1.51 — выраженных признаков роли не выявлено.",1,1,112843.0,170000.0,1,1,0.00032906828560250314,1.9549530448494444e-05,1.5065179054083992,3,False,False,False,5.0,1,False,False
100000001130176100,terminal,0.72,0,0.4771,"Нет исходящих переводов на 3-м колене (обход не был искусственно прерван, глубина < 4) — получил 25,000 KZT от 1 плательщиков и удержал их.",1,0,25000.0,0.0,2,0,0.0005604774925629045,0.0,0.0,3,False,False,False,,1,False,False
100000001145749100,terminal,0.72,7,0.4162,"Нет исходящих переводов на 3-м колене (обход не был искусственно прерван, глубина < 4) — получил 10,000 KZT от 1 плательщиков и удержал их.",1,0,10000.0,0.0,1,0,0.00048058697082486453,0.0,0.0,3,False,False,False,,1,False,False
100000005367445100,transit,0.9,5,0.5063,"Пропускает средства не удерживая: получил 5,000 KZT, отдал 5,000 KZT (1.00x) от 1 плательщиков 1 получателям, медианная задержка 1 дн..",1,1,5000.0,5000.0,1,1,0.0018698205928640741,0.0,1.0,3,False,False,True,1.0,1,True,False
100000003917461100,peripheral,0.45,17,0.5184,"Низкая активность в выборке: 1 вход. / 2 исход., 150,000 KZT суммарно, pass_through=14.00 — выраженных признаков роли не выявлено.",1,2,10000.0,140000.0,1,5,0.00040087068779351426,2.0557238203571478e-05,14.0,3,False,False,True,0.0,1,True,False
100000008200810100,terminal,0.72,12,0.4959,"Нет исходящих переводов на 3-м колене (обход не был искусственно прерван, глубина < 4) — получил 475,000 KZT от 1 плательщиков и удержал их.",1,0,475000.0,0.0,1,0,0.00030956785788059134,0.0,0.0,3,False,False,False,,1,False,False
100000002554175100,terminal,0.72,8,0.335,"Нет исходящих переводов на 3-м колене (обход не был искусственно прерван, глубина < 4) — получил 24,621 KZT от 1 плательщиков и удержал их.",1,0,24621.0,0.0,1,0,0.00029606062905170266,0.0,0.0,3,False,False,False,,1,False,False
100000008751380100,terminal,0.74,5,0.4934,"Нет исходящих переводов на 3-м колене (обход не был искусственно прерван, глубина < 4) — получил 345,780 KZT от 2 плательщиков и удержал их.",2,0,345780.0,0.0,2,0,0.0003141608550120167,0.0,0.0,3,False,False,False,,1,False,False
100000004071444100,peripheral,0.4,0,0.48,"Низкая активность в выборке: 1 вход. / 1 исход., 347,350 KZT суммарно, pass_through=0.40 — выраженных признаков роли не выявлено.",1,1,247350.0,100000.0,1,1,0.0003088735669676946,1.9549530448494444e-05,0.40428542551041036,3,False,False,False,,1,False,False
100000001141268100,peripheral,0.45,18,0.5499,"Низкая активность в выборке: 2 вход. / 1 исход., 490,000 KZT суммарно, pass_through=0.02 — выраженных признаков роли не выявлено.",2,1,480000.0,10000.0,2,1,0.0003664778826493085,2.277419526474095e-05,0.020833333333333332,3,False,False,False,1.0,2,True,False
100000002645993100,peripheral,0.5,0,0.4166,"Низкая активность в выборке: 2 вход. / 5 исход., 136,630 KZT суммарно, pass_through=1.75 — выраженных признаков роли не выявлено.",2,5,49650.0,86980.0,4,9,0.0002946201224048177,9.548455116744238e-05,1.7518630412890233,3,False,False,True,0.0,2,True,False
100000002546921100,terminal,0.72,13,0.3035,"Нет исходящих переводов на 3-м колене (обход не был искусственно прерван, глубина < 4) — получил 20,000 KZT от 1 плательщиков и удержал их.",1,0,20000.0,0.0,1,0,0.00029252996306147164,0.0,0.0,3,False,False,False,,1,False,False
100000008753897100,terminal,0.72,6,0.2963,"Нет исходящих переводов на 3-м колене (обход не был искусственно прерван, глубина < 4) — получил 24,050 KZT от 1 плательщиков и удержал их.",1,0,24050.0,0.0,1,0,0.00029061797776491625,0.0,0.0,3,False,False,False,,1,False,False
100000000870121100,terminal,0.72,14,0.3602,"Нет исходящих переводов на 3-м колене (обход не был искусственно прерван, глубина < 4) — получил 12,000 KZT от 1 плательщиков и удержал их.",1,0,12000.0,0.0,1,0,0.0003170785148831813,0.0,0.0,3,False,False,False,,1,False,False
100000003171006100,terminal,0.74,5,0.5288,"Нет исходящих переводов на 3-м колене (обход не был искусственно прерван, глубина < 4) — получил 485,000 KZT от 2 плательщиков и удержал их.",2,0,485000.0,0.0,2,0,0.0003364581606542109,0.0,0.0,3,False,False,False,,2,False,False
100000001690558100,terminal,0.72,19,0.5693,"Нет исходящих переводов на 3-м колене (обход не был искусственно прерван, глубина < 4) — получил 740,000 KZT от 1 плательщиков и удержал их.",1,0,740000.0,0.0,1,0,0.00041392675065107223,0.0,0.0,3,False,False,False,,1,False,False
100000008667795100,terminal,0.72,6,0.327,"Нет исходящих переводов на 3-м колене (обход не был искусственно прерван, глубина < 4) — получил 34,000 KZT от 1 плательщиков и удержал их.",1,0,34000.0,0.0,1,0,0.00029217734635299486,0.0,0.0,3,False,False,False,,1,False,False
100000005674387100,terminal,0.72,6,0.3055,"Нет исходящих переводов на 3-м колене (обход не был искусственно прерван, глубина < 4) — получил 26,200 KZT от 1 плательщиков и удержал их.",1,0,26200.0,0.0,1,0,0.0002909549267563101,0.0,0.0,3,False,False,False,,1,False,False
100000003636627100,peripheral,0.4,10,0.4952,"Низкая активность в выборке: 1 вход. / 1 исход., 87,000 KZT суммарно, pass_through=0.13 — выраженных признаков роли не выявлено.",1,1,77000.0,10000.0,8,1,0.0020084672100121426,0.0,0.12987012987012986,3,False,False,True,12.0,1,False,False
100000001275752100,terminal,0.72,5,0.4079,"Нет исходящих переводов на 3-м колене (обход не был искусственно прерван, глубина < 4) — получил 151,500 KZT от 1 плательщиков и удержал их.",1,0,151500.0,0.0,1,0,0.0002946870620574203,0.0,0.0,3,False,False,False,,1,False,False
100000002459240100,terminal,0.72,3,0.3862,"Нет исходящих переводов на 3-м колене (обход не был искусственно прерван, глубина < 4) — получил 150,000 KZT от 1 плательщиков и удержал их.",1,0,150000.0,0.0,1,0,0.00029172935344083683,0.0,0.0,3,False,False,False,,1,False,False
100000002644285100,terminal,0.72,12,0.5001,"Нет исходящих переводов на 3-м колене (обход не был искусственно прерван, глубина < 4) — получил 500,000 KZT от 1 плательщиков и удержал их.",1,0,500000.0,0.0,1,0,0.00031076359510193093,0.0,0.0,3,False,False,False,,1,False,False
100000005186109100,terminal,0.72,15,0.4343,"Нет исходящих переводов на 3-м колене (обход не был искусственно прерван, глубина < 4) — получил 5,000 KZT от 1 плательщиков и удержал их.",1,0,5000.0,0.0,1,0,0.0006085229555982302,0.0,0.0,3,False,False,False,,1,False,False
100000005317181100,peripheral,0.4,0,0.4774,"Низкая активность в выборке: 1 вход. / 1 исход., 155,750 KZT суммарно, pass_through=0.10 — выраженных признаков роли не выявлено.",1,1,141250.0,14500.0,1,1,0.00032384255024560404,1.9549530448494444e-05,0.10265486725663717,3,False,False,False,,1,False,False
100000003001661100,peripheral,0.5,20,0.6092,"Низкая активность в выборке: 1 вход. / 5 исход., 549,500 KZT суммарно, pass_through=4.00 — выраженных признаков роли не выявлено.",1,5,110000.0,439500.0,1,8,0.0005489541541645929,8.464745142647078e-05,3.9954545454545456,3,False,False,True,3.0,1,False,False
100000000288317100,peripheral,0.5,0,0.4768,"Низкая активность в выборке: 2 вход. / 3 исход., 153,500 KZT суммарно, pass_through=0.54 — выраженных признаков роли не выявлено.",2,3,100000.0,53500.0,2,3,0.0003142257679922481,5.925321599852955e-05,0.535,3,False,False,False,0.0,1,True,False
100000004368189100,peripheral,0.45,12,0.4745,"Низкая активность в выборке: 1 вход. / 2 исход., 412,800 KZT суммарно, pass_through=0.07 — выраженных признаков роли не выявлено.",1,2,384600.0,28200.0,1,2,0.00030524407208822724,2.821581714215693e-06,0.07332293291731669,3,False,False,False,1.0,1,True,False
100000004493586100,terminal,0.72,0,0.2476,"Нет исходящих переводов на 3-м колене (обход не был искусственно прерван, глубина < 4) — получил 7,500 KZT от 1 плательщиков и удержал их.",1,0,7500.0,0.0,1,0,0.00028993192234021955,0.0,0.0,3,False,False,False,,1,False,False
100000004114962100,terminal,0.74,3,0.573,"Нет исходящих переводов на 3-м колене (обход не был искусственно прерван, глубина < 4) — получил 165,000 KZT от 2 плательщиков и удержал их.",2,0,165000.0,0.0,2,0,0.0007143353552134958,0.0,0.0,3,False,False,False,,1,False,False
100000008088082100,peripheral,0.4,14,0.4115,"Низкая активность в выборке: 1 вход. / 1 исход., 89,138 KZT суммарно, pass_through=1.28 — выраженных признаков роли не выявлено.",1,1,39138.0,50000.0,1,1,0.0003013961703115388,1.9549530448494444e-05,1.2775307884920026,3,False,False,False,20.0,1,False,False
100000008595687100,peripheral,0.4,4,0.4403,"Низкая активность в выборке: 1 вход. / 1 исход., 74,795 KZT суммарно, pass_through=0.16 — выраженных признаков роли не выявлено.",1,1,64395.0,10400.0,1,1,0.00030621915315198246,0.00030624238676791037,0.161503222299868,3,False,False,True,1.0,1,True,False
100000001248999100,terminal,0.72,16,0.293,"Нет исходящих переводов на 3-м колене (обход не был искусственно прерван, глубина < 4) — получил 23,425 KZT от 1 плательщиков и удержал их.",1,0,23425.0,0.0,1,0,0.0002905511245541339,0.0,0.0,3,False,False,False,,1,False,False
100000002736316100,terminal,0.76,0,0.5326,"Нет исходящих переводов на 3-м колене (обход не был искусственно прерван, глубина < 4) — получил 266,921 KZT от 3 плательщиков и удержал их.",3,0,266921.0,0.0,3,0,0.00038550579299362716,0.0,0.0,3,False,False,False,,2,False,False
100000008596924100,terminal,0.72,10,0.5056,"Нет исходящих переводов на 3-м колене (обход не был искусственно прерван, глубина < 4) — получил 100,000 KZT от 1 плательщиков и удержал их.",1,0,100000.0,0.0,1,0,0.00041785596953346536,0.0,0.0,3,False,False,False,,1,False,False
100000008598972100,terminal,0.72,2,0.4043,"Нет исходящих переводов на 3-м колене (обход не был искусственно прерван, глубина < 4) — получил 120,000 KZT от 1 плательщиков и удержал их.",1,0,120000.0,0.0,1,0,0.00029543129312656,0.0,0.0,3,False,False,False,,1,False,False
100000002769809100,terminal,0.72,19,0.5003,"Нет исходящих переводов на 3-м колене (обход не был искусственно прерван, глубина < 4) — получил 113,422 KZT от 1 плательщиков и удержал их.",1,0,113422.0,0.0,1,0,0.00037941388776648657,0.0,0.0,3,False,False,False,,1,False,False
100000003089553100,terminal,0.72,5,0.4531,"Нет исходящих переводов на 3-м колене (обход не был искусственно прерван, глубина < 4) — получил 150,000 KZT от 1 плательщиков и удержал их.",1,0,150000.0,0.0,1,0,0.00030846376040725846,0.0,0.0,3,False,False,False,,1,False,False
100000002343825100,peripheral,0.5,5,0.5337,"Низкая активность в выборке: 3 вход. / 2 исход., 439,800 KZT суммарно, pass_through=0.26 — выраженных признаков роли не выявлено.",3,2,350000.0,89800.0,4,2,0.0003350828207250554,4.353297501932783e-05,0.25657142857142856,3,False,False,False,3.0,2,False,False
100000002015633100,terminal,0.72,3,0.3508,"Нет исходящих переводов на 3-м колене (обход не был искусственно прерван, глубина < 4) — получил 94,970 KZT от 1 плательщиков и удержал их.",1,0,94970.0,0.0,1,0,0.00028993885965952754,0.0,0.0,3,False,False,False,,1,False,False
100000002906470100,terminal,0.72,19,0.4497,"Нет исходящих переводов на 3-м колене (обход не был искусственно прерван, глубина < 4) — получил 130,000 KZT от 1 плательщиков и удержал их.",1,0,130000.0,0.0,1,0,0.00030917334661685646,0.0,0.0,3,False,False,False,,1,False,False
100000005628518100,terminal,0.72,19,0.5165,"Нет исходящих переводов на 3-м колене (обход не был искусственно прерван, глубина < 4) — получил 77,000 KZT от 1 плательщиков и удержал их.",1,0,77000.0,0.0,3,0,0.0005353273698316103,0.0,0.0,3,False,False,False,,1,False,False
100000002958139100,terminal,0.72,5,0.4497,"Нет исходящих переводов на 3-м колене (обход не был искусственно прерван, глубина < 4) — получил 209,500 KZT от 1 плательщиков и удержал их.",1,0,209500.0,0.0,2,0,0.0003016163975470345,0.0,0.0,3,False,False,False,,1,False,False
100000008754747100,terminal,0.72,6,0.3524,"Нет исходящих переводов на 3-м колене (обход не был искусственно прерван, глубина < 4) — получил 45,500 KZT от 1 плательщиков и удержал их.",1,0,45500.0,0.0,1,0,0.0002939796316557992,0.0,0.0,3,False,False,False,,1,False,False
100000008776720100,terminal,0.72,6,0.3042,"Нет исходящих переводов на 3-м колене (обход не был искусственно прерван, глубина < 4) — получил 26,150 KZT от 1 плательщиков и удержал их.",1,0,26150.0,0.0,1,0,0.00029094709073325446,0.0,0.0,3,False,False,False,,1,False,False
100000008576528100,terminal,0.72,3,0.2765,"Нет исходящих переводов на 3-м колене (обход не был искусственно прерван, глубина < 4) — получил 28,000 KZT от 1 плательщиков и удержал их.",1,0,28000.0,0.0,1,0,0.00028775987785806874,0.0,0.0,3,False,False,False,,1,False,False
100000004603109100,peripheral,0.5,24,0.6441,"Низкая активность в выборке: 3 вход. / 2 исход., 3,130,000 KZT суммарно, pass_through=0.15 — выраженных признаков роли не выявлено.",3,2,2730000.0,400000.0,8,2,0.0032273481702142,7.053954285539232e-07,0.14652014652014653,3,False,False,True,1.0,2,True,False
100000008721637100,peripheral,0.45,10,0.4004,"Низкая активность в выборке: 1 вход. / 2 исход., 151,041 KZT суммарно, pass_through=5.28 — выраженных признаков роли не выявлено.",1,2,24041.0,127000.0,1,2,0.00029175983908077616,7.457054577508867e-05,5.282642152988644,3,False,False,False,0.0,1,True,False
100000004491749100,terminal,0.72,10,0.4526,"Нет исходящих переводов на 3-м колене (обход не был искусственно прерван, глубина < 4) — получил 50,000 KZT от 1 плательщиков и удержал их.",1,0,50000.0,0.0,1,0,0.00035235241010430187,0.0,0.0,3,False,False,False,,1,False,False
100000005171642100,transit,0.86,10,0.7397,"Пропускает средства не удерживая: получил 696,800 KZT, отдал 683,600 KZT (0.98x) от 2 плательщиков 1 получателям, медианная задержка 7 дн..",2,1,696800.0,683600.0,5,4,0.0028280471273330193,4.0308310203081327e-07,0.9810562571756601,3,False,False,True,7.0,1,False,False
100000008682426100,terminal,0.72,13,0.3035,"Нет исходящих переводов на 3-м колене (обход не был искусственно прерван, глубина < 4) — получил 20,000 KZT от 1 плательщиков и удержал их.",1,0,20000.0,0.0,1,0,0.00029252996306147164,0.0,0.0,3,False,False,False,,1,False,False
100000006209210100,terminal,0.72,9,0.5183,"Нет исходящих переводов на 3-м колене (обход не был искусственно прерван, глубина < 4) — получил 229,111 KZT от 1 плательщиков и удержал их.",1,0,229111.0,0.0,1,0,0.00036239218962543673,0.0,0.0,3,False,False,False,,1,False,False
100000003888527100,terminal,0.72,36,0.4369,"Нет исходящих переводов на 3-м колене (обход не был искусственно прерван, глубина < 4) — получил 30,000 KZT от 1 плательщиков и удержал их.",1,0,30000.0,0.0,1,0,0.000368288190661015,0.0,0.0,3,False,False,False,,1,False,False
100000008490127100,peripheral,0.5,3,0.5075,"Низкая активность в выборке: 1 вход. / 6 исход., 1,354,755 KZT суммарно, pass_through=2.14 — выраженных признаков роли не выявлено.",1,6,431755.0,923000.0,2,9,0.00030089672715249917,0.00011729718269096666,2.137786476126507,3,False,False,False,,1,False,False
100000004336228100,terminal,0.72,2,0.3785,"Нет исходящих переводов на 3-м колене (обход не был искусственно прерван, глубина < 4) — получил 51,407 KZT от 1 плательщиков и удержал их.",1,0,51407.0,0.0,2,0,0.00029735004367745195,0.0,0.0,3,False,False,False,,1,False,False
100000006844004100,terminal,0.72,0,0.4636,"Нет исходящих переводов на 3-м колене (обход не был искусственно прерван, глубина < 4) — получил 20,600 KZT от 1 плательщиков и удержал их.",1,0,20600.0,0.0,1,0,0.0005478256591732767,0.0,0.0,3,False,False,False,,1,False,False
100000001688676100,terminal,0.72,19,0.4513,"Нет исходящих переводов на 3-м колене (обход не был искусственно прерван, глубина < 4) — получил 133,700 KZT от 1 плательщиков и удержал их.",1,0,133700.0,0.0,1,0,0.00030980873611673616,0.0,0.0,3,False,False,False,,1,False,False
100000008712036100,terminal,0.72,6,0.2855,"Нет исходящих переводов на 3-м колене (обход не был искусственно прерван, глубина < 4) — получил 21,000 KZT от 1 плательщиков и удержал их.",1,0,21000.0,0.0,1,0,0.0002901399803585203,0.0,0.0,3,False,False,False,,1,False,False
100000004697956100,transit,0.9,10,0.4745,"Пропускает средства не удерживая: получил 10,000 KZT, отдал 10,000 KZT (1.00x) от 1 плательщиков 1 получателям, медианная задержка 3 дн..",1,1,10000.0,10000.0,1,1,0.00047075822895587834,0.0,1.0,3,False,False,True,3.0,1,False,False
100000004921657100,peripheral,0.4,7,0.3656,"Низкая активность в выборке: 1 вход. / 1 исход., 30,490 KZT суммарно, pass_through=2.67 — выраженных признаков роли не выявлено.",1,1,8300.0,22190.0,1,1,0.0003628873834839632,0.0,2.6734939759036145,3,False,False,False,0.0,1,True,False
100000000408846100,terminal,0.72,27,0.3637,"Нет исходящих переводов на 3-м колене (обход не был искусственно прерван, глубина < 4) — получил 40,500 KZT от 1 плательщиков и удержал их.",1,0,40500.0,0.0,1,0,0.0002970441263454433,0.0,0.0,3,False,False,False,,1,False,False
100000003406094100,peripheral,0.5,4,0.5711,"Низкая активность в выборке: 1 вход. / 3 исход., 117,000 KZT суммарно, pass_through=0.67 — выраженных признаков роли не выявлено.",1,3,70000.0,47000.0,4,3,0.0007813132717932325,3.95021439990197e-05,0.6714285714285714,3,False,False,True,3.0,1,False,False
100000008695566100,terminal,0.72,6,0.3261,"Нет исходящих переводов на 3-м колене (обход не был искусственно прерван, глубина < 4) — получил 33,700 KZT от 1 плательщиков и удержал их.",1,0,33700.0,0.0,1,0,0.00029213033021466083,0.0,0.0,3,False,False,False,,1,False,False
100000005974542100,terminal,0.72,23,0.5138,"Нет исходящих переводов на 3-м колене (обход не был искусственно прерван, глубина < 4) — получил 94,500 KZT от 1 плательщиков и удержал их.",1,0,94500.0,0.0,3,0,0.00048585026228759374,0.0,0.0,3,False,False,False,,1,False,False
100000001887715100,peripheral,0.5,18,0.6383,"Низкая активность в выборке: 3 вход. / 1 исход., 2,081,500 KZT суммарно, pass_through=0.56 — выраженных признаков роли не выявлено.",3,1,1331500.0,750000.0,4,1,0.0007341091806669109,2.2975736815756357e-05,0.5632745024408562,3,False,False,False,0.0,3,True,True
100000002472632100,peripheral,0.45,26,0.6238,"Низкая активность в выборке: 2 вход. / 1 исход., 522,400 KZT суммарно, pass_through=0.04 — выраженных признаков роли не выявлено.",2,1,502400.0,20000.0,3,1,0.0009897621912287574,2.035569665255607e-05,0.03980891719745223,3,False,False,False,,1,False,False
100000004629688100,peripheral,0.4,15,0.3527,"Низкая активность в выборке: 1 вход. / 1 исход., 20,000 KZT суммарно, pass_through=3.00 — выраженных признаков роли не выявлено.",1,1,5000.0,15000.0,1,2,0.00038971515524088374,0.0,3.0,3,False,False,True,3.0,1,False,False
100000002459832100,terminal,0.74,2,0.5675,"Нет исходящих переводов на 3-м колене (обход не был искусственно прерван, глубина < 4) — получил 880,606 KZT от 2 плательщиков и удержал их.",2,0,880606.0,0.0,2,0,0.0003949083752008431,0.0,0.0,3,False,False,False,,1,False,False
100000006100920100,terminal,0.72,0,0.4673,"Нет исходящих переводов на 3-м колене (обход не был искусственно прерван, глубина < 4) — получил 100,000 KZT от 1 плательщиков и удержал их.",1,0,100000.0,0.0,1,0,0.000327956472876221,0.0,0.0,3,False,False,False,,1,False,False
100000001439416100,peripheral,0.45,0,0.5005,"Низкая активность в выборке: 1 вход. / 2 исход., 175,000 KZT суммарно, pass_through=16.50 — выраженных признаков роли не выявлено.",1,2,10000.0,165000.0,1,3,0.0003429500365866245,2.0154155101540664e-05,16.5,3,False,False,True,18.0,1,False,False
100000002121357100,peripheral,0.45,5,0.5167,"Низкая активность в выборке: 2 вход. / 1 исход., 368,300 KZT суммарно, pass_through=0.44 — выраженных признаков роли не выявлено.",2,1,255300.0,113000.0,2,1,0.0003277289071697353,2.1968029060679322e-05,0.4426165295730513,3,False,False,False,,1,False,False
100000002970466100,peripheral,0.45,0,0.3501,"Низкая активность в выборке: 1 вход. / 2 исход., 116,317 KZT суммарно, pass_through=3.99 — выраженных признаков роли не выявлено.",1,2,23317.0,93000.0,1,3,0.0002881675559531233,3.909906089698889e-05,3.9885062400823434,3,False,False,False,2.0,1,True,False
100000002581346100,terminal,0.72,3,0.3953,"Нет исходящих переводов на 3-м колене (обход не был искусственно прерван, глубина < 4) — получил 166,400 KZT от 1 плательщиков и удержал их.",1,0,166400.0,0.0,1,0,0.00029226295507655316,0.0,0.0,3,False,False,False,,1,False,False
100000008738658100,terminal,0.72,6,0.3148,"Нет исходящих переводов на 3-м колене (обход не был искусственно прерван, глубина < 4) — получил 29,920 KZT от 1 плательщиков и удержал их.",1,0,29920.0,0.0,1,0,0.0002915379268716521,0.0,0.0,3,False,False,False,,1,False,False
100000005910114100,distributor,0.48,0,0.8173,"Рассылает 19 получателям (1,469,993 KZT), получая лишь от 3 плательщиков — веерное распределение средств вниз по цепочке.",3,19,326144.0,1469993.0,3,56,0.00036323669634607506,0.005942296139206007,4.507190075549451,3,False,False,True,0.0,1,True,False
100000001046626100,terminal,0.72,3,0.3862,"Нет исходящих переводов на 3-м колене (обход не был искусственно прерван, глубина < 4) — получил 150,000 KZT от 1 плательщиков и удержал их.",1,0,150000.0,0.0,1,0,0.00029172935344083683,0.0,0.0,3,False,False,False,,1,False,False
100000006492770100,peripheral,0.4,0,0.4588,"Низкая активность в выборке: 1 вход. / 1 исход., 289,000 KZT суммарно, pass_through=0.07 — выраженных признаков роли не выявлено.",1,1,269000.0,20000.0,1,1,0.0003020622880717998,1.9549530448494444e-05,0.07434944237918216,3,False,False,False,1.0,1,True,False
100000001674850100,terminal,0.74,5,0.4843,"Нет исходящих переводов на 3-м колене (обход не был искусственно прерван, глубина < 4) — получил 237,000 KZT от 2 плательщиков и удержал их.",2,0,237000.0,0.0,2,0,0.0003154950296520022,0.0,0.0,3,False,False,False,,2,False,False
100000000860514100,peripheral,0.4,26,0.4193,"Низкая активность в выборке: 1 вход. / 1 исход., 62,000 KZT суммарно, pass_through=4.17 — выраженных признаков роли не выявлено.",1,1,12000.0,50000.0,1,1,0.00030765269629933725,2.035569665255607e-05,4.166666666666667,3,False,False,False,11.0,1,False,False
100000003650146100,terminal,0.72,4,0.3314,"Нет исходящих переводов на 3-м колене (обход не был искусственно прерван, глубина < 4) — получил 14,400 KZT от 1 плательщиков и удержал их.",1,0,14400.0,0.0,1,0,0.0003014670588081637,0.0,0.0,3,False,False,False,,1,False,False
100000001227106100,terminal,0.72,3,0.3943,"Нет исходящих переводов на 3-м колене (обход не был искусственно прерван, глубина < 4) — получил 164,765 KZT от 1 плательщиков и удержал их.",1,0,164765.0,0.0,1,0,0.00029220975759640703,0.0,0.0,3,False,False,False,,1,False,False
100000003647799100,terminal,0.72,3,0.3559,"Нет исходящих переводов на 3-м колене (обход не был искусственно прерван, глубина < 4) — получил 100,000 KZT от 1 плательщиков и удержал их.",1,0,100000.0,0.0,1,0,0.000290102519185604,0.0,0.0,3,False,False,False,,1,False,False
100000008293431100,peripheral,0.5,0,0.3897,"Низкая активность в выборке: 1 вход. / 5 исход., 312,000 KZT суммарно, pass_through=19.80 — выраженных признаков роли не выявлено.",1,5,15000.0,297000.0,1,7,0.00028818449144485067,5.784493799424015e-05,19.8,3,False,False,True,,1,False,False
100000002975287100,terminal,0.72,16,0.272,"Нет исходящих переводов на 3-м колене (обход не был искусственно прерван, глубина < 4) — получил 15,000 KZT от 1 плательщиков и удержал их.",1,0,15000.0,0.0,1,0,0.0002904870604974672,0.0,0.0,3,False,False,False,,1,False,False
100000008507703100,terminal,0.72,6,0.3117,"Нет исходящих переводов на 3-м колене (обход не был искусственно прерван, глубина < 4) — получил 28,500 KZT от 1 плательщиков и удержал их.",1,0,28500.0,0.0,1,0,0.000291315383816871,0.0,0.0,3,False,False,False,,1,False,False
100000001733687100,terminal,0.72,5,0.4777,"Нет исходящих переводов на 3-м колене (обход не был искусственно прерван, глубина < 4) — получил 300,000 KZT от 1 плательщиков и удержал их.",1,0,300000.0,0.0,1,0,0.00030799569583775816,0.0,0.0,3,False,False,False,,1,False,False
100000004552204100,peripheral,0.45,31,0.5125,"Низкая активность в выборке: 1 вход. / 2 исход., 32,500 KZT суммарно, pass_through=0.44 — выраженных признаков роли не выявлено.",1,2,22500.0,10000.0,2,2,0.0008681325584092661,2.0557238203571478e-05,0.4444444444444444,3,False,False,True,8.0,1,False,False
100000008223756100,terminal,0.74,2,0.5277,"Нет исходящих переводов на 3-м колене (обход не был искусственно прерван, глубина < 4) — получил 331,682 KZT от 2 плательщиков и удержал их.",2,0,331682.0,0.0,2,0,0.0003578467210306661,0.0,0.0,3,False,False,False,,1,False,False
100000002956769100,terminal,0.76,12,0.5635,"Нет исходящих переводов на 3-м колене (обход не был искусственно прерван, глубина < 4) — получил 840,000 KZT от 3 плательщиков и удержал их.",3,0,840000.0,0.0,3,0,0.00038648464359370327,0.0,0.0,3,False,False,False,,3,False,True
100000008555233100,terminal,0.72,18,0.5408,"Нет исходящих переводов на 3-м колене (обход не был искусственно прерван, глубина < 4) — получил 440,600 KZT от 1 плательщиков и удержал их.",1,0,440600.0,0.0,1,0,0.00036501805850886376,0.0,0.0,3,False,False,False,,1,False,False
100000002346166100,terminal,0.72,6,0.226,"Нет исходящих переводов на 3-м колене (обход не был искусственно прерван, глубина < 4) — получил 6,000 KZT от 1 плательщиков и удержал их.",1,0,6000.0,0.0,1,0,0.0002877891734418189,0.0,0.0,3,False,False,False,,1,False,False
100000000878006100,terminal,0.72,3,0.3042,"Нет исходящих переводов на 3-м колене (обход не был искусственно прерван, глубина < 4) — получил 47,003 KZT от 1 плательщиков и удержал их.",1,0,47003.0,0.0,1,0,0.0002883781724851125,0.0,0.0,3,False,False,False,,1,False,False
100000004997515100,peripheral,0.5,5,0.5523,"Низкая активность в выборке: 4 вход. / 4 исход., 449,500 KZT суммарно, pass_through=0.14 — выраженных признаков роли не выявлено.",4,4,395000.0,54500.0,4,4,0.0003581975797066338,9.10967810589638e-05,0.1379746835443038,3,False,False,False,6.5,1,False,False
100000007653003100,terminal,0.72,16,0.426,"Нет исходящих переводов на 3-м колене (обход не был искусственно прерван, глубина < 4) — получил 100,000 KZT от 1 плательщиков и удержал их.",1,0,100000.0,0.0,1,0,0.00030265364845099977,0.0,0.0,3,False,False,False,,1,False,False
100000000661131100,terminal,0.72,6,0.2599,"Нет исходящих переводов на 3-м колене (обход не был искусственно прерван, глубина < 4) — получил 15,600 KZT от 1 плательщиков и удержал их.",1,0,15600.0,0.0,1,0,0.0002892936898685078,0.0,0.0,3,False,False,False,,1,False,False
100000003880331100,distributor,0.42,2,0.771,"Рассылает 16 получателям (3,904,908 KZT), получая лишь от 1 плательщиков — веерное распределение средств вниз по цепочке.",1,16,100000.0,3904908.0,1,31,0.00030902697667828963,0.0006709554372408003,39.04908,3,False,False,True,0.0,1,True,False
100000003204491100,peripheral,0.4,0,0.4425,"Низкая активность в выборке: 1 вход. / 1 исход., 240,000 KZT суммарно, pass_through=0.71 — выраженных признаков роли не выявлено.",1,1,140000.0,100000.0,1,2,0.0002993148311924534,1.9549530448494444e-05,0.7142857142857143,3,False,False,False,0.0,1,True,False
100000008463968100,terminal,0.72,6,0.2387,"Нет исходящих переводов на 3-м колене (обход не был искусственно прерван, глубина < 4) — получил 10,000 KZT от 1 плательщиков и удержал их.",1,0,10000.0,0.0,1,0,0.00028841605528627263,0.0,0.0,3,False,False,False,,1,False,False
100000002712416100,terminal,0.74,12,0.4357,"Нет исходящих переводов на 3-м колене (обход не был искусственно прерван, глубина < 4) — получил 116,800 KZT от 2 плательщиков и удержал их.",2,0,116800.0,0.0,2,0,0.00030400938066691465,0.0,0.0,3,False,False,False,,1,False,False
100000008754997100,terminal,0.72,6,0.2718,"Нет исходящих переводов на 3-м колене (обход не был искусственно прерван, глубина < 4) — получил 18,000 KZT от 1 плательщиков и удержал их.",1,0,18000.0,0.0,1,0,0.00028966981897518004,0.0,0.0,3,False,False,False,,1,False,False
100000008011573100,terminal,0.72,16,0.272,"Нет исходящих переводов на 3-м колене (обход не был искусственно прерван, глубина < 4) — получил 15,000 KZT от 1 плательщиков и удержал их.",1,0,15000.0,0.0,1,0,0.0002904870604974672,0.0,0.0,3,False,False,False,,1,False,False
100000003178549100,peripheral,0.5,16,0.5462,"Низкая активность в выборке: 2 вход. / 4 исход., 339,080 KZT суммарно, pass_through=0.36 — выраженных признаков роли не выявлено.",2,4,250000.0,89080.0,2,4,0.00035371176919947423,0.0002767840802060048,0.35632,3,False,False,True,,1,False,False
100000000534581100,peripheral,0.45,2,0.4085,"Низкая активность в выборке: 2 вход. / 1 исход., 95,960 KZT суммарно, pass_through=0.71 — выраженных признаков роли не выявлено.",2,1,55960.0,40000.0,2,1,0.0002997848580850599,1.9549530448494444e-05,0.7147962830593281,3,False,False,False,5.0,1,False,False
100000007138613100,peripheral,0.5,0,0.5637,"Низкая активность в выборке: 3 вход. / 2 исход., 1,181,000 KZT суммарно, pass_through=0.18 — выраженных признаков роли не выявлено.",3,2,1002000.0,179000.0,3,2,0.000355738630497913,3.95021439990197e-05,0.17864271457085829,3,False,False,False,,1,False,False
100000002380341100,terminal,0.72,0,0.4195,"Нет исходящих переводов на 3-м колене (обход не был искусственно прерван, глубина < 4) — получил 57,566 KZT от 1 плательщиков и удержал их.",1,0,57566.4,0.0,1,0,0.0003105130289019024,0.0,0.0,3,False,False,False,,1,False,False
100000008309514100,terminal,0.72,6,0.267,"Нет исходящих переводов на 3-м колене (обход не был искусственно прерван, глубина < 4) — получил 17,200 KZT от 1 плательщиков и удержал их.",1,0,17200.0,0.0,1,0,0.00028954444260628927,0.0,0.0,3,False,False,False,,1,False,False
100000003134474100,terminal,0.72,3,0.368,"Нет исходящих переводов на 3-м колене (обход не был искусственно прерван, глубина < 4) — получил 116,000 KZT от 1 плательщиков и удержал их.",1,0,116000.0,0.0,1,0,0.00029062310614727847,0.0,0.0,3,False,False,False,,1,False,False
100000002373386100,terminal,0.72,6,0.2955,"Нет исходящих переводов на 3-м колене (обход не был искусственно прерван, глубина < 4) — получил 24,000 KZT от 1 плательщиков и удержал их.",1,0,24000.0,0.0,1,0,0.0002906101417418606,0.0,0.0,3,False,False,False,,1,False,False
100000008684767100,terminal,0.72,6,0.3202,"Нет исходящих переводов на 3-м колене (обход не был искусственно прерван, глубина < 4) — получил 31,100 KZT от 1 плательщиков и удержал их.",1,0,31100.0,0.0,1,0,0.0002917228570157659,0.0,0.0,3,False,False,False,,1,False,False
100000008332511100,terminal,0.72,10,0.5655,"Нет исходящих переводов на 3-м колене (обход не был искусственно прерван, глубина < 4) — получил 100,000 KZT от 1 плательщиков и удержал их.",1,0,100000.0,0.0,1,0,0.001117302494274807,0.0,0.0,3,False,False,False,,1,False,False
100000005754335100,terminal,0.72,36,0.4651,"Нет исходящих переводов на 3-м колене (обход не был искусственно прерван, глубина < 4) — получил 44,037 KZT от 1 плательщиков и удержал их.",1,0,44037.0,0.0,1,0,0.00040639365784040667,0.0,0.0,3,False,False,False,,1,False,False
100000008547295100,terminal,0.72,10,0.4537,"Нет исходящих переводов на 3-м колене (обход не был искусственно прерван, глубина < 4) — получил 15,000 KZT от 1 плательщиков и удержал их.",1,0,15000.0,0.0,1,0,0.0005653061415069476,0.0,0.0,3,False,False,False,,1,False,False
100000001875167100,terminal,0.72,3,0.5278,"Нет исходящих переводов на 3-м колене (обход не был искусственно прерван, глубина < 4) — получил 1,000,000 KZT от 1 плательщиков и удержал их.",1,0,1000000.0,0.0,2,0,0.00031938553577979455,0.0,0.0,3,False,False,False,,1,False,False
100000004670388100,peripheral,0.45,50,0.5899,"Низкая активность в выборке: 1 вход. / 2 исход., 880,354 KZT суммарно, pass_through=4.49 — выраженных признаков роли не выявлено.",1,2,160354.0,720000.0,1,4,0.0005162096537647661,1.9952613550525257e-05,4.490065729573319,3,False,False,True,0.0,1,True,False
100000004097972100,peripheral,0.45,0,0.4718,"Низкая активность в выборке: 1 вход. / 2 исход., 128,878 KZT суммарно, pass_through=0.08 — выраженных признаков роли не выявлено.",1,2,118878.0,10000.0,1,2,0.000317983272038238,3.909906089698889e-05,0.0841198539679335,3,False,False,False,0.0,1,True,False
100000000481716100,terminal,0.72,8,0.3894,"Нет исходящих переводов на 3-м колене (обход не был искусственно прерван, глубина < 4) — получил 8,000 KZT от 1 плательщиков и удержал их.",1,0,8000.0,0.0,1,0,0.000378813732980389,0.0,0.0,3,False,False,False,,1,False,False
100000005089460100,terminal,0.72,6,0.2477,"Нет исходящих переводов на 3-м колене (обход не был искусственно прерван, глубина < 4) — получил 12,300 KZT от 1 плательщиков и удержал их.",1,0,12300.0,0.0,1,0,0.0002887765123468335,0.0,0.0,3,False,False,False,,1,False,False
100000003105929100,peripheral,0.4,3,0.4758,"Низкая активность в выборке: 1 вход. / 1 исход., 585,921 KZT суммарно, pass_through=0.36 — выраженных признаков роли не выявлено.",1,1,429567.0,156354.0,2,1,0.0003008255368854902,1.9549530448494444e-05,0.3639804733603838,3,False,False,False,,1,False,False
100000008379273100,transit,0.79,8,0.5305,"Пропускает средства не удерживая: получил 36,000 KZT, отдал 38,000 KZT (1.06x) от 2 плательщиков 4 получателям, медианная задержка 8 дн..",2,4,36000.0,38000.0,2,4,0.00030035218673025706,0.0017296485181564234,1.0555555555555556,3,False,False,False,8.5,1,False,False
100000005357705100,peripheral,0.5,2,0.4716,"Низкая активность в выборке: 1 вход. / 4 исход., 439,675 KZT суммарно, pass_through=7.36 — выраженных признаков роли не выявлено.",1,4,52595.0,387080.0,1,5,0.00029759272302631005,7.819812179397777e-05,7.35963494628767,3,False,False,False,0.0,1,True,False
100000003111305100,terminal,0.78,10,0.5606,"Нет исходящих переводов на 3-м колене (обход не был искусственно прерван, глубина < 4) — получил 509,338 KZT от 4 плательщиков и удержал их.",4,0,509338.0,0.0,4,0,0.0004054032372561779,0.0,0.0,3,False,False,False,,2,False,False
100000008503177100,terminal,0.72,2,0.3385,"Нет исходящих переводов на 3-м колене (обход не был искусственно прерван, глубина < 4) — получил 33,951 KZT от 1 плательщиков и удержал их.",1,0,33951.0,0.0,1,0,0.0002937842097433888,0.0,0.0,3,False,False,False,,1,False,False
100000000955529100,peripheral,0.4,7,0.3911,"Низкая активность в выборке: 1 вход. / 1 исход., 90,500 KZT суммарно, pass_through=2.35 — выраженных признаков роли не выявлено.",1,1,27000.0,63500.0,1,1,0.0002969507155939977,3.426206367261913e-06,2.3518518518518516,3,False,False,False,7.0,1,False,False
100000008695689100,terminal,0.72,6,0.3055,"Нет исходящих переводов на 3-м колене (обход не был искусственно прерван, глубина < 4) — получил 26,200 KZT от 1 плательщиков и удержал их.",1,0,26200.0,0.0,1,0,0.0002909549267563101,0.0,0.0,3,False,False,False,,1,False,False
100000004184158100,terminal,0.72,0,0.4599,"Нет исходящих переводов на 3-м колене (обход не был искусственно прерван, глубина < 4) — получил 203,805 KZT от 1 плательщиков и удержал их.",1,0,203805.0,0.0,1,0,0.0003049962018132197,0.0,0.0,3,False,False,False,,1,False,False
100000005475379100,peripheral,0.5,11,0.5419,"Низкая активность в выборке: 1 вход. / 3 исход., 189,370 KZT суммарно, pass_through=0.75 — выраженных признаков роли не выявлено.",1,3,108370.0,81000.0,1,3,0.00042347914866647463,6.650871183508418e-05,0.7474393282273692,3,False,False,False,9.0,1,False,False
100000003093299100,terminal,0.72,0,0.2457,"Нет исходящих переводов на 3-м колене (обход не был искусственно прерван, глубина < 4) — получил 15,000 KZT от 1 плательщиков и удержал их.",1,0,15000.0,0.0,1,0,0.00028769718361547266,0.0,0.0,3,False,False,False,,1,False,False
100000008767027100,terminal,0.72,18,0.2204,"Нет исходящих переводов на 3-м колене (обход не был искусственно прерван, глубина < 4) — получил 5,000 KZT от 1 плательщиков и удержал их.",1,0,5000.0,0.0,1,0,0.00028761570267189123,0.0,0.0,3,False,False,False,,1,False,False
100000004539443100,terminal,0.74,7,0.5431,"Нет исходящих переводов на 3-м колене (обход не был искусственно прерван, глубина < 4) — получил 61,990 KZT от 2 плательщиков и удержал их.",2,0,61990.0,0.0,2,0,0.0009602399360267059,0.0,0.0,3,False,False,False,,2,False,False
100000007863304100,terminal,0.72,3,0.2696,"Нет исходящих переводов на 3-м колене (обход не был искусственно прерван, глубина < 4) — получил 25,000 KZT от 1 плательщиков и удержал их.",1,0,25000.0,0.0,1,0,0.0002876622678027548,0.0,0.0,3,False,False,False,,1,False,False
100000004959752100,terminal,0.72,2,0.4875,"Нет исходящих переводов на 3-м колене (обход не был искусственно прерван, глубина < 4) — получил 22,200 KZT от 1 плательщиков и удержал их.",1,0,22200.0,0.0,1,0,0.0007881862548134622,0.0,0.0,3,False,False,False,,1,False,False
100000002214664100,peripheral,0.4,6,0.3174,"Низкая активность в выборке: 1 вход. / 1 исход., 84,900 KZT суммарно, pass_through=9.68 — выраженных признаков роли не выявлено.",1,1,7950.0,76950.0,1,2,0.0002880947783409901,1.4107908571078464e-06,9.679245283018869,3,False,False,False,0.0,1,True,False
100000008192264100,transit,0.59,3,0.521,"Пропускает средства не удерживая: получил 162,810 KZT, отдал 187,910 KZT (1.15x) от 1 плательщиков 1 получателям, медианная задержка 0 дн..",1,1,162810.0,187910.0,1,2,0.0002921461483770275,1.9549530448494444e-05,1.1541674344327744,3,False,False,False,0.0,1,True,False
100000000942301100,terminal,0.72,0,0.4008,"Нет исходящих переводов на 3-м колене (обход не был искусственно прерван, глубина < 4) — получил 57,580 KZT от 1 плательщиков и удержал их.",1,0,57580.0,0.0,2,0,0.00030192918498499617,0.0,0.0,3,False,False,False,,1,False,False
100000002578653100,terminal,0.72,40,0.3714,"Нет исходящих переводов на 3-м колене (обход не был искусственно прерван, глубина < 4) — получил 20,000 KZT от 1 плательщиков и удержал их.",1,0,20000.0,0.0,1,0,0.0003126975226362902,0.0,0.0,3,False,False,False,,1,False,False
100000002511581100,terminal,0.72,6,0.2694,"Нет исходящих переводов на 3-м колене (обход не был искусственно прерван, глубина < 4) — получил 17,600 KZT от 1 плательщиков и удержал их.",1,0,17600.0,0.0,1,0,0.0002896071307907347,0.0,0.0,3,False,False,False,,1,False,False
100000005610717100,peripheral,0.5,0,0.5404,"Низкая активность в выборке: 4 вход. / 1 исход., 749,700 KZT суммарно, pass_through=0.55 — выраженных признаков роли не выявлено.",4,1,484500.0,265200.0,6,7,0.000346058788021741,1.9549530448494444e-05,0.5473684210526316,3,False,False,False,0.0,1,True,False
100000005704413100,distributor,0.72,8,0.8724,"Рассылает 32 получателям (1,363,593 KZT), получая лишь от 3 плательщиков — веерное распределение средств вниз по цепочке.",3,32,97834.67,1363593.0,4,35,0.0006022795556250632,0.0026066620186428113,13.9377278014021,3,False,False,True,0.0,2,True,False
100000000976943100,transit,0.5,11,0.6178,"Пропускает средства не удерживая: получил 70,000 KZT, отдал 84,000 KZT (1.20x) от 1 плательщиков 1 получателям, медианная задержка 0 дн..",1,1,70000.0,84000.0,1,3,0.0003751031725298356,2.216957061169473e-05,1.2,3,False,False,False,0.0,1,True,False
100000008708061100,terminal,0.72,6,0.2336,"Нет исходящих переводов на 3-м колене (обход не был искусственно прерван, глубина < 4) — получил 8,650 KZT от 1 плательщиков и удержал их.",1,0,8650.0,0.0,1,0,0.00028820448266376954,0.0,0.0,3,False,False,False,,1,False,False
100000003986141100,terminal,0.72,16,0.2263,"Нет исходящих переводов на 3-м колене (обход не был искусственно прерван, глубина < 4) — получил 5,286 KZT от 1 плательщиков и удержал их.",1,0,5286.32,0.0,1,0,0.00028813103343166993,0.0,0.0,3,False,False,False,,1,False,False
100000005037490100,peripheral,0.45,14,0.4271,"Низкая активность в выборке: 1 вход. / 2 исход., 45,000 KZT суммарно, pass_through=2.00 — выраженных признаков роли не выявлено.",1,2,15000.0,30000.0,1,3,0.0003246359309351921,1.975107199950985e-05,2.0,3,False,False,True,0.0,1,True,False
100000004257714100,terminal,0.72,6,0.3679,"Нет исходящих переводов на 3-м колене (обход не был искусственно прерван, глубина < 4) — получил 52,220 KZT от 1 плательщиков и удержал их.",1,0,52220.0,0.0,1,0,0.00029503279315448147,0.0,0.0,3,False,False,False,,1,False,False
100000000569479100,terminal,0.72,0,0.5428,"Нет исходящих переводов на 3-м колене (обход не был искусственно прерван, глубина < 4) — получил 320,000 KZT от 1 плательщиков и удержал их.",1,0,320000.0,0.0,1,0,0.000396692946728047,0.0,0.0,3,False,False,False,,1,False,False
100000007303047100,terminal,0.72,6,0.3684,"Нет исходящих переводов на 3-м колене (обход не был искусственно прерван, глубина < 4) — получил 52,250 KZT от 1 плательщиков и удержал их.",1,0,52250.0,0.0,1,0,0.00029503749476831486,0.0,0.0,3,False,False,False,,1,False,False
100000008708743100,terminal,0.72,6,0.2594,"Нет исходящих переводов на 3-м колене (обход не был искусственно прерван, глубина < 4) — получил 15,550 KZT от 1 плательщиков и удержал их.",1,0,15550.0,0.0,1,0,0.00028928585384545215,0.0,0.0,3,False,False,False,,1,False,False
100000008745863100,terminal,0.72,6,0.29,"Нет исходящих переводов на 3-м колене (обход не был искусственно прерван, глубина < 4) — получил 22,900 KZT от 1 плательщиков и удержал их.",1,0,22900.0,0.0,1,0,0.0002904377492346358,0.0,0.0,3,False,False,False,,1,False,False
100000005048668100,peripheral,0.5,2,0.3951,"Низкая активность в выборке: 2 вход. / 8 исход., 176,068 KZT суммарно, pass_through=9.56 — выраженных признаков роли не выявлено.",2,8,16668.0,159400.0,2,11,0.00028983991163194595,0.0006654963705465763,9.563234941204703,3,False,False,True,1.5,1,True,False
100000006522972100,terminal,0.72,3,0.3286,"Нет исходящих переводов на 3-м колене (обход не был искусственно прерван, глубина < 4) — получил 9,515 KZT от 1 плательщиков и удержал их.",1,0,9515.0,0.0,1,0,0.00030466390456561755,0.0,0.0,3,False,False,False,,1,False,False
100000008759857100,peripheral,0.45,18,0.3954,"Низкая активность в выборке: 1 вход. / 2 исход., 999,000 KZT суммарно, pass_through=198.80 — выраженных признаков роли не выявлено.",1,2,5000.0,994000.0,1,3,0.00028761570267189123,7.425046665186647e-06,198.8,3,False,False,False,3.0,1,False,False
100000005342513100,peripheral,0.4,1,0.531,"Низкая активность в выборке: 1 вход. / 1 исход., 265,000 KZT суммарно, pass_through=0.13 — выраженных признаков роли не выявлено.",1,1,235000.0,30000.0,2,1,0.0011030662406570182,0.0,0.1276595744680851,3,False,False,True,0.0,1,True,False
100000004750897100,terminal,0.72,15,0.4184,"Нет исходящих переводов на 3-м колене (обход не был искусственно прерван, глубина < 4) — получил 10,000 KZT от 1 плательщиков и удержал их.",1,0,10000.0,0.0,1,0,0.0004925814598066292,0.0,0.0,3,False,False,False,,1,False,False
100000001140785100,terminal,0.74,5,0.4833,"Нет исходящих переводов на 3-м колене (обход не был искусственно прерван, глубина < 4) — получил 215,000 KZT от 2 плательщиков и удержал их.",2,0,215000.0,0.0,2,0,0.00031675353054066904,0.0,0.0,3,False,False,False,,2,False,False
100000002821425100,terminal,0.72,12,0.4518,"Нет исходящих переводов на 3-м колене (обход не был искусственно прерван, глубина < 4) — получил 275,000 KZT от 1 плательщиков и удержал их.",1,0,275000.0,0.0,1,0,0.0003000019601098743,0.0,0.0,3,False,False,False,,1,False,False
100000003221510100,peripheral,0.45,0,0.3571,"Низкая активность в выборке: 1 вход. / 2 исход., 144,000 KZT суммарно, pass_through=5.00 — выраженных признаков роли не выявлено.",1,2,24000.0,120000.0,1,3,0.00028820618337967326,3.909906089698889e-05,5.0,3,False,False,False,,1,False,False
100000003031003100,terminal,0.76,12,0.4846,"Нет исходящих переводов на 3-м колене (обход не был искусственно прерван, глубина < 4) — получил 280,090 KZT от 3 плательщиков и удержал их.",3,0,280090.0,0.0,3,0,0.0003128878462726621,0.0,0.0,3,False,False,False,,2,False,False
100000003060187100,terminal,0.72,19,0.4225,"Нет исходящих переводов на 3-м колене (обход не был искусственно прерван, глубина < 4) — получил 93,046 KZT от 1 плательщиков и удержал их.",1,0,93046.0,0.0,1,0,0.0003028273510550853,0.0,0.0,3,False,False,False,,1,False,False
100000008718811100,terminal,0.72,6,0.3958,"Нет исходящих переводов на 3-м колене (обход не был искусственно прерван, глубина < 4) — получил 73,300 KZT от 1 плательщиков и удержал их.",1,0,73300.0,0.0,1,0,0.0002983364604747525,0.0,0.0,3,False,False,False,,1,False,False
100000008043184100,terminal,0.72,16,0.3649,"Нет исходящих переводов на 3-м колене (обход не был искусственно прерван, глубина < 4) — получил 50,564 KZT от 1 плательщиков и удержал их.",1,0,50564.0,0.0,1,0,0.00029484038862252494,0.0,0.0,3,False,False,False,,1,False,False
100000002530224100,terminal,0.72,5,0.3858,"Нет исходящих переводов на 3-м колене (обход не был искусственно прерван, глубина < 4) — получил 113,000 KZT от 1 плательщиков и удержал их.",1,0,113000.0,0.0,1,0,0.00029269517335631237,0.0,0.0,3,False,False,False,,1,False,False
100000008754608100,terminal,0.72,6,0.2477,"Нет исходящих переводов на 3-м колене (обход не был искусственно прерван, глубина < 4) — получил 12,300 KZT от 1 плательщиков и удержал их.",1,0,12300.0,0.0,1,0,0.0002887765123468335,0.0,0.0,3,False,False,False,,1,False,False
100000006989232100,terminal,0.72,0,0.2722,"Нет исходящих переводов на 3-м колене (обход не был искусственно прерван, глубина < 4) — получил 22,194 KZT от 1 плательщиков и удержал их.",1,0,22194.0,0.0,1,0,0.0002888250647580047,0.0,0.0,3,False,False,False,,1,False,False
100000006532229100,terminal,0.72,5,0.4258,"Нет исходящих переводов на 3-м колене (обход не был искусственно прерван, глубина < 4) — получил 105,000 KZT от 1 плательщиков и удержал их.",1,0,105000.0,0.0,1,0,0.00030197928748762243,0.0,0.0,3,False,False,False,,1,False,False
100000005661829100,transit,0.76,19,0.468,"Пропускает средства не удерживая: получил 37,790 KZT, отдал 40,362 KZT (1.07x) от 1 плательщиков 2 получателям, медианная задержка 0 дн..",1,2,37790.0,40362.0,1,4,0.00029333840991850396,2.267401255398294e-06,1.0680603334215402,3,False,False,False,0.0,1,True,False
100000004553349100,terminal,0.72,3,0.3153,"Нет исходящих переводов на 3-м колене (обход не был искусственно прерван, глубина < 4) — получил 7,755 KZT от 1 плательщиков и удержал их.",1,0,7755.0,0.0,1,0,0.0003013686344818295,0.0,0.0,3,False,False,False,,1,False,False
100000002945626100,terminal,0.76,5,0.5356,"Нет исходящих переводов на 3-м колене (обход не был искусственно прерван, глубина < 4) — получил 584,000 KZT от 3 плательщиков и удержал их.",3,0,584000.0,0.0,3,0,0.00033926568679462426,0.0,0.0,3,False,False,False,,2,False,False
100000008775471100,terminal,0.72,18,0.5469,"Нет исходящих переводов на 3-м колене (обход не был искусственно прерван, глубина < 4) — получил 580,000 KZT от 1 плательщиков и удержал их.",1,0,580000.0,0.0,2,0,0.00035996546736887446,0.0,0.0,3,False,False,False,,1,False,False
100000000404740100,terminal,0.33,26,0.477,"Обрыв обхода на 4-м колене: исходящие за пределами выборки не видны. Получил 25,000 KZT от 1 плательщиков — возможный, но не подтверждённый конечный получатель.",1,0,25000.0,0.0,1,0,0.0005604163568367298,0.0,0.0,4,False,True,False,,1,False,False
100000004268036100,terminal,0.33,8,0.2423,"Обрыв обхода на 4-м колене: исходящие за пределами выборки не видны. Получил 5,500 KZT от 1 плательщиков — возможный, но не подтверждённый конечный получатель.",1,0,5500.0,0.0,1,0,0.0002898046971760584,0.0,0.0,4,False,True,False,,1,False,False
100000001256409100,terminal,0.33,2,0.431,"Обрыв обхода на 4-м колене: исходящие за пределами выборки не видны. Получил 8,000 KZT от 1 плательщиков — возможный, но не подтверждённый конечный получатель.",1,0,8000.0,0.0,1,0,0.0005495538621161617,0.0,0.0,4,False,True,False,,1,False,False
100000005360814100,terminal,0.33,2,0.5217,"Обрыв обхода на 4-м колене: исходящие за пределами выборки не видны. Получил 144,000 KZT от 1 плательщиков — возможный, но не подтверждённый конечный получатель.",1,0,144000.0,0.0,3,0,0.00043559649267614604,0.0,0.0,4,False,True,False,,1,False,False
100000002369454100,terminal,0.33,2,0.4445,"Обрыв обхода на 4-м колене: исходящие за пределами выборки не видны. Получил 25,000 KZT от 1 плательщиков — возможный, но не подтверждённый конечный получатель.",1,0,25000.0,0.0,1,0,0.0004307604037600737,0.0,0.0,4,False,True,False,,1,False,False
100000004272302100,terminal,0.33,40,0.2437,"Обрыв обхода на 4-м колене: исходящие за пределами выборки не видны. Получил 10,000 KZT от 1 плательщиков — возможный, но не подтверждённый конечный получатель.",1,0,10000.0,0.0,1,0,0.00028902455702792176,0.0,0.0,4,False,True,False,,1,False,False
100000008727982100,terminal,0.33,10,0.4678,"Обрыв обхода на 4-м колене: исходящие за пределами выборки не видны. Получил 30,000 KZT от 1 плательщиков — возможный, но не подтверждённый конечный получатель.",1,0,30000.0,0.0,2,0,0.0005161702905370309,0.0,0.0,4,False,True,False,,1,False,False
100000000600707100,terminal,0.33,34,0.5364,"Обрыв обхода на 4-м колене: исходящие за пределами выборки не видны. Получил 89,000 KZT от 1 плательщиков — возможный, но не подтверждённый конечный получатель.",1,0,89000.0,0.0,2,0,0.0005726088761598887,0.0,0.0,4,False,True,False,,1,False,False
100000004500781100,terminal,0.33,13,0.5387,"Обрыв обхода на 4-м колене: исходящие за пределами выборки не видны. Получил 74,000 KZT от 1 плательщиков — возможный, но не подтверждённый конечный получатель.",1,0,74000.0,0.0,5,0,0.0006837336338697898,0.0,0.0,4,False,True,False,,1,False,False
100000008703533100,terminal,0.33,5,0.3901,"Обрыв обхода на 4-м колене: исходящие за пределами выборки не видны. Получил 75,000 KZT от 1 плательщиков — возможный, но не подтверждённый конечный получатель.",1,0,75000.0,0.0,1,0,0.0002968487874783173,0.0,0.0,4,False,True,False,,1,False,False
100000004549591100,terminal,0.33,37,0.4792,"Обрыв обхода на 4-м колене: исходящие за пределами выборки не видны. Получил 49,000 KZT от 1 плательщиков — возможный, но не подтверждённый конечный получатель.",1,0,49000.0,0.0,1,0,0.00044625604853705054,0.0,0.0,4,False,True,False,,1,False,False
100000002700161100,terminal,0.33,49,0.5193,"Обрыв обхода на 4-м колене: исходящие за пределами выборки не видны. Получил 39,000 KZT от 1 плательщиков — возможный, но не подтверждённый конечный получатель.",1,0,39000.0,0.0,1,0,0.0009064127928751029,0.0,0.0,4,False,True,False,,1,False,False
100000003134550100,terminal,0.33,5,0.4158,"Обрыв обхода на 4-м колене: исходящие за пределами выборки не видны. Получил 100,000 KZT от 1 плательщиков — возможный, но не подтверждённый конечный получатель.",1,0,100000.0,0.0,1,0,0.00030018209974604364,0.0,0.0,4,False,True,False,,1,False,False
100000001957974100,terminal,0.33,13,0.5187,"Обрыв обхода на 4-м колене: исходящие за пределами выборки не видны. Получил 500,000 KZT от 1 плательщиков — возможный, но не подтверждённый конечный получатель.",1,0,500000.0,0.0,1,0,0.0003215701793309766,0.0,0.0,4,False,True,False,,1,False,False
100000001246806100,terminal,0.33,5,0.5381,"Обрыв обхода на 4-м колене: исходящие за пределами выборки не видны. Получил 130,000 KZT от 1 плательщиков — возможный, но не подтверждённый конечный получатель.",1,0,130000.0,0.0,1,0,0.000535310934123788,0.0,0.0,4,False,True,False,,1,False,False
100000003622955100,terminal,0.33,11,0.4799,"Обрыв обхода на 4-м колене: исходящие за пределами выборки не видны. Получил 15,000 KZT от 1 плательщиков — возможный, но не подтверждённый конечный получатель.",1,0,15000.0,0.0,1,0,0.0013392360951323822,0.0,0.0,4,False,True,False,,1,False,False
100000003692843100,terminal,0.33,48,0.582,"Обрыв обхода на 4-м колене: исходящие за пределами выборки не видны. Получил 510,000 KZT от 1 плательщиков — возможный, но не подтверждённый конечный получатель.",1,0,510000.0,0.0,2,0,0.0005318067920204759,0.0,0.0,4,False,True,False,,1,False,False
100000008629504100,terminal,0.33,0,0.3527,"Обрыв обхода на 4-м колене: исходящие за пределами выборки не видны. Получил 20,000 KZT от 1 плательщиков — возможный, но не подтверждённый конечный получатель.",1,0,20000.0,0.0,1,0,0.00030336003181306723,0.0,0.0,4,False,True,False,,1,False,False
100000005621418100,terminal,0.33,27,0.3864,"Обрыв обхода на 4-м колене: исходящие за пределами выборки не видны. Получил 30,000 KZT от 1 плательщиков — возможный, но не подтверждённый конечный получатель.",1,0,30000.0,0.0,1,0,0.0003091915026361626,0.0,0.0,4,False,True,False,,1,False,False
100000004167082100,terminal,0.33,14,0.4046,"Обрыв обхода на 4-м колене: исходящие за пределами выборки не видны. Получил 13,300 KZT от 1 плательщиков — возможный, но не подтверждённый конечный получатель.",1,0,13300.0,0.0,1,0,0.00038661659904842404,0.0,0.0,4,False,True,False,,1,False,False
100000004379306100,terminal,0.33,2,0.4401,"Обрыв обхода на 4-м колене: исходящие за пределами выборки не видны. Получил 15,000 KZT от 1 плательщиков — возможный, но не подтверждённый конечный получатель.",1,0,15000.0,0.0,1,0,0.0005343806771430133,0.0,0.0,4,False,True,False,,1,False,False
100000004856746100,terminal,0.33,20,0.3462,"Обрыв обхода на 4-м колене: исходящие за пределами выборки не видны. Получил 20,000 KZT от 1 плательщиков — возможный, но не подтверждённый конечный получатель.",1,0,20000.0,0.0,1,0,0.000301380945887218,0.0,0.0,4,False,True,False,,1,False,False
100000004891562100,terminal,0.33,8,0.4798,"Обрыв обхода на 4-м колене: исходящие за пределами выборки не видны. Получил 103,400 KZT от 1 плательщиков — возможный, но не подтверждённый конечный получатель.",1,0,103400.0,0.0,1,0,0.00034241876489243583,0.0,0.0,4,False,True,False,,1,False,False
100000007042175100,terminal,0.33,0,0.5094,"Обрыв обхода на 4-м колене: исходящие за пределами выборки не видны. Получил 60,000 KZT от 1 плательщиков — возможный, но не подтверждённый конечный получатель.",1,0,60000.0,0.0,1,0,0.0005363434676045017,0.0,0.0,4,False,True,False,,1,False,False
100000002670463100,terminal,0.33,8,0.3775,"Обрыв обхода на 4-м колене: исходящие за пределами выборки не видны. Получил 31,500 KZT от 1 плательщиков — возможный, но не подтверждённый конечный получатель.",1,0,31500.0,0.0,1,0,0.0003037777897258625,0.0,0.0,4,False,True,False,,1,False,False
100000005567828100,terminal,0.33,8,0.4587,"Обрыв обхода на 4-м колене: исходящие за пределами выборки не видны. Получил 94,000 KZT от 1 плательщиков — возможный, но не подтверждённый конечный получатель.",1,0,94000.0,0.0,1,0,0.0003221789656194473,0.0,0.0,4,False,True,False,,1,False,False
100000004200745100,terminal,0.33,17,0.5559,"Обрыв обхода на 4-м колене: исходящие за пределами выборки не видны. Получил 130,000 KZT от 1 плательщиков — возможный, но не подтверждённый конечный получатель.",1,0,130000.0,0.0,4,0,0.0006035919445701515,0.0,0.0,4,False,True,False,,1,False,False
100000003989033100,terminal,0.33,8,0.5931,"Обрыв обхода на 4-м колене: исходящие за пределами выборки не видны. Получил 373,400 KZT от 1 плательщиков — возможный, но не подтверждённый конечный получатель.",1,0,373400.0,0.0,13,0,0.0006015128764964382,0.0,0.0,4,False,True,False,,1,False,False
100000005146665100,terminal,0.33,57,0.2242,"Обрыв обхода на 4-м колене: исходящие за пределами выборки не видны. Получил 5,500 KZT от 1 плательщиков — возможный, но не подтверждённый конечный получатель.",1,0,5500.0,0.0,1,0,0.00028773710725674384,0.0,0.0,4,False,True,False,,1,False,False
100000003096787100,terminal,0.33,8,0.2984,"Обрыв обхода на 4-м колене: исходящие за пределами выборки не видны. Получил 16,400 KZT от 1 плательщиков — возможный, но не подтверждённый конечный получатель.",1,0,16400.0,0.0,1,0,0.0002930128281760604,0.0,0.0,4,False,True,False,,1,False,False
100000003074515100,terminal,0.33,5,0.4206,"Обрыв обхода на 4-м колене: исходящие за пределами выборки не видны. Получил 105,000 KZT от 1 плательщиков — возможный, но не подтверждённый конечный получатель.",1,0,105000.0,0.0,1,0,0.0003007214450238256,0.0,0.0,4,False,True,False,,1,False,False
100000004377043100,terminal,0.33,20,0.3798,"Обрыв обхода на 4-м колене: исходящие за пределами выборки не видны. Получил 5,700 KZT от 1 плательщиков — возможный, но не подтверждённый конечный получатель.",1,0,5700.0,0.0,1,0,0.00036514381164088624,0.0,0.0,4,False,True,False,,1,False,False
100000008680061100,terminal,0.33,3,0.4052,"Обрыв обхода на 4-м колене: исходящие за пределами выборки не видны. Получил 41,300 KZT от 1 плательщиков — возможный, но не подтверждённый конечный получатель.",1,0,41300.0,0.0,2,0,0.0003120661265589064,0.0,0.0,4,False,True,False,,1,False,False
100000008471634100,terminal,0.33,26,0.4905,"Обрыв обхода на 4-м колене: исходящие за пределами выборки не видны. Получил 20,000 KZT от 1 плательщиков — возможный, но не подтверждённый конечный получатель.",1,0,20000.0,0.0,1,0,0.001129186048985322,0.0,0.0,4,False,True,False,,1,False,False
100000002119762100,terminal,0.33,3,0.5121,"Обрыв обхода на 4-м колене: исходящие за пределами выборки не видны. Получил 77,000 KZT от 1 плательщиков — возможный, но не подтверждённый конечный получатель.",1,0,77000.0,0.0,6,0,0.0005318447623815349,0.0,0.0,4,False,True,False,,1,False,False
100000008628818100,terminal,0.33,8,0.3946,"Обрыв обхода на 4-м колене: исходящие за пределами выборки не видны. Получил 46,310 KZT от 1 плательщиков — возможный, но не подтверждённый конечный получатель.",1,0,46310.0,0.0,1,0,0.0003042545700695101,0.0,0.0,4,False,True,False,,1,False,False
100000007510567100,terminal,0.33,8,0.4074,"Обрыв обхода на 4-м колене: исходящие за пределами выборки не видны. Получил 52,000 KZT от 1 плательщиков — возможный, но не подтверждённый конечный получатель.",1,0,52000.0,0.0,1,0,0.00030639316958050076,0.0,0.0,4,False,True,False,,1,False,False
100000004780327100,terminal,0.33,8,0.2885,"Обрыв обхода на 4-м колене: исходящие за пределами выборки не видны. Получил 12,000 KZT от 1 плательщиков — возможный, но не подтверждённый конечный получатель.",1,0,12000.0,0.0,1,0,0.0002932979703135095,0.0,0.0,4,False,True,False,,1,False,False
100000008376785100,terminal,0.33,3,0.559,"Обрыв обхода на 4-м колене: исходящие за пределами выборки не видны. Получил 234,250 KZT от 1 плательщиков — возможный, но не подтверждённый конечный получатель.",1,0,234250.0,0.0,2,0,0.00053413537855294,0.0,0.0,4,False,True,False,,1,False,False
100000005745873100,terminal,0.33,38,0.4855,"Обрыв обхода на 4-м колене: исходящие за пределами выборки не видны. Получил 223,000 KZT от 1 плательщиков — возможный, но не подтверждённый конечный получатель.",1,0,223000.0,0.0,1,0,0.0003177319865183214,0.0,0.0,4,False,True,False,,1,False,False
100000002594214100,terminal,0.33,39,0.5607,"Обрыв обхода на 4-м колене: исходящие за пределами выборки не видны. Получил 1,000,000 KZT от 1 плательщиков — возможный, но не подтверждённый конечный получатель.",1,0,1000000.0,0.0,1,0,0.00036868492302958726,0.0,0.0,4,False,True,False,,1,False,False
100000001299323100,terminal,0.33,5,0.4242,"Обрыв обхода на 4-м колене: исходящие за пределами выборки не видны. Получил 109,000 KZT от 1 плательщиков — возможный, но не подтверждённый конечный получатель.",1,0,109000.0,0.0,1,0,0.0003012499248085375,0.0,0.0,4,False,True,False,,1,False,False
100000003838587100,terminal,0.33,13,0.4309,"Обрыв обхода на 4-м колене: исходящие за пределами выборки не видны. Получил 6,000 KZT от 1 плательщиков — возможный, но не подтверждённый конечный получатель.",1,0,6000.0,0.0,1,0,0.000557475227698134,0.0,0.0,4,False,True,False,,1,False,False
100000000673915100,terminal,0.33,33,0.2703,"Обрыв обхода на 4-м колене: исходящие за пределами выборки не видны. Получил 20,200 KZT от 1 плательщиков — возможный, но не подтверждённый конечный получатель.",1,0,20200.0,0.0,1,0,0.00028886462173996117,0.0,0.0,4,False,True,False,,1,False,False
100000003061115100,terminal,0.33,0,0.4934,"Обрыв обхода на 4-м колене: исходящие за пределами выборки не видны. Получил 45,000 KZT от 1 плательщиков — возможный, но не подтверждённый конечный получатель.",1,0,45000.0,0.0,1,0,0.0005362399839666948,0.0,0.0,4,False,True,False,,1,False,False
100000004326224100,terminal,0.33,3,0.5098,"Обрыв обхода на 4-м колене: исходящие за пределами выборки не видны. Получил 60,000 KZT от 1 плательщиков — возможный, но не подтверждённый конечный получатель.",1,0,60000.0,0.0,1,0,0.0005372173236725562,0.0,0.0,4,False,True,False,,1,False,False
100000004988240100,terminal,0.33,0,0.4499,"Обрыв обхода на 4-м колене: исходящие за пределами выборки не видны. Получил 20,000 KZT от 1 плательщиков — возможный, но не подтверждённый конечный получатель.",1,0,20000.0,0.0,1,0,0.000532249206285726,0.0,0.0,4,False,True,False,,1,False,False
100000008525136100,terminal,0.33,0,0.2618,"Обрыв обхода на 4-м колене: исходящие за пределами выборки не видны. Получил 14,100 KZT от 1 плательщиков — возможный, но не подтверждённый конечный получатель.",1,0,14100.0,0.0,1,0,0.0002898134653296626,0.0,0.0,4,False,True,False,,1,False,False
100000001991973100,terminal,0.33,8,0.337,"Обрыв обхода на 4-м колене: исходящие за пределами выборки не видны. Получил 20,800 KZT от 1 плательщиков — возможный, но не подтверждённый конечный получатель.",1,0,20800.0,0.0,1,0,0.00029802732471498155,0.0,0.0,4,False,True,False,,1,False,False
100000004569637100,terminal,0.33,2,0.4293,"Обрыв обхода на 4-м колене: исходящие за пределами выборки не видны. Получил 5,500 KZT от 1 плательщиков — возможный, но не подтверждённый конечный получатель.",1,0,5500.0,0.0,1,0,0.0005555676972790809,0.0,0.0,4,False,True,False,,1,False,False
100000008675322100,terminal,0.33,33,0.5037,"Обрыв обхода на 4-м колене: исходящие за пределами выборки не видны. Получил 340,000 KZT от 1 плательщиков — возможный, но не подтверждённый конечный получатель.",1,0,340000.0,0.0,4,0,0.0003207776705780966,0.0,0.0,4,False,True,False,,1,False,False
100000004235471100,terminal,0.33,3,0.5039,"Обрыв обхода на 4-м колене: исходящие за пределами выборки не видны. Получил 180,000 KZT от 1 плательщиков — возможный, но не подтверждённый конечный получатель.",1,0,180000.0,0.0,1,0,0.0003501606295614159,0.0,0.0,4,False,True,False,,1,False,False
100000003194831100,terminal,0.33,8,0.2668,"Обрыв обхода на 4-м колене: исходящие за пределами выборки не видны. Получил 6,265 KZT от 1 плательщиков — возможный, но не подтверждённый конечный получатель.",1,0,6265.0,0.0,1,0,0.000292128363588289,0.0,0.0,4,False,True,False,,1,False,False
100000008588665100,terminal,0.33,0,0.4199,"Обрыв обхода на 4-м колене: исходящие за пределами выборки не видны. Получил 25,000 KZT от 1 плательщиков — возможный, но не подтверждённый конечный получатель.",1,0,25000.0,0.0,1,0,0.000354045657390344,0.0,0.0,4,False,True,False,,1,False,False
100000003230329100,terminal,0.33,5,0.4252,"Обрыв обхода на 4-м колене: исходящие за пределами выборки не видны. Получил 110,000 KZT от 1 плательщиков — возможный, но не подтверждённый конечный получатель.",1,0,110000.0,0.0,1,0,0.0003013820447547155,0.0,0.0,4,False,True,False,,1,False,False
100000002217806100,terminal,0.33,37,0.4896,"Обрыв обхода на 4-м колене: исходящие за пределами выборки не видны. Получил 55,000 KZT от 1 плательщиков — возможный, но не подтверждённый конечный получатель.",1,0,55000.0,0.0,2,0,0.00046577529725483574,0.0,0.0,4,False,True,False,,1,False,False
100000004041294100,terminal,0.33,26,0.3444,"Обрыв обхода на 4-м колене: исходящие за пределами выборки не видны. Получил 17,800 KZT от 1 плательщиков — возможный, но не подтверждённый конечный получатель.",1,0,17800.0,0.0,2,0,0.00030219869671539186,0.0,0.0,4,False,True,False,,1,False,False
100000008583971100,terminal,0.36,0,0.4414,"Обрыв обхода на 4-м колене: исходящие за пределами выборки не видны. Получил 51,000 KZT от 2 плательщиков — возможный, но не подтверждённый конечный получатель.",2,0,51000.0,0.0,2,0,0.0003311838791248431,0.0,0.0,4,False,True,False,,1,False,False
100000008251939100,terminal,0.33,8,0.3898,"Обрыв обхода на 4-м колене: исходящие за пределами выборки не видны. Получил 44,360 KZT от 1 плательщиков — возможный, но не подтверждённый конечный получатель.",1,0,44360.0,0.0,1,0,0.000303521658110559,0.0,0.0,4,False,True,False,,1,False,False
100000004049912100,terminal,0.33,19,0.3658,"Обрыв обхода на 4-м колене: исходящие за пределами выборки не видны. Получил 10,000 KZT от 1 плательщиков — возможный, но не подтверждённый конечный получатель.",1,0,10000.0,0.0,1,0,0.00032600158075453623,0.0,0.0,4,False,True,False,,1,False,False
100000002227960100,terminal,0.33,22,0.3185,"Обрыв обхода на 4-м колене: исходящие за пределами выборки не видны. Получил 10,000 KZT от 1 плательщиков — возможный, но не подтверждённый конечный получатель.",1,0,10000.0,0.0,1,0,0.0003007727149863174,0.0,0.0,4,False,True,False,,1,False,False
100000008677368100,terminal,0.33,9,0.4385,"Обрыв обхода на 4-м колене: исходящие за пределами выборки не видны. Получил 13,500 KZT от 1 плательщиков — возможный, но не подтверждённый конечный получатель.",1,0,13500.0,0.0,1,0,0.0005363664408357486,0.0,0.0,4,False,True,False,,1,False,False
100000008631800100,terminal,0.33,8,0.2939,"Обрыв обхода на 4-м колене: исходящие за пределами выборки не видны. Получил 12,850 KZT от 1 плательщиков — возможный, но не подтверждённый конечный получатель.",1,0,12850.0,0.0,1,0,0.00029375478295456074,0.0,0.0,4,False,True,False,,1,False,False
100000003220685100,terminal,0.33,3,0.6047,"Обрыв обхода на 4-м колене: исходящие за пределами выборки не видны. Получил 1,306,000 KZT от 1 плательщиков — возможный, но не подтверждённый конечный получатель.",1,0,1306000.0,0.0,2,0,0.0005399479209549984,0.0,0.0,4,False,True,False,,1,False,False
100000003072205100,terminal,0.36,5,0.4775,"Обрыв обхода на 4-м колене: исходящие за пределами выборки не видны. Получил 163,000 KZT от 2 плательщиков — возможный, но не подтверждённый конечный получатель.",2,0,163000.0,0.0,2,0,0.0003203974380679838,0.0,0.0,4,False,True,False,,2,False,False
100000001202637100,terminal,0.33,8,0.4372,"Обрыв обхода на 4-м колене: исходящие за пределами выборки не видны. Получил 10,000 KZT от 1 плательщиков — возможный, но не подтверждённый конечный получатель.",1,0,10000.0,0.0,1,0,0.0005511624903345256,0.0,0.0,4,False,True,False,,1,False,False
100000002835874100,terminal,0.33,5,0.3699,"Обрыв обхода на 4-м колене: исходящие за пределами выборки не видны. Получил 58,700 KZT от 1 плательщиков — возможный, но не подтверждённый конечный получатель.",1,0,58700.0,0.0,1,0,0.00029460429151578543,0.0,0.0,4,False,True,False,,1,False,False
100000002707106100,terminal,0.33,13,0.2471,"Обрыв обхода на 4-м колене: исходящие за пределами выборки не видны. Получил 15,000 KZT от 1 плательщиков — возможный, но не подтверждённый конечный получатель.",1,0,15000.0,0.0,2,0,0.0002878904905348135,0.0,0.0,4,False,True,False,,1,False,False
100000008343415100,terminal,0.33,2,0.5097,"Обрыв обхода на 4-м колене: исходящие за пределами выборки не видны. Получил 100,000 KZT от 1 плательщиков — возможный, но не подтверждённый конечный получатель.",1,0,100000.0,0.0,3,0,0.00043590039712592483,0.0,0.0,4,False,True,False,,1,False,False
100000004981068100,terminal,0.33,7,0.3952,"Обрыв обхода на 4-м колене: исходящие за пределами выборки не видны. Получил 10,000 KZT от 1 плательщиков — возможный, но не подтверждённый конечный получатель.",1,0,10000.0,0.0,1,0,0.0003805184609924227,0.0,0.0,4,False,True,False,,1,False,False
100000004241142100,terminal,0.33,0,0.4669,"Обрыв обхода на 4-м колене: исходящие за пределами выборки не видны. Получил 27,102 KZT от 1 плательщиков — возможный, но не подтверждённый конечный получатель.",1,0,27102.0,0.0,1,0,0.0005324557913868465,0.0,0.0,4,False,True,False,,1,False,False
100000008190411100,terminal,0.33,51,0.5318,"Обрыв обхода на 4-м колене: исходящие за пределами выборки не видны. Получил 198,450 KZT от 1 плательщиков — возможный, но не подтверждённый конечный получатель.",1,0,198450.0,0.0,12,0,0.00042600553514962554,0.0,0.0,4,False,True,False,,1,False,False
100000008699083100,terminal,0.33,12,0.4698,"Обрыв обхода на 4-м колене: исходящие за пределами выборки не видны. Получил 238,500 KZT от 1 плательщиков — возможный, но не подтверждённый конечный получатель.",1,0,238500.0,0.0,1,0,0.00030777032217442805,0.0,0.0,4,False,True,False,,1,False,False
100000008136608100,terminal,0.33,8,0.5626,"Обрыв обхода на 4-м колене: исходящие за пределами выборки не видны. Получил 170,000 KZT от 1 плательщиков — возможный, но не подтверждённый конечный получатель.",1,0,170000.0,0.0,1,0,0.000566834401212237,0.0,0.0,4,False,True,False,,1,False,False
100000008695157100,terminal,0.33,2,0.5704,"Обрыв обхода на 4-м колене: исходящие за пределами выборки не видны. Получил 425,546 KZT от 1 плательщиков — возможный, но не подтверждённый конечный получатель.",1,0,425546.0,0.0,3,0,0.0004996948511918675,0.0,0.0,4,False,True,False,,1,False,False
100000000369781100,terminal,0.33,3,0.416,"Обрыв обхода на 4-м колене: исходящие за пределами выборки не видны. Получил 5,000 KZT от 1 плательщиков — возможный, но не подтверждённый конечный получатель.",1,0,5000.0,0.0,1,0,0.00053480857596583,0.0,0.0,4,False,True,False,,1,False,False
100000003133045100,terminal,0.33,51,0.4555,"Обрыв обхода на 4-м колене: исходящие за пределами выборки не видны. Получил 68,000 KZT от 1 плательщиков — возможный, но не подтверждённый конечный получатель.",1,0,68000.0,0.0,1,0,0.0003345316652091022,0.0,0.0,4,False,True,False,,1,False,False
100000002474570100,terminal,0.33,8,0.2525,"Обрыв обхода на 4-м колене: исходящие за пределами выборки не видны. Получил 6,750 KZT от 1 плательщиков — возможный, но не подтверждённый конечный получатель.",1,0,6750.0,0.0,1,0,0.0002904764804717221,0.0,0.0,4,False,True,False,,1,False,False
100000002514975100,terminal,0.33,27,0.4471,"Обрыв обхода на 4-м колене: исходящие за пределами выборки не видны. Получил 17,920 KZT от 1 плательщиков — возможный, но не подтверждённый конечный получатель.",1,0,17920.0,0.0,1,0,0.0005333676954602626,0.0,0.0,4,False,True,False,,1,False,False
100000001089055100,terminal,0.33,16,0.3765,"Обрыв обхода на 4-м колене: исходящие за пределами выборки не видны. Получил 13,000 KZT от 1 плательщиков — возможный, но не подтверждённый конечный получатель.",1,0,13000.0,0.0,1,0,0.0003307702046603977,0.0,0.0,4,False,True,False,,1,False,False
100000000608031100,terminal,0.33,16,0.4784,"Обрыв обхода на 4-м колене: исходящие за пределами выборки не видны. Получил 30,000 KZT от 1 плательщиков — возможный, но не подтверждённый конечный получатель.",1,0,30000.0,0.0,1,0,0.000540991861368623,0.0,0.0,4,False,True,False,,1,False,False
100000002659103100,terminal,0.33,45,0.5015,"Обрыв обхода на 4-м колене: исходящие за пределами выборки не видны. Получил 165,000 KZT от 1 плательщиков — возможный, но не подтверждённый конечный получатель.",1,0,165000.0,0.0,1,0,0.00035127309228855064,0.0,0.0,4,False,True,False,,1,False,False
100000000733940100,terminal,0.33,30,0.5692,"Обрыв обхода на 4-м колене: исходящие за пределами выборки не видны. Получил 752,000 KZT от 1 плательщиков — возможный, но не подтверждённый конечный получатель.",1,0,752000.0,0.0,2,0,0.00041298144740675307,0.0,0.0,4,False,True,False,,1,False,False
100000001537524100,terminal,0.33,12,0.4293,"Обрыв обхода на 4-м колене: исходящие за пределами выборки не видны. Получил 150,000 KZT от 1 плательщиков — возможный, но не подтверждённый конечный получатель.",1,0,150000.0,0.0,1,0,0.00030000700885079225,0.0,0.0,4,False,True,False,,1,False,False
100000002971593100,terminal,0.33,3,0.4935,"Обрыв обхода на 4-м колене: исходящие за пределами выборки не видны. Получил 49,050 KZT от 1 плательщиков — возможный, но не подтверждённый конечный получатель.",1,0,49050.0,0.0,1,0,0.0005327033972220859,0.0,0.0,4,False,True,False,,1,False,False
100000006918814100,terminal,0.33,0,0.3585,"Обрыв обхода на 4-м колене: исходящие за пределами выборки не видны. Получил 20,000 KZT от 1 плательщиков — возможный, но не подтверждённый конечный получатель.",1,0,20000.0,0.0,2,0,0.00030568748068319254,0.0,0.0,4,False,True,False,,1,False,False
100000007381662100,terminal,0.33,0,0.3131,"Обрыв обхода на 4-м колене: исходящие за пределами выборки не видны. Получил 11,000 KZT от 1 плательщиков — возможный, но не подтверждённый конечный получатель.",1,0,11000.0,0.0,1,0,0.00029816151684898534,0.0,0.0,4,False,True,False,,1,False,False
100000003199390100,terminal,0.33,3,0.5298,"Обрыв обхода на 4-м колене: исходящие за пределами выборки не видны. Получил 260,000 KZT от 1 плательщиков — возможный, но не подтверждённый конечный получатель.",1,0,260000.0,0.0,1,0,0.000378299197955317,0.0,0.0,4,False,True,False,,1,False,False
100000007749747100,terminal,0.33,5,0.4812,"Обрыв обхода на 4-м колене: исходящие за пределами выборки не видны. Получил 50,000 KZT от 1 плательщиков — возможный, но не подтверждённый конечный получатель.",1,0,50000.0,0.0,1,0,0.0004455907572910854,0.0,0.0,4,False,True,False,,1,False,False
100000003447411100,terminal,0.33,2,0.4768,"Обрыв обхода на 4-м колене: исходящие за пределами выборки не видны. Получил 302,000 KZT от 1 плательщиков — возможный, но не подтверждённый конечный получатель.",1,0,302000.0,0.0,3,0,0.00030718363040229237,0.0,0.0,4,False,True,False,,1,False,False
100000000500040100,terminal,0.33,0,0.3617,"Обрыв обхода на 4-м колене: исходящие за пределами выборки не видны. Получил 20,000 KZT от 1 плательщиков — возможный, но не подтверждённый конечный получатель.",1,0,20000.0,0.0,1,0,0.0003074173346275874,0.0,0.0,4,False,True,False,,1,False,False
100000008551752100,terminal,0.33,38,0.5279,"Обрыв обхода на 4-м колене: исходящие за пределами выборки не видны. Получил 406,000 KZT от 1 плательщиков — возможный, но не подтверждённый конечный получатель.",1,0,406000.0,0.0,2,0,0.00034307554642550747,0.0,0.0,4,False,True,False,,1,False,False
100000002876914100,terminal,0.33,8,0.2885,"Обрыв обхода на 4-м колене: исходящие за пределами выборки не видны. Получил 12,000 KZT от 1 плательщиков — возможный, но не подтверждённый конечный получатель.",1,0,12000.0,0.0,1,0,0.0002932979703135095,0.0,0.0,4,False,True,False,,1,False,False
100000004571634100,terminal,0.33,11,0.4182,"Обрыв обхода на 4-м колене: исходящие за пределами выборки не видны. Получил 20,000 KZT от 1 плательщиков — возможный, но не подтверждённый конечный получатель.",1,0,20000.0,0.0,1,0,0.00037582243880426587,0.0,0.0,4,False,True,False,,1,False,False
100000004610802100,terminal,0.33,56,0.5484,"Обрыв обхода на 4-м колене: исходящие за пределами выборки не видны. Получил 241,000 KZT от 1 плательщиков — возможный, но не подтверждённый конечный получатель.",1,0,241000.0,0.0,18,0,0.00047602996658220755,0.0,0.0,4,False,True,False,,1,False,False
100000001311175100,terminal,0.33,12,0.5673,"Обрыв обхода на 4-м колене: исходящие за пределами выборки не видны. Получил 300,000 KZT от 1 плательщиков — возможный, но не подтверждённый конечный получатель.",1,0,300000.0,0.0,1,0,0.000533835965592715,0.0,0.0,4,False,True,False,,1,False,False
100000008740295100,terminal,0.33,5,0.5062,"Обрыв обхода на 4-м колене: исходящие за пределами выборки не видны. Получил 300,000 KZT от 1 плательщиков — возможный, но не подтверждённый конечный получатель.",1,0,300000.0,0.0,1,0,0.0003264848345285306,0.0,0.0,4,False,True,False,,1,False,False
100000002596039100,terminal,0.33,2,0.4709,"Обрыв обхода на 4-м колене: исходящие за пределами выборки не видны. Получил 280,000 KZT от 1 плательщиков — возможный, но не подтверждённый конечный получатель.",1,0,280000.0,0.0,1,0,0.0003057022888327646,0.0,0.0,4,False,True,False,,1,False,False
100000002126791100,terminal,0.33,5,0.6158,"Обрыв обхода на 4-м колене: исходящие за пределами выборки не видны. Получил 1,313,000 KZT от 1 плательщиков — возможный, но не подтверждённый конечный получатель.",1,0,1313000.0,0.0,3,0,0.0005742126611670562,0.0,0.0,4,False,True,False,,1,False,False
100000005783452100,terminal,0.36,12,0.4914,"Обрыв обхода на 4-м колене: исходящие за пределами выборки не видны. Получил 286,500 KZT от 2 плательщиков — возможный, но не подтверждённый конечный получатель.",2,0,286500.0,0.0,2,0,0.00031582143692040495,0.0,0.0,4,False,True,False,,2,False,False
100000006693788100,terminal,0.33,0,0.4317,"Обрыв обхода на 4-м колене: исходящие за пределами выборки не видны. Получил 10,764 KZT от 1 плательщиков — возможный, но не подтверждённый конечный получатель.",1,0,10764.0,0.0,1,0,0.0005344248644049865,0.0,0.0,4,False,True,False,,1,False,False
100000002832753100,terminal,0.33,15,0.4627,"Обрыв обхода на 4-м колене: исходящие за пределами выборки не видны. Получил 12,500 KZT от 1 плательщиков — возможный, но не подтверждённый конечный получатель.",1,0,12500.0,0.0,1,0,0.0007584507539356985,0.0,0.0,4,False,True,False,,1,False,False
100000002981489100,terminal,0.33,3,0.2503,"Обрыв обхода на 4-м колене: исходящие за пределами выборки не видны. Получил 10,000 KZT от 1 плательщиков — возможный, но не подтверждённый конечный получатель.",1,0,10000.0,0.0,1,0,0.00028962255478302693,0.0,0.0,4,False,True,False,,1,False,False
100000003084870100,terminal,0.33,12,0.3721,"Обрыв обхода на 4-м колене: исходящие за пределами выборки не видны. Получил 6,500 KZT от 1 плательщиков — возможный, но не подтверждённый конечный получатель.",1,0,6500.0,0.0,1,0,0.0003467111521333522,0.0,0.0,4,False,True,False,,1,False,False
100000002791494100,terminal,0.33,8,0.4502,"Обрыв обхода на 4-м колене: исходящие за пределами выборки не видны. Получил 85,860 KZT от 1 плательщиков — возможный, но не подтверждённый конечный получатель.",1,0,85860.0,0.0,1,0,0.00031911952800618476,0.0,0.0,4,False,True,False,,1,False,False
100000003345947100,terminal,0.33,2,0.5071,"Обрыв обхода на 4-м колене: исходящие за пределами выборки не видны. Получил 79,500 KZT от 1 плательщиков — возможный, но не подтверждённый конечный получатель.",1,0,79500.0,0.0,6,0,0.0004969301445873055,0.0,0.0,4,False,True,False,,1,False,False
100000002733083100,terminal,0.33,8,0.2922,"Обрыв обхода на 4-м колене: исходящие за пределами выборки не видны. Получил 15,200 KZT от 1 плательщиков — возможный, но не подтверждённый конечный получатель.",1,0,15200.0,0.0,1,0,0.0002925618054320905,0.0,0.0,4,False,True,False,,1,False,False
100000003247600100,terminal,0.33,0,0.5371,"Обрыв обхода на 4-м колене: исходящие за пределами выборки не видны. Получил 58,000 KZT от 1 плательщиков — возможный, но не подтверждённый конечный получатель.",1,0,58000.0,0.0,1,0,0.0008447335511594918,0.0,0.0,4,False,True,False,,1,False,False
100000001378288100,terminal,0.33,2,0.5593,"Обрыв обхода на 4-м колене: исходящие за пределами выборки не видны. Получил 268,000 KZT от 1 плательщиков — возможный, но не подтверждённый конечный получатель.",1,0,268000.0,0.0,3,0,0.0005257329101252635,0.0,0.0,4,False,True,False,,1,False,False
100000002305477100,terminal,0.33,22,0.3758,"Обрыв обхода на 4-м колене: исходящие за пределами выборки не видны. Получил 20,000 KZT от 1 плательщиков — возможный, но не подтверждённый конечный получатель.",1,0,20000.0,0.0,1,0,0.0003146965792974964,0.0,0.0,4,False,True,False,,1,False,False
100000006638021100,terminal,0.36,18,0.5833,"Обрыв обхода на 4-м колене: исходящие за пределами выборки не видны. Получил 388,500 KZT от 2 плательщиков — возможный, но не подтверждённый конечный получатель.",2,0,388500.0,0.0,2,0,0.0005468683892599277,0.0,0.0,4,False,True,False,,2,False,False
100000008517061100,terminal,0.33,13,0.5823,"Обрыв обхода на 4-м колене: исходящие за пределами выборки не видны. Получил 1,844,000 KZT от 1 плательщиков — возможный, но не подтверждённый конечный получатель.",1,0,1844000.0,0.0,4,0,0.00041490111075786974,0.0,0.0,4,False,True,False,,1,False,False
100000005910895100,terminal,0.33,11,0.4352,"Обрыв обхода на 4-м колене: исходящие за пределами выборки не видны. Получил 5,100 KZT от 1 плательщиков — возможный, но не подтверждённый конечный получатель.",1,0,5100.0,0.0,1,0,0.0006001928362077971,0.0,0.0,4,False,True,False,,1,False,False
100000002723439100,terminal,0.33,11,0.4599,"Обрыв обхода на 4-м колене: исходящие за пределами выборки не видны. Получил 18,000 KZT от 1 плательщиков — возможный, но не подтверждённый конечный получатель.",1,0,18000.0,0.0,2,0,0.0005555216399681357,0.0,0.0,4,False,True,False,,1,False,False
100000002320495100,terminal,0.33,16,0.4393,"Обрыв обхода на 4-м колене: исходящие за пределами выборки не видны. Получил 13,526 KZT от 1 плательщиков — возможный, но не подтверждённый конечный получатель.",1,0,13526.27,0.0,1,0,0.0005377614199631568,0.0,0.0,4,False,True,False,,1,False,False
100000002229615100,terminal,0.33,22,0.491,"Обрыв обхода на 4-м колене: исходящие за пределами выборки не видны. Получил 25,000 KZT от 1 плательщиков — возможный, но не подтверждённый конечный получатель.",1,0,25000.0,0.0,1,0,0.0007215592341440239,0.0,0.0,4,False,True,False,,1,False,False
100000008327791100,terminal,0.33,16,0.4354,"Обрыв обхода на 4-м колене: исходящие за пределами выборки не видны. Получил 11,000 KZT от 1 плательщиков — возможный, но не подтверждённый конечный получатель.",1,0,11000.0,0.0,1,0,0.0005391167609136597,0.0,0.0,4,False,True,False,,1,False,False
100000002208836100,terminal,0.33,3,0.464,"Обрыв обхода на 4-м колене: исходящие за пределами выборки не видны. Получил 90,000 KZT от 1 плательщиков — возможный, но не подтверждённый конечный получатель.",1,0,90000.0,0.0,1,0,0.00033128471942352655,0.0,0.0,4,False,True,False,,1,False,False
100000001724740100,terminal,0.33,5,0.554,"Обрыв обхода на 4-м колене: исходящие за пределами выборки не видны. Получил 185,000 KZT от 1 плательщиков — возможный, но не подтверждённый конечный получатель.",1,0,185000.0,0.0,4,0,0.0005388284571255892,0.0,0.0,4,False,True,False,,1,False,False
100000004386286100,terminal,0.33,17,0.4525,"Обрыв обхода на 4-м колене: исходящие за пределами выборки не видны. Получил 12,500 KZT от 1 плательщиков — возможный, но не подтверждённый конечный получатель.",1,0,12500.0,0.0,1,0,0.0005998215016547858,0.0,0.0,4,False,True,False,,1,False,False
100000001714883100,terminal,0.33,8,0.254,"Обрыв обхода на 4-м колене: исходящие за пределами выборки не видны. Получил 6,900 KZT от 1 плательщиков — возможный, но не подтверждённый конечный получатель.",1,0,6900.0,0.0,1,0,0.00029055709446720174,0.0,0.0,4,False,True,False,,1,False,False
100000008337304100,terminal,0.33,2,0.4869,"Обрыв обхода на 4-м колене: исходящие за пределами выборки не видны. Получил 105,465 KZT от 1 плательщиков — возможный, но не подтверждённый конечный получатель.",1,0,105465.0,0.0,2,0,0.00035583636466686084,0.0,0.0,4,False,True,False,,1,False,False
100000000655469100,terminal,0.33,22,0.4051,"Обрыв обхода на 4-м колене: исходящие за пределами выборки не видны. Получил 20,000 KZT от 1 плательщиков — возможный, но не подтверждённый конечный получатель.",1,0,20000.0,0.0,2,0,0.0003469593014147207,0.0,0.0,4,False,True,False,,1,False,False
100000008722541100,terminal,0.33,3,0.5336,"Обрыв обхода на 4-м колене: исходящие за пределами выборки не видны. Получил 280,000 KZT от 1 плательщиков — возможный, но не подтверждённый конечный получатель.",1,0,280000.0,0.0,4,0,0.0003853338400537922,0.0,0.0,4,False,True,False,,1,False,False
100000004222274100,terminal,0.33,0,0.4491,"Обрыв обхода на 4-м колене: исходящие за пределами выборки не видны. Получил 15,500 KZT от 1 плательщиков — возможный, но не подтверждённый конечный получатель.",1,0,15500.0,0.0,1,0,0.0005477979606695856,0.0,0.0,4,False,True,False,,1,False,False
100000006232642100,terminal,0.33,36,0.5612,"Обрыв обхода на 4-м колене: исходящие за пределами выборки не видны. Получил 456,000 KZT от 1 плательщиков — возможный, но не подтверждённый конечный получатель.",1,0,456000.0,0.0,4,0,0.00042972241620991923,0.0,0.0,4,False,True,False,,1,False,False
100000004066370100,terminal,0.33,34,0.5269,"Обрыв обхода на 4-м колене: исходящие за пределами выборки не видны. Получил 65,000 KZT от 1 плательщиков — возможный, но не подтверждённый конечный получатель.",1,0,65000.0,0.0,2,0,0.0005918735969790853,0.0,0.0,4,False,True,False,,1,False,False
100000005685783100,terminal,0.33,6,0.4674,"Обрыв обхода на 4-м колене: исходящие за пределами выборки не видны. Получил 26,150 KZT от 1 плательщиков — возможный, но не подтверждённый конечный получатель.",1,0,26150.0,0.0,1,0,0.0005343911435542359,0.0,0.0,4,False,True,False,,1,False,False
100000006171671100,terminal,0.33,0,0.424,"Обрыв обхода на 4-м колене: исходящие за пределами выборки не видны. Получил 10,000 KZT от 1 плательщиков — возможный, но не подтверждённый конечный получатель.",1,0,10000.0,0.0,1,0,0.0005313843598046136,0.0,0.0,4,False,True,False,,1,False,False
100000003481025100,terminal,0.33,0,0.423,"Обрыв обхода на 4-м колене: исходящие за пределами выборки не видны. Получил 9,000 KZT от 1 плательщиков — возможный, но не подтверждённый конечный получатель.",1,0,9000.0,0.0,1,0,0.0005333521824501156,0.0,0.0,4,False,True,False,,1,False,False
100000003646145100,terminal,0.33,31,0.4385,"Обрыв обхода на 4-м колене: исходящие за пределами выборки не видны. Получил 5,000 KZT от 1 плательщиков — возможный, но не подтверждённый конечный получатель.",1,0,5000.0,0.0,1,0,0.000656348332956897,0.0,0.0,4,False,True,False,,1,False,False
100000002659265100,terminal,0.33,5,0.4727,"Обрыв обхода на 4-м колене: исходящие за пределами выборки не видны. Получил 141,000 KZT от 1 плательщиков — возможный, но не подтверждённый конечный получатель.",1,0,141000.0,0.0,1,0,0.00032112490854040214,0.0,0.0,4,False,True,False,,1,False,False
100000003289281100,terminal,0.33,0,0.5042,"Обрыв обхода на 4-м колене: исходящие за пределами выборки не видны. Получил 40,000 KZT от 1 плательщиков — возможный, но не подтверждённый конечный получатель.",1,0,40000.0,0.0,1,0,0.0005996044729221811,0.0,0.0,4,False,True,False,,1,False,False
100000004840086100,terminal,0.33,0,0.5333,"Обрыв обхода на 4-м колене: исходящие за пределами выборки не видны. Получил 100,000 KZT от 1 плательщиков — возможный, но не подтверждённый конечный получатель.",1,0,100000.0,0.0,2,0,0.0005415136966287572,0.0,0.0,4,False,True,False,,1,False,False
100000008554390100,terminal,0.33,8,0.2995,"Обрыв обхода на 4-м колене: исходящие за пределами выборки не видны. Получил 14,000 KZT от 1 плательщиков — возможный, но не подтверждённый конечный получатель.",1,0,14000.0,0.0,1,0,0.0002943728235865713,0.0,0.0,4,False,True,False,,1,False,False
100000004691350100,terminal,0.33,50,0.4692,"Обрыв обхода на 4-м колене: исходящие за пределами выборки не видны. Получил 13,300 KZT от 1 плательщиков — возможный, но не подтверждённый конечный получатель.",1,0,13300.0,0.0,1,0,0.0008906882092165298,0.0,0.0,4,False,True,False,,1,False,False
100000004652395100,terminal,0.39,0,0.4755,"Обрыв обхода на 4-м колене: исходящие за пределами выборки не видны. Получил 101,528 KZT от 3 плательщиков — возможный, но не подтверждённый конечный получатель.",3,0,101528.0,0.0,5,0,0.00033719811399336665,0.0,0.0,4,False,True,False,,3,False,True
100000004979264100,terminal,0.33,5,0.4624,"Обрыв обхода на 4-м колене: исходящие за пределами выборки не видны. Получил 39,800 KZT от 1 плательщиков — возможный, но не подтверждённый конечный получатель.",1,0,39800.0,0.0,1,0,0.00041320740834143224,0.0,0.0,4,False,True,False,,1,False,False
100000008074304100,terminal,0.33,3,0.362,"Обрыв обхода на 4-м колене: исходящие за пределами выборки не видны. Получил 5,500 KZT от 1 плательщиков — возможный, но не подтверждённый конечный получатель.",1,0,5500.0,0.0,1,0,0.0003338996825151237,0.0,0.0,4,False,True,False,,1,False,False
100000002227989100,terminal,0.33,22,0.4257,"Обрыв обхода на 4-м колене: исходящие за пределами выборки не видны. Получил 20,000 KZT от 1 плательщиков — возможный, но не подтверждённый конечный получатель.",1,0,20000.0,0.0,1,0,0.0003961933200599245,0.0,0.0,4,False,True,False,,1,False,False
100000003207060100,terminal,0.33,0,0.4814,"Обрыв обхода на 4-м колене: исходящие за пределами выборки не видны. Получил 53,000 KZT от 1 плательщиков — возможный, но не подтверждённый конечный получатель.",1,0,53000.0,0.0,1,0,0.0004293060809113743,0.0,0.0,4,False,True,False,,1,False,False
100000004601193100,terminal,0.33,11,0.5377,"Обрыв обхода на 4-м колене: исходящие за пределами выборки не видны. Получил 84,000 KZT от 1 плательщиков — возможный, но не подтверждённый конечный получатель.",1,0,84000.0,0.0,3,0,0.0006060180971723414,0.0,0.0,4,False,True,False,,1,False,False
100000004991593100,terminal,0.33,2,0.4477,"Обрыв обхода на 4-м колене: исходящие за пределами выборки не видны. Получил 45,000 KZT от 1 плательщиков — возможный, но не подтверждённый конечный получатель.",1,0,45000.0,0.0,2,0,0.00035646615481560467,0.0,0.0,4,False,True,False,,1,False,False
100000003128638100,terminal,0.33,5,0.5264,"Обрыв обхода на 4-м колене: исходящие за пределами выборки не видны. Получил 300,000 KZT от 1 плательщиков — возможный, но не подтверждённый конечный получатель.",1,0,300000.0,0.0,1,0,0.00035977663336718896,0.0,0.0,4,False,True,False,,1,False,False
100000005878334100,terminal,0.33,2,0.4892,"Обрыв обхода на 4-м колене: исходящие за пределами выборки не видны. Получил 76,400 KZT от 1 плательщиков — возможный, но не подтверждённый конечный получатель.",1,0,76400.0,0.0,2,0,0.0004007242321635392,0.0,0.0,4,False,True,False,,1,False,False
100000002878483100,terminal,0.33,8,0.2465,"Обрыв обхода на 4-м колене: исходящие за пределами выборки не видны. Получил 6,000 KZT от 1 плательщиков — возможный, но не подтверждённый конечный получатель.",1,0,6000.0,0.0,1,0,0.00029007341049432393,0.0,0.0,4,False,True,False,,1,False,False
100000000981693100,terminal,0.33,0,0.441,"Обрыв обхода на 4-м колене: исходящие за пределами выборки не видны. Получил 16,500 KZT от 1 плательщиков — возможный, но не подтверждённый конечный получатель.",1,0,16500.0,0.0,1,0,0.0005314002435612235,0.0,0.0,4,False,True,False,,1,False,False
100000006416061100,terminal,0.33,0,0.4558,"Обрыв обхода на 4-м колене: исходящие за пределами выборки не видны. Получил 30,000 KZT от 1 плательщиков — возможный, но не подтверждённый конечный получатель.",1,0,30000.0,0.0,1,0,0.0004367675038067396,0.0,0.0,4,False,True,False,,1,False,False
100000008168850100,terminal,0.33,3,0.5524,"Обрыв обхода на 4-м колене: исходящие за пределами выборки не видны. Получил 187,910 KZT от 1 плательщиков — возможный, но не подтверждённый конечный получатель.",1,0,187910.0,0.0,2,0,0.0005354125286335144,0.0,0.0,4,False,True,False,,1,False,False
100000004747154100,terminal,0.33,51,0.4548,"Обрыв обхода на 4-м колене: исходящие за пределами выборки не видны. Получил 67,000 KZT от 1 плательщиков — возможный, но не подтверждённый конечный получатель.",1,0,67000.0,0.0,1,0,0.00033383044734830865,0.0,0.0,4,False,True,False,,1,False,False
100000008524903100,terminal,0.33,0,0.3832,"Обрыв обхода на 4-м колене: исходящие за пределами выборки не видны. Получил 15,000 KZT от 1 плательщиков — возможный, но не подтверждённый конечный получатель.",1,0,15000.0,0.0,1,0,0.0003332497752012362,0.0,0.0,4,False,True,False,,1,False,False
100000005049404100,terminal,0.33,3,0.448,"Обрыв обхода на 4-м колене: исходящие за пределами выборки не видны. Получил 98,000 KZT от 1 плательщиков — возможный, но не подтверждённый конечный получатель.",1,0,98000.0,0.0,2,0,0.00031403115093244654,0.0,0.0,4,False,True,False,,1,False,False
100000002258492100,terminal,0.33,21,0.4302,"Обрыв обхода на 4-м колене: исходящие за пределами выборки не видны. Получил 9,000 KZT от 1 плательщиков — возможный, но не подтверждённый конечный получатель.",1,0,9000.0,0.0,1,0,0.0005424888658158649,0.0,0.0,4,False,True,False,,1,False,False
100000005497148100,terminal,0.33,3,0.4521,"Обрыв обхода на 4-м колене: исходящие за пределами выборки не видны. Получил 24,000 KZT от 1 плательщиков — возможный, но не подтверждённый конечный получатель.",1,0,24000.0,0.0,2,0,0.0004921615714314379,0.0,0.0,4,False,True,False,,1,False,False
100000004596284100,terminal,0.33,4,0.4912,"Обрыв обхода на 4-м колене: исходящие за пределами выборки не видны. Получил 30,000 KZT от 1 плательщиков — возможный, но не подтверждённый конечный получатель.",1,0,30000.0,0.0,1,0,0.0005940440593264011,0.0,0.0,4,False,True,False,,1,False,False
100000007960337100,terminal,0.33,2,0.3835,"Обрыв обхода на 4-м колене: исходящие за пределами выборки не видны. Получил 35,500 KZT от 1 плательщиков — возможный, но не подтверждённый конечный получатель.",1,0,35500.0,0.0,1,0,0.00030412067655988777,0.0,0.0,4,False,True,False,,1,False,False
100000003180305100,terminal,0.33,0,0.5357,"Обрыв обхода на 4-м колене: исходящие за пределами выборки не видны. Получил 144,000 KZT от 1 плательщиков — возможный, но не подтверждённый конечный получатель.",1,0,144000.0,0.0,1,0,0.0005303510430199025,0.0,0.0,4,False,True,False,,1,False,False
100000007653094100,terminal,0.33,0,0.4592,"Обрыв обхода на 4-м колене: исходящие за пределами выборки не видны. Получил 16,000 KZT от 1 плательщиков — возможный, но не подтверждённый конечный получатель.",1,0,16000.0,0.0,1,0,0.0005779124016807729,0.0,0.0,4,False,True,False,,1,False,False
100000008175078100,terminal,0.33,33,0.5917,"Обрыв обхода на 4-м колене: исходящие за пределами выборки не видны. Получил 1,846,711 KZT от 1 плательщиков — возможный, но не подтверждённый конечный получатель.",1,0,1846711.0,0.0,15,0,0.00047113333576870276,0.0,0.0,4,False,True,False,,1,False,False
100000004263867100,terminal,0.33,8,0.2674,"Обрыв обхода на 4-м колене: исходящие за пределами выборки не видны. Получил 9,000 KZT от 1 плательщиков — возможный, но не подтверждённый конечный получатель.",1,0,9000.0,0.0,1,0,0.0002916856904039167,0.0,0.0,4,False,True,False,,1,False,False
100000002194320100,terminal,0.33,15,0.5545,"Обрыв обхода на 4-м колене: исходящие за пределами выборки не видны. Получил 275,000 KZT от 1 плательщиков — возможный, но не подтверждённый конечный получатель.",1,0,275000.0,0.0,1,0,0.0004886763093074297,0.0,0.0,4,False,True,False,,1,False,False
100000001222245100,terminal,0.33,3,0.5882,"Обрыв обхода на 4-м колене: исходящие за пределами выборки не видны. Получил 420,000 KZT от 1 плательщиков — возможный, но не подтверждённый конечный получатель.",1,0,420000.0,0.0,5,0,0.0005515537557199481,0.0,0.0,4,False,True,False,,1,False,False
100000008151098100,terminal,0.33,27,0.3886,"Обрыв обхода на 4-м колене: исходящие за пределами выборки не видны. Получил 30,000 KZT от 1 плательщиков — возможный, но не подтверждённый конечный получатель.",1,0,30000.0,0.0,1,0,0.0003107230064859872,0.0,0.0,4,False,True,False,,1,False,False
100000008735802100,terminal,0.33,0,0.5131,"Обрыв обхода на 4-м колене: исходящие за пределами выборки не видны. Получил 85,000 KZT от 1 плательщиков — возможный, но не подтверждённый конечный получатель.",1,0,85000.0,0.0,2,0,0.0005109348907519582,0.0,0.0,4,False,True,False,,1,False,False
100000004047887100,terminal,0.33,39,0.2915,"Обрыв обхода на 4-м колене: исходящие за пределами выборки не видны. Получил 30,000 KZT от 1 плательщиков — возможный, но не подтверждённый конечный получатель.",1,0,30000.0,0.0,1,0,0.00028930393284577185,0.0,0.0,4,False,True,False,,1,False,False
100000003146511100,terminal,0.33,14,0.3475,"Обрыв обхода на 4-м колене: исходящие за пределами выборки не видны. Получил 10,000 KZT от 1 плательщиков — возможный, но не подтверждённый конечный получатель.",1,0,10000.0,0.0,1,0,0.0003132048427883549,0.0,0.0,4,False,True,False,,1,False,False
100000007511780100,terminal,0.33,0,0.5575,"Обрыв обхода на 4-м колене: исходящие за пределами выборки не видны. Получил 155,000 KZT от 1 плательщиков — возможный, но не подтверждённый конечный получатель.",1,0,155000.0,0.0,2,0,0.0005605373030244089,0.0,0.0,4,False,True,False,,1,False,False
100000007867364100,terminal,0.33,19,0.4723,"Обрыв обхода на 4-м колене: исходящие за пределами выборки не видны. Получил 41,852 KZT от 1 плательщиков — возможный, но не подтверждённый конечный получатель.",1,0,41852.0,0.0,1,0,0.0004507108566034343,0.0,0.0,4,False,True,False,,1,False,False
100000006288612100,terminal,0.33,2,0.36,"Обрыв обхода на 4-м колене: исходящие за пределами выборки не видны. Получил 30,805 KZT от 1 плательщиков — возможный, но не подтверждённый конечный получатель.",1,0,30805.0,0.0,3,0,0.0002989549226377449,0.0,0.0,4,False,True,False,,1,False,False
100000006735545100,terminal,0.33,2,0.2791,"Обрыв обхода на 4-м колене: исходящие за пределами выборки не видны. Получил 5,000 KZT от 1 плательщиков — возможный, но не подтверждённый конечный получатель.",1,0,5000.0,0.0,1,0,0.0002945841066907457,0.0,0.0,4,False,True,False,,1,False,False
100000004403641100,terminal,0.33,12,0.4438,"Обрыв обхода на 4-м колене: исходящие за пределами выборки не видны. Получил 171,500 KZT от 1 плательщиков — возможный, но не подтверждённый конечный получатель.",1,0,171500.0,0.0,1,0,0.000301893011522636,0.0,0.0,4,False,True,False,,1,False,False
100000003370425100,terminal,0.33,0,0.4754,"Обрыв обхода на 4-м колене: исходящие за пределами выборки не видны. Получил 20,000 KZT от 1 плательщиков — возможный, но не подтверждённый конечный получатель.",1,0,20000.0,0.0,1,0,0.0006506782894321816,0.0,0.0,4,False,True,False,,1,False,False
100000004350094100,terminal,0.33,19,0.4872,"Обрыв обхода на 4-м колене: исходящие за пределами выборки не видны. Получил 20,000 KZT от 1 плательщиков — возможный, но не подтверждённый конечный получатель.",1,0,20000.0,0.0,1,0,0.0008971220687046569,0.0,0.0,4,False,True,False,,1,False,False
100000004911971100,terminal,0.33,33,0.3116,"Обрыв обхода на 4-м колене: исходящие за пределами выборки не видны. Получил 35,000 KZT от 1 плательщиков — возможный, но не подтверждённый конечный получатель.",1,0,35000.0,0.0,3,0,0.0002903415233122076,0.0,0.0,4,False,True,False,,1,False,False
100000001202787100,terminal,0.36,0,0.3937,"Обрыв обхода на 4-м колене: исходящие за пределами выборки не видны. Получил 14,850 KZT от 2 плательщиков — возможный, но не подтверждённый конечный получатель.",2,0,14850.0,0.0,2,0,0.00035270329012986404,0.0,0.0,4,False,True,False,,1,False,False
100000008469048100,terminal,0.33,0,0.5798,"Обрыв обхода на 4-м колене: исходящие за пределами выборки не видны. Получил 265,200 KZT от 1 плательщиков — возможный, но не подтверждённый конечный получатель.",1,0,265200.0,0.0,7,0,0.0005813053382470212,0.0,0.0,4,False,True,False,,1,False,False
100000002635746100,terminal,0.33,8,0.2406,"Обрыв обхода на 4-м колене: исходящие за пределами выборки не видны. Получил 5,300 KZT от 1 плательщиков — возможный, но не подтверждённый конечный получатель.",1,0,5300.0,0.0,1,0,0.00028969721184875225,0.0,0.0,4,False,True,False,,1,False,False
100000008321975100,terminal,0.33,22,0.3221,"Обрыв обхода на 4-м колене: исходящие за пределами выборки не видны. Получил 5,900 KZT от 1 плательщиков — возможный, но не подтверждённый конечный получатель.",1,0,5900.0,0.0,1,0,0.00030458143364331516,0.0,0.0,4,False,True,False,,1,False,False
100000003078839100,terminal,0.33,2,0.363,"Обрыв обхода на 4-м колене: исходящие за пределами выборки не видны. Получил 14,000 KZT от 1 плательщиков — возможный, но не подтверждённый конечный получатель.",1,0,14000.0,0.0,2,0,0.00031619592048659126,0.0,0.0,4,False,True,False,,1,False,False
100000004006327100,terminal,0.33,5,0.5796,"Обрыв обхода на 4-м колене: исходящие за пределами выборки не видны. Получил 300,000 KZT от 1 плательщиков — возможный, но не подтверждённый конечный получатель.",1,0,300000.0,0.0,3,0,0.0005574958046554642,0.0,0.0,4,False,True,False,,1,False,False
100000007865484100,terminal,0.33,38,0.5509,"Обрыв обхода на 4-м колене: исходящие за пределами выборки не видны. Получил 584,600 KZT от 1 плательщиков — возможный, но не подтверждённый конечный получатель.",1,0,584600.0,0.0,2,0,0.0003678097529797338,0.0,0.0,4,False,True,False,,1,False,False
100000005367180100,terminal,0.33,2,0.4514,"Обрыв обхода на 4-м колене: исходящие за пределами выборки не видны. Получил 7,700 KZT от 1 плательщиков — возможный, но не подтверждённый конечный получатель.",1,0,7700.0,0.0,1,0,0.0007861065673620736,0.0,0.0,4,False,True,False,,1,False,False
100000001669260100,terminal,0.33,2,0.5984,"Обрыв обхода на 4-м колене: исходящие за пределами выборки не видны. Получил 500,000 KZT от 1 плательщиков — возможный, но не подтверждённый конечный получатель.",1,0,500000.0,0.0,1,0,0.0005625548425347723,0.0,0.0,4,False,True,False,,1,False,False
100000001297206100,terminal,0.33,0,0.3072,"Обрыв обхода на 4-м колене: исходящие за пределами выборки не видны. Получил 6,758 KZT от 1 плательщиков — возможный, но не подтверждённый конечный получатель.",1,0,6758.0,0.0,1,0,0.0002998452832971284,0.0,0.0,4,False,True,False,,1,False,False
100000002645046100,terminal,0.33,8,0.2885,"Обрыв обхода на 4-м колене: исходящие за пределами выборки не видны. Получил 12,000 KZT от 1 плательщиков — возможный, но не подтверждённый конечный получатель.",1,0,12000.0,0.0,1,0,0.0002932979703135095,0.0,0.0,4,False,True,False,,1,False,False
100000006308406100,terminal,0.33,22,0.5557,"Обрыв обхода на 4-м колене: исходящие за пределами выборки не видны. Получил 183,000 KZT от 1 плательщиков — возможный, но не подтверждённый конечный получатель.",1,0,183000.0,0.0,2,0,0.0005416555675697146,0.0,0.0,4,False,True,False,,1,False,False
100000002728246100,terminal,0.33,3,0.4326,"Обрыв обхода на 4-м колене: исходящие за пределами выборки не видны. Получил 10,000 KZT от 1 плательщиков — возможный, но не подтверждённый конечный получатель.",1,0,10000.0,0.0,1,0,0.0005409922702021911,0.0,0.0,4,False,True,False,,1,False,False
100000001590795100,terminal,0.33,8,0.2382,"Обрыв обхода на 4-м колене: исходящие за пределами выборки не видны. Получил 5,060 KZT от 1 плательщиков — возможный, но не подтверждённый конечный получатель.",1,0,5060.0,0.0,1,0,0.00028956822945598484,0.0,0.0,4,False,True,False,,1,False,False
100000006257675100,terminal,0.33,22,0.48,"Обрыв обхода на 4-м колене: исходящие за пределами выборки не видны. Получил 70,000 KZT от 1 плательщиков — возможный, но не подтверждённый конечный получатель.",1,0,70000.0,0.0,2,0,0.0003843159008533916,0.0,0.0,4,False,True,False,,1,False,False
100000002130400100,terminal,0.33,34,0.3572,"Обрыв обхода на 4-м колене: исходящие за пределами выборки не видны. Получил 10,000 KZT от 1 плательщиков — возможный, но не подтверждённый конечный получатель.",1,0,10000.0,0.0,1,0,0.0003189567187071328,0.0,0.0,4,False,True,False,,1,False,False
100000000557536100,terminal,0.33,33,0.4399,"Обрыв обхода на 4-м колене: исходящие за пределами выборки не видны. Получил 153,000 KZT от 1 плательщиков — возможный, но не подтверждённый конечный получатель.",1,0,153000.0,0.0,7,0,0.0003021168196314696,0.0,0.0,4,False,True,False,,1,False,False
100000002689717100,terminal,0.33,8,0.3984,"Обрыв обхода на 4-м колене: исходящие за пределами выборки не видны. Получил 47,500 KZT от 1 плательщиков — возможный, но не подтверждённый конечный получатель.",1,0,47500.0,0.0,1,0,0.0003047018342906136,0.0,0.0,4,False,True,False,,1,False,False
100000005189258100,terminal,0.33,3,0.4253,"Обрыв обхода на 4-м колене: исходящие за пределами выборки не видны. Получил 50,000 KZT от 1 плательщиков — возможный, но не подтверждённый конечный получатель.",1,0,50000.0,0.0,1,0,0.0003173782403649302,0.0,0.0,4,False,True,False,,1,False,False
100000002748511100,terminal,0.33,4,0.4675,"Обрыв обхода на 4-м колене: исходящие за пределами выборки не видны. Получил 20,000 KZT от 1 плательщиков — возможный, но не подтверждённый конечный получатель.",1,0,20000.0,0.0,1,0,0.0005698407341831303,0.0,0.0,4,False,True,False,,1,False,False
100000002371892100,terminal,0.33,48,0.399,"Обрыв обхода на 4-м колене: исходящие за пределами выборки не видны. Получил 43,830 KZT от 1 плательщиков — возможный, но не подтверждённый конечный получатель.",1,0,43830.0,0.0,1,0,0.00030790082434017,0.0,0.0,4,False,True,False,,1,False,False
100000008130868100,terminal,0.33,12,0.4429,"Обрыв обхода на 4-м колене: исходящие за пределами выборки не видны. Получил 22,782 KZT от 1 плательщиков — возможный, но не подтверждённый конечный получатель.",1,0,22782.0,0.0,1,0,0.00045359052102125687,0.0,0.0,4,False,True,False,,1,False,False
100000007153161100,terminal,0.33,0,0.4893,"Обрыв обхода на 4-м колене: исходящие за пределами выборки не видны. Получил 44,997 KZT от 1 плательщиков — возможный, но не подтверждённый конечный получатель.",1,0,44997.0,0.0,1,0,0.0005332711575594892,0.0,0.0,4,False,True,False,,1,False,False
100000002994441100,terminal,0.33,2,0.4267,"Обрыв обхода на 4-м колене: исходящие за пределами выборки не видны. Получил 5,000 KZT от 1 плательщиков — возможный, но не подтверждённый конечный получатель.",1,0,5000.0,0.0,1,0,0.0005556781124537378,0.0,0.0,4,False,True,False,,1,False,False
100000001065481100,terminal,0.33,14,0.4249,"Обрыв обхода на 4-м колене: исходящие за пределами выборки не видны. Получил 16,000 KZT от 1 плательщиков — возможный, но не подтверждённый конечный получатель.",1,0,16000.0,0.0,2,0,0.00043416376262416407,0.0,0.0,4,False,True,False,,1,False,False
100000007731977100,terminal,0.33,0,0.4442,"Обрыв обхода на 4-м колене: исходящие за пределами выборки не видны. Получил 50,000 KZT от 1 плательщиков — возможный, но не подтверждённый конечный получатель.",1,0,50000.0,0.0,1,0,0.00033827006055626096,0.0,0.0,4,False,True,False,,1,False,False
100000003252446100,terminal,0.33,5,0.4243,"Обрыв обхода на 4-м колене: исходящие за пределами выборки не видны. Получил 108,600 KZT от 1 плательщиков — возможный, но не подтверждённый конечный получатель.",1,0,108600.0,0.0,1,0,0.0003013287591661415,0.0,0.0,4,False,True,False,,1,False,False
100000002671326100,terminal,0.33,5,0.6197,"Обрыв обхода на 4-м колене: исходящие за пределами выборки не видны. Получил 1,050,000 KZT от 1 плательщиков — возможный, но не подтверждённый конечный получатель.",1,0,1050000.0,0.0,2,0,0.0006321600024575443,0.0,0.0,4,False,True,False,,1,False,False
100000005087923100,terminal,0.33,10,0.4381,"Обрыв обхода на 4-м колене: исходящие за пределами выборки не видны. Получил 20,000 KZT от 1 плательщиков — возможный, но не подтверждённый конечный получатель.",1,0,20000.0,0.0,1,0,0.0004625720014612528,0.0,0.0,4,False,True,False,,1,False,False
100000008770483100,terminal,0.33,18,0.2449,"Обрыв обхода на 4-м колене: исходящие за пределами выборки не видны. Получил 5,000 KZT от 1 плательщиков — возможный, но не подтверждённый конечный получатель.",1,0,5000.0,0.0,1,0,0.00029018576583990385,0.0,0.0,4,False,True,False,,1,False,False
100000002748040100,terminal,0.33,8,0.3069,"Обрыв обхода на 4-м колене: исходящие за пределами выборки не видны. Получил 18,000 KZT от 1 плательщиков — возможный, но не подтверждённый конечный получатель.",1,0,18000.0,0.0,1,0,0.0002936141918346869,0.0,0.0,4,False,True,False,,1,False,False
100000004800648100,terminal,0.33,2,0.484,"Обрыв обхода на 4-м колене: исходящие за пределами выборки не видны. Получил 131,000 KZT от 1 плательщиков — возможный, но не подтверждённый конечный получатель.",1,0,131000.0,0.0,1,0,0.00033833060451709444,0.0,0.0,4,False,True,False,,1,False,False
100000005025629100,terminal,0.33,3,0.3418,"Обрыв обхода на 4-м колене: исходящие за пределами выборки не видны. Получил 5,227 KZT от 1 плательщиков — возможный, но не подтверждённый конечный получатель.",1,0,5227.0,0.0,1,0,0.0003155519288899832,0.0,0.0,4,False,True,False,,1,False,False
100000000581682100,terminal,0.33,20,0.2624,"Обрыв обхода на 4-м колене: исходящие за пределами выборки не видны. Получил 5,000 KZT от 1 плательщиков — возможный, но не подтверждённый конечный получатель.",1,0,5000.0,0.0,1,0,0.00029216224557313106,0.0,0.0,4,False,True,False,,1,False,False
100000004976946100,terminal,0.33,38,0.4946,"Обрыв обхода на 4-м колене: исходящие за пределами выборки не видны. Получил 246,000 KZT от 1 плательщиков — возможный, но не подтверждённый конечный получатель.",1,0,246000.0,0.0,1,0,0.0003209172426815196,0.0,0.0,4,False,True,False,,1,False,False
100000000957746100,terminal,0.33,16,0.3709,"Обрыв обхода на 4-м колене: исходящие за пределами выборки не видны. Получил 5,300 KZT от 1 плательщиков — возможный, но не подтверждённый конечный получатель.",1,0,5300.0,0.0,1,0,0.0003488443902950835,0.0,0.0,4,False,True,False,,1,False,False
100000003001138100,terminal,0.33,20,0.4028,"Обрыв обхода на 4-м колене: исходящие за пределами выборки не видны. Получил 30,000 KZT от 1 плательщиков — возможный, но не подтверждённый конечный получатель.",1,0,30000.0,0.0,1,0,0.00031872922006309466,0.0,0.0,4,False,True,False,,1,False,False
100000001325618100,terminal,0.33,8,0.27,"Обрыв обхода на 4-м колене: исходящие за пределами выборки не видны. Получил 9,300 KZT от 1 плательщиков — возможный, но не подтверждённый конечный получатель.",1,0,9300.0,0.0,1,0,0.00029184691839487595,0.0,0.0,4,False,True,False,,1,False,False
100000003792647100,terminal,0.33,3,0.3972,"Обрыв обхода на 4-м колене: исходящие за пределами выборки не видны. Получил 8,000 KZT от 1 плательщиков — возможный, но не подтверждённый конечный получатель.",1,0,8000.0,0.0,1,0,0.000402012618331819,0.0,0.0,4,False,True,False,,1,False,False
100000004107228100,terminal,0.33,7,0.2419,"Обрыв обхода на 4-м колене: исходящие за пределами выборки не видны. Получил 5,000 KZT от 1 плательщиков — возможный, но не подтверждённый конечный получатель.",1,0,5000.0,0.0,1,0,0.00029000125754278497,0.0,0.0,4,False,True,False,,1,False,False
100000003500764100,terminal,0.33,16,0.4538,"Обрыв обхода на 4-м колене: исходящие за пределами выборки не видны. Получил 21,000 KZT от 1 плательщиков — возможный, но не подтверждённый конечный получатель.",1,0,21000.0,0.0,1,0,0.0005324915548296379,0.0,0.0,4,False,True,False,,1,False,False
100000004261340100,terminal,0.33,0,0.4487,"Обрыв обхода на 4-м колене: исходящие за пределами выборки не видны. Получил 48,500 KZT от 1 плательщиков — возможный, но не подтверждённый конечный получатель.",1,0,48500.0,0.0,4,0,0.00034892592172266004,0.0,0.0,4,False,True,False,,1,False,False
100000008172721100,terminal,0.33,2,0.521,"Обрыв обхода на 4-м колене: исходящие за пределами выборки не видны. Получил 168,335 KZT от 1 плательщиков — возможный, но не подтверждённый конечный получатель.",1,0,168335.0,0.0,1,0,0.00039696133508035906,0.0,0.0,4,False,True,False,,1,False,False
100000005079473100,terminal,0.33,2,0.4239,"Обрыв обхода на 4-м колене: исходящие за пределами выборки не видны. Получил 39,312 KZT от 1 плательщиков — возможный, но не подтверждённый конечный получатель.",1,0,39312.0,0.0,1,0,0.00032745695694141343,0.0,0.0,4,False,True,False,,1,False,False
100000004850609100,terminal,0.33,3,0.3498,"Обрыв обхода на 4-м колене: исходящие за пределами выборки не видны. Получил 10,000 KZT от 1 плательщиков — возможный, но не подтверждённый конечный получатель.",1,0,10000.0,0.0,1,0,0.0003144259128225461,0.0,0.0,4,False,True,False,,1,False,False
100000005042822100,terminal,0.33,30,0.582,"Обрыв обхода на 4-м колене: исходящие за пределами выборки не видны. Получил 1,000,000 KZT от 1 плательщиков — возможный, но не подтверждённый конечный получатель.",1,0,1000000.0,0.0,1,0,0.00045457836760547706,0.0,0.0,4,False,True,False,,1,False,False
100000002794374100,terminal,0.33,18,0.494,"Обрыв обхода на 4-м колене: исходящие за пределами выборки не видны. Получил 111,000 KZT от 1 плательщиков — возможный, но не подтверждённый конечный получатель.",1,0,111000.0,0.0,1,0,0.0003653757490279972,0.0,0.0,4,False,True,False,,1,False,False
100000002860934100,terminal,0.33,20,0.5814,"Обрыв обхода на 4-м колене: исходящие за пределами выборки не видны. Получил 279,500 KZT от 1 плательщиков — возможный, но не подтверждённый конечный получатель.",1,0,279500.0,0.0,4,0,0.0005838676254729311,0.0,0.0,4,False,True,False,,1,False,False
100000003097947100,terminal,0.33,2,0.435,"Обрыв обхода на 4-м колене: исходящие за пределами выборки не видны. Получил 52,980 KZT от 1 плательщиков — возможный, но не подтверждённый конечный получатель.",1,0,52980.0,0.0,1,0,0.0003215045041268186,0.0,0.0,4,False,True,False,,1,False,False
100000004260869100,terminal,0.33,4,0.4594,"Обрыв обхода на 4-м колене: исходящие за пределами выборки не видны. Получил 10,000 KZT от 1 плательщиков — возможный, но не подтверждённый конечный получатель.",1,0,10000.0,0.0,1,0,0.0008457607369041788,0.0,0.0,4,False,True,False,,1,False,False
100000008762885100,terminal,0.33,5,0.2333,"Обрыв обхода на 4-м колене: исходящие за пределами выборки не видны. Получил 7,000 KZT от 1 плательщиков — возможный, но не подтверждённый конечный получатель.",1,0,7000.0,0.0,1,0,0.00028855049893795285,0.0,0.0,4,False,True,False,,1,False,False
100000002986245100,terminal,0.33,8,0.2445,"Обрыв обхода на 4-м колене: исходящие за пределами выборки не видны. Получил 5,750 KZT от 1 плательщиков — возможный, но не подтверждённый конечный получатель.",1,0,5750.0,0.0,1,0,0.00028993905383519115,0.0,0.0,4,False,True,False,,1,False,False
100000001471706100,terminal,0.33,21,0.5811,"Обрыв обхода на 4-м колене: исходящие за пределами выборки не видны. Получил 377,000 KZT от 1 плательщиков — возможный, но не подтверждённый конечный получатель.",1,0,377000.0,0.0,8,0,0.0005424888658158649,0.0,0.0,4,False,True,False,,1,False,False
100000002304943100,terminal,0.33,22,0.3492,"Обрыв обхода на 4-м колене: исходящие за пределами выборки не видны. Получил 15,000 KZT от 1 плательщиков — возможный, но не подтверждённый конечный получатель.",1,0,15000.0,0.0,1,0,0.0003077346471419069,0.0,0.0,4,False,True,False,,1,False,False
100000002695812100,terminal,0.33,8,0.4608,"Обрыв обхода на 4-м колене: исходящие за пределами выборки не видны. Получил 95,000 KZT от 1 плательщиков — возможный, но не подтверждённый конечный получатель.",1,0,95000.0,0.0,1,0,0.00032255481790608885,0.0,0.0,4,False,True,False,,1,False,False
100000008761220100,terminal,0.33,5,0.2374,"Обрыв обхода на 4-м колене: исходящие за пределами выборки не видны. Получил 10,000 KZT от 1 плательщиков — возможный, но не подтверждённый конечный получатель.",1,0,10000.0,0.0,1,0,0.0002881700501369181,0.0,0.0,4,False,True,False,,1,False,False
100000004890713100,terminal,0.33,8,0.3828,"Обрыв обхода на 4-м колене: исходящие за пределами выборки не видны. Получил 40,485 KZT от 1 плательщиков — возможный, но не подтверждённый конечный получатель.",1,0,40485.0,0.0,1,0,0.0003020652304998229,0.0,0.0,4,False,True,False,,1,False,False
100000003083865100,terminal,0.33,8,0.2898,"Обрыв обхода на 4-м колене: исходящие за пределами выборки не видны. Получил 15,000 KZT от 1 плательщиков — возможный, но не подтверждённый конечный получатель.",1,0,15000.0,0.0,1,0,0.0002924866349747621,0.0,0.0,4,False,True,False,,1,False,False
100000004030553100,terminal,0.33,2,0.5104,"Обрыв обхода на 4-м колене: исходящие за пределами выборки не видны. Получил 70,000 KZT от 1 плательщиков — возможный, но не подтверждённый конечный получатель.",1,0,70000.0,0.0,1,0,0.0005331552426414794,0.0,0.0,4,False,True,False,,1,False,False
100000002653187100,terminal,0.33,2,0.4272,"Обрыв обхода на 4-м колене: исходящие за пределами выборки не видны. Получил 15,000 KZT от 1 плательщиков — возможный, но не подтверждённый конечный получатель.",1,0,15000.0,0.0,1,0,0.00047534234389121413,0.0,0.0,4,False,True,False,,1,False,False
100000006412162100,terminal,0.33,8,0.3058,"Обрыв обхода на 4-м колене: исходящие за пределами выборки не видны. Получил 15,000 KZT от 1 плательщиков — возможный, но не подтверждённый конечный получатель.",1,0,15000.0,0.0,2,0,0.0002949102502231022,0.0,0.0,4,False,True,False,,1,False,False
100000004674178100,terminal,0.33,26,0.3547,"Обрыв обхода на 4-м колене: исходящие за пределами выборки не видны. Получил 20,000 KZT от 1 плательщиков — возможный, но не подтверждённый конечный получатель.",1,0,20000.0,0.0,1,0,0.0003040958686978951,0.0,0.0,4,False,True,False,,1,False,False
100000004070530100,terminal,0.33,39,0.2642,"Обрыв обхода на 4-м колене: исходящие за пределами выборки не видны. Получил 20,000 KZT от 1 плательщиков — возможный, но не подтверждённый конечный получатель.",1,0,20000.0,0.0,1,0,0.00028848557212222736,0.0,0.0,4,False,True,False,,1,False,False
100000006706519100,terminal,0.33,0,0.4526,"Обрыв обхода на 4-м колене: исходящие за пределами выборки не видны. Получил 36,000 KZT от 1 плательщиков — возможный, но не подтверждённый конечный получатель.",1,0,36000.0,0.0,3,0,0.0003924379689056117,0.0,0.0,4,False,True,False,,1,False,False
100000005636951100,terminal,0.33,10,0.508,"Обрыв обхода на 4-м колене: исходящие за пределами выборки не видны. Получил 40,000 KZT от 1 плательщиков — возможный, но не подтверждённый конечный получатель.",1,0,40000.0,0.0,1,0,0.0006382951522473674,0.0,0.0,4,False,True,False,,1,False,False
100000003040087100,terminal,0.33,8,0.3516,"Обрыв обхода на 4-м колене: исходящие за пределами выборки не видны. Получил 29,000 KZT от 1 плательщиков — возможный, но не подтверждённый конечный получатель.",1,0,29000.0,0.0,1,0,0.00029774856698774427,0.0,0.0,4,False,True,False,,1,False,False
100000008766764100,terminal,0.33,5,0.2198,"Обрыв обхода на 4-м колене: исходящие за пределами выборки не видны. Получил 5,000 KZT от 1 плательщиков — возможный, но не подтверждённый конечный получатель.",1,0,5000.0,0.0,1,0,0.00028750945040602826,0.0,0.0,4,False,True,False,,1,False,False
100000000299820100,terminal,0.33,2,0.4121,"Обрыв обхода на 4-м колене: исходящие за пределами выборки не видны. Получил 10,000 KZT от 1 плательщиков — возможный, но не подтверждённый конечный получатель.",1,0,10000.0,0.0,1,0,0.00045214259963337317,0.0,0.0,4,False,True,False,,1,False,False
100000008349740100,terminal,0.33,33,0.3717,"Обрыв обхода на 4-м колене: исходящие за пределами выборки не видны. Получил 70,000 KZT от 1 плательщиков — возможный, но не подтверждённый конечный получатель.",1,0,70000.0,0.0,2,0,0.0002938341959492768,0.0,0.0,4,False,True,False,,1,False,False
100000008761132100,terminal,0.33,5,0.2374,"Обрыв обхода на 4-м колене: исходящие за пределами выборки не видны. Получил 10,000 KZT от 1 плательщиков — возможный, но не подтверждённый конечный получатель.",1,0,10000.0,0.0,1,0,0.0002881700501369181,0.0,0.0,4,False,True,False,,1,False,False
100000002540033100,terminal,0.33,18,0.4458,"Обрыв обхода на 4-м колене: исходящие за пределами выборки не видны. Получил 10,000 KZT от 1 плательщиков — возможный, но не подтверждённый конечный получатель.",1,0,10000.0,0.0,1,0,0.0005986691957838233,0.0,0.0,4,False,True,False,,1,False,False
100000001845505100,terminal,0.33,2,0.4707,"Обрыв обхода на 4-м колене: исходящие за пределами выборки не видны. Получил 20,000 KZT от 1 плательщиков — возможный, но не подтверждённый конечный получатель.",1,0,20000.0,0.0,1,0,0.0005949335340785998,0.0,0.0,4,False,True,False,,1,False,False
100000003782913100,terminal,0.33,13,0.4445,"Обрыв обхода на 4-м колене: исходящие за пределами выборки не видны. Получил 200,000 KZT от 1 плательщиков — возможный, но не подтверждённый конечный получатель.",1,0,200000.0,0.0,1,0,0.00030073738213747366,0.0,0.0,4,False,True,False,,1,False,False
100000008778753100,terminal,0.33,26,0.2972,"Обрыв обхода на 4-м колене: исходящие за пределами выборки не видны. Получил 10,000 KZT от 1 плательщиков — возможный, но не подтверждённый конечный получатель.",1,0,10000.0,0.0,1,0,0.00029547235968651676,0.0,0.0,4,False,True,False,,1,False,False
100000008710913100,terminal,0.33,5,0.2559,"Обрыв обхода на 4-м колене: исходящие за пределами выборки не видны. Получил 14,000 KZT от 1 плательщиков — возможный, но не подтверждённый конечный получатель.",1,0,14000.0,0.0,1,0,0.0002894015760989904,0.0,0.0,4,False,True,False,,1,False,False
100000005495211100,terminal,0.33,0,0.4513,"Обрыв обхода на 4-м колене: исходящие за пределами выборки не видны. Получил 14,500 KZT от 1 плательщиков — возможный, но не подтверждённый конечный получатель.",1,0,14500.0,0.0,1,0,0.0005623945621466788,0.0,0.0,4,False,True,False,,1,False,False
100000004013952100,terminal,0.33,0,0.4194,"Обрыв обхода на 4-м колене: исходящие за пределами выборки не видны. Получил 5,500 KZT от 1 плательщиков — возможный, но не подтверждённый конечный получатель.",1,0,5500.0,0.0,1,0,0.0005354750926490612,0.0,0.0,4,False,True,False,,1,False,False
100000007330432100,terminal,0.33,48,0.593,"Обрыв обхода на 4-м колене: исходящие за пределами выборки не видны. Получил 584,900 KZT от 1 плательщиков — возможный, но не подтверждённый конечный получатель.",1,0,584900.0,0.0,1,0,0.000540525295317474,0.0,0.0,4,False,True,False,,1,False,False
100000000737152100,terminal,0.33,0,0.4324,"Обрыв обхода на 4-м колене: исходящие за пределами выборки не видны. Получил 35,000 KZT от 1 плательщиков — возможный, но не подтверждённый конечный получатель.",1,0,35000.0,0.0,1,0,0.00034603341131449075,0.0,0.0,4,False,True,False,,1,False,False
100000004674389100,terminal,0.33,11,0.3953,"Обрыв обхода на 4-м колене: исходящие за пределами выборки не видны. Получил 15,000 KZT от 1 плательщиков — возможный, но не подтверждённый конечный получатель.",1,0,15000.0,0.0,1,0,0.000353579041771984,0.0,0.0,4,False,True,False,,1,False,False
100000002529877100,terminal,0.33,12,0.4673,"Обрыв обхода на 4-м колене: исходящие за пределами выборки не видны. Получил 232,000 KZT от 1 плательщиков — возможный, но не подтверждённый конечный получатель.",1,0,232000.0,0.0,1,0,0.0003072001353201497,0.0,0.0,4,False,True,False,,1,False,False
100000004035925100,terminal,0.33,62,0.5844,"Обрыв обхода на 4-м колене: исходящие за пределами выборки не видны. Получил 1,111,588 KZT от 1 плательщиков — возможный, но не подтверждённый конечный получатель.",1,0,1111588.0,0.0,2,0,0.00046444598509808423,0.0,0.0,4,False,True,False,,1,False,False
100000002188586100,terminal,0.33,8,0.377,"Обрыв обхода на 4-м колене: исходящие за пределами выборки не видны. Получил 38,310 KZT от 1 плательщиков — возможный, но не подтверждённый конечный получатель.",1,0,38310.0,0.0,1,0,0.0003012477517763774,0.0,0.0,4,False,True,False,,1,False,False
100000008050986100,terminal,0.33,3,0.4449,"Обрыв обхода на 4-м колене: исходящие за пределами выборки не видны. Получил 95,000 KZT от 1 плательщиков — возможный, но не подтверждённый конечный получатель.",1,0,95000.0,0.0,2,0,0.00031319903970008,0.0,0.0,4,False,True,False,,1,False,False
100000004777215100,terminal,0.33,22,0.4928,"Обрыв обхода на 4-м колене: исходящие за пределами выборки не видны. Получил 60,000 KZT от 1 плательщиков — возможный, но не подтверждённый конечный получатель.",1,0,60000.0,0.0,1,0,0.00046718020289388527,0.0,0.0,4,False,True,False,,1,False,False
100000000926078100,terminal,0.33,2,0.5566,"Обрыв обхода на 4-м колене: исходящие за пределами выборки не видны. Получил 250,000 KZT от 1 плательщиков — возможный, но не подтверждённый конечный получатель.",1,0,250000.0,0.0,1,0,0.0005188088149532335,0.0,0.0,4,False,True,False,,1,False,False
100000003486846100,terminal,0.33,4,0.4683,"Обрыв обхода на 4-м колене: исходящие за пределами выборки не видны. Получил 27,000 KZT от 1 плательщиков — возможный, но не подтверждённый конечный получатель.",1,0,27000.0,0.0,2,0,0.0005334629102066386,0.0,0.0,4,False,True,False,,1,False,False
100000002516862100,terminal,0.33,56,0.4715,"Обрыв обхода на 4-м колене: исходящие за пределами выборки не видны. Получил 81,710 KZT от 1 плательщиков — возможный, но не подтверждённый конечный получатель.",1,0,81710.0,0.0,5,0,0.00035098988379035254,0.0,0.0,4,False,True,False,,1,False,False
100000008730238100,terminal,0.33,5,0.5473,"Обрыв обхода на 4-м колене: исходящие за пределами выборки не видны. Получил 113,000 KZT от 1 плательщиков — возможный, но не подтверждённый конечный получатель.",1,0,113000.0,0.0,1,0,0.0005656901911760248,0.0,0.0,4,False,True,False,,1,False,False
100000000803368100,terminal,0.33,13,0.5477,"Обрыв обхода на 4-м колене: исходящие за пределами выборки не видны. Получил 139,503 KZT от 1 плательщиков — возможный, но не подтверждённый конечный получатель.",1,0,139503.0,0.0,1,0,0.0005505683576775047,0.0,0.0,4,False,True,False,,1,False,False
100000002528978100,terminal,0.33,8,0.2959,"Обрыв обхода на 4-м колене: исходящие за пределами выборки не видны. Получил 15,900 KZT от 1 плательщиков — возможный, но не подтверждённый конечный получатель.",1,0,15900.0,0.0,1,0,0.0002928249020327396,0.0,0.0,4,False,True,False,,1,False,False
100000002597074100,terminal,0.33,0,0.3397,"Обрыв обхода на 4-м колене: исходящие за пределами выборки не видны. Получил 8,000 KZT от 1 плательщиков — возможный, но не подтверждённый конечный получатель.",1,0,8000.0,0.0,1,0,0.00031181326024781687,0.0,0.0,4,False,True,False,,1,False,False
100000003631015100,terminal,0.33,38,0.5,"Обрыв обхода на 4-м колене: исходящие за пределами выборки не видны. Получил 266,000 KZT от 1 плательщиков — возможный, но не подтверждённый конечный получатель.",1,0,266000.0,0.0,1,0,0.0003236870306495181,0.0,0.0,4,False,True,False,,1,False,False
100000008255655100,terminal,0.33,16,0.4169,"Обрыв обхода на 4-м колене: исходящие за пределами выборки не видны. Получил 5,400 KZT от 1 плательщиков — возможный, но не подтверждённый конечный получатель.",1,0,5400.0,0.0,1,0,0.000533519628047031,0.0,0.0,4,False,True,False,,1,False,False
100000004265639100,terminal,0.33,2,0.4388,"Обрыв обхода на 4-м колене: исходящие за пределами выборки не видны. Получил 10,000 KZT от 1 плательщиков — возможный, но не подтверждённый конечный получатель.",1,0,10000.0,0.0,1,0,0.0005547248904262286,0.0,0.0,4,False,True,False,,1,False,False
100000002726055100,terminal,0.33,22,0.377,"Обрыв обхода на 4-м колене: исходящие за пределами выборки не видны. Получил 10,000 KZT от 1 плательщиков — возможный, но не подтверждённый конечный получатель.",1,0,10000.0,0.0,1,0,0.00034152108536753147,0.0,0.0,4,False,True,False,,1,False,False
100000003696422100,terminal,0.33,30,0.5606,"Обрыв обхода на 4-м колене: исходящие за пределами выборки не видны. Получил 118,000 KZT от 1 плательщиков — возможный, но не подтверждённый конечный получатель.",1,0,118000.0,0.0,2,0,0.0007114053244004059,0.0,0.0,4,False,True,False,,1,False,False
100000007745062100,terminal,0.33,17,0.5489,"Обрыв обхода на 4-м колене: исходящие за пределами выборки не видны. Получил 100,000 KZT от 1 плательщиков — возможный, но не подтверждённый конечный получатель.",1,0,100000.0,0.0,1,0,0.000627956797946691,0.0,0.0,4,False,True,False,,1,False,False
100000005041147100,terminal,0.33,0,0.4298,"Обрыв обхода на 4-м колене: исходящие за пределами выборки не видны. Получил 10,000 KZT от 1 плательщиков — возможный, но не подтверждённый конечный получатель.",1,0,10000.0,0.0,1,0,0.0005360977425857718,0.0,0.0,4,False,True,False,,1,False,False
100000003819173100,terminal,0.33,2,0.4143,"Обрыв обхода на 4-м колене: исходящие за пределами выборки не видны. Получил 143,777 KZT от 1 плательщиков — возможный, но не подтверждённый конечный получатель.",1,0,143777.0,0.0,1,0,0.0002965298891679563,0.0,0.0,4,False,True,False,,1,False,False
100000001275557100,terminal,0.33,23,0.4067,"Обрыв обхода на 4-м колене: исходящие за пределами выборки не видны. Получил 20,000 KZT от 1 плательщиков — возможный, но не подтверждённый конечный получатель.",1,0,20000.0,0.0,1,0,0.00034909428805265133,0.0,0.0,4,False,True,False,,1,False,False
100000002706810100,terminal,0.33,8,0.4068,"Обрыв обхода на 4-м колене: исходящие за пределами выборки не видны. Получил 45,000 KZT от 1 плательщиков — возможный, но не подтверждённый конечный получатель.",1,0,45000.0,0.0,1,0,0.00031103304931902993,0.0,0.0,4,False,True,False,,1,False,False
100000002896506100,terminal,0.33,3,0.4148,"Обрыв обхода на 4-м колене: исходящие за пределами выборки не видны. Получил 45,000 KZT от 1 плательщиков — возможный, но не подтверждённый конечный получатель.",1,0,45000.0,0.0,1,0,0.0003150275214734872,0.0,0.0,4,False,True,False,,1,False,False
100000008766031100,terminal,0.33,5,0.2218,"Обрыв обхода на 4-м колене: исходящие за пределами выборки не видны. Получил 5,000 KZT от 1 плательщиков — возможный, но не подтверждённый конечный получатель.",1,0,5000.0,0.0,1,0,0.0002877605383265141,0.0,0.0,4,False,True,False,,1,False,False
100000008758607100,terminal,0.33,5,0.2198,"Обрыв обхода на 4-м колене: исходящие за пределами выборки не видны. Получил 5,000 KZT от 1 плательщиков — возможный, но не подтверждённый конечный получатель.",1,0,5000.0,0.0,1,0,0.00028750945040602826,0.0,0.0,4,False,True,False,,1,False,False
100000008648783100,terminal,0.33,8,0.2398,"Обрыв обхода на 4-м колене: исходящие за пределами выборки не видны. Получил 5,200 KZT от 1 плательщиков — возможный, но не подтверждённый конечный получатель.",1,0,5200.0,0.0,1,0,0.00028964346918509916,0.0,0.0,4,False,True,False,,1,False,False
100000004291663100,terminal,0.33,0,0.3824,"Обрыв обхода на 4-м колене: исходящие за пределами выборки не видны. Получил 25,000 KZT от 1 плательщиков — возможный, но не подтверждённый конечный получатель.",1,0,25000.0,0.0,1,0,0.0003125594556156997,0.0,0.0,4,False,True,False,,1,False,False
100000003037476100,terminal,0.39,5,0.5467,"Обрыв обхода на 4-м колене: исходящие за пределами выборки не видны. Получил 555,000 KZT от 3 плательщиков — возможный, но не подтверждённый конечный получатель.",3,0,555000.0,0.0,3,0,0.00036095019104252015,0.0,0.0,4,False,True,False,,2,False,False
100000008715513100,terminal,0.33,8,0.3805,"Обрыв обхода на 4-м колене: исходящие за пределами выборки не видны. Получил 32,500 KZT от 1 плательщиков — возможный, но не подтверждённый конечный получатель.",1,0,32500.0,0.0,1,0,0.0003043152163623934,0.0,0.0,4,False,True,False,,1,False,False
100000001276409100,terminal,0.33,8,0.4601,"Обрыв обхода на 4-м колене: исходящие за пределами выборки не видны. Получил 94,760 KZT от 1 плательщиков — возможный, но не подтверждённый конечный получатель.",1,0,94760.0,0.0,1,0,0.00032246461335729487,0.0,0.0,4,False,True,False,,1,False,False
100000003232675100,terminal,0.33,14,0.4641,"Обрыв обхода на 4-м колене: исходящие за пределами выборки не видны. Получил 44,000 KZT от 1 плательщиков — возможный, но не подтверждённый конечный получатель.",1,0,44000.0,0.0,2,0,0.00040281521597329117,0.0,0.0,4,False,True,False,,1,False,False
100000007988344100,terminal,0.33,0,0.4226,"Обрыв обхода на 4-м колене: исходящие за пределами выборки не видны. Получил 20,000 KZT от 1 плательщиков — возможный, но не подтверждённый конечный получатель.",1,0,20000.0,0.0,3,0,0.00038917124518056363,0.0,0.0,4,False,True,False,,1,False,False
100000003047800100,terminal,0.33,12,0.3992,"Обрыв обхода на 4-м колене: исходящие за пределами выборки не видны. Получил 12,212 KZT от 1 плательщиков — возможный, но не подтверждённый конечный получатель.",1,0,12212.0,0.0,1,0,0.00037622859250056195,0.0,0.0,4,False,True,False,,1,False,False
100000003230328100,terminal,0.39,0,0.4237,"Обрыв обхода на 4-м колене: исходящие за пределами выборки не видны. Получил 26,572 KZT от 3 плательщиков — возможный, но не подтверждённый конечный получатель.",3,0,26572.0,0.0,3,0,0.0003532413930268186,0.0,0.0,4,False,True,False,,1,False,False
100000002702968100,terminal,0.33,8,0.3607,"Обрыв обхода на 4-м колене: исходящие за пределами выборки не видны. Получил 31,600 KZT от 1 плательщиков — возможный, но не подтверждённый конечный получатель.",1,0,31600.0,0.0,1,0,0.00029872578293301243,0.0,0.0,4,False,True,False,,1,False,False
100000004788983100,terminal,0.33,0,0.4332,"Обрыв обхода на 4-м колене: исходящие за пределами выборки не видны. Получил 27,000 KZT от 1 плательщиков — возможный, но не подтверждённый конечный получатель.",1,0,27000.0,0.0,1,0,0.0003711037329829284,0.0,0.0,4,False,True,False,,1,False,False
100000006490615100,terminal,0.33,14,0.4608,"Обрыв обхода на 4-м колене: исходящие за пределами выборки не видны. Получил 41,600 KZT от 1 плательщиков — возможный, но не подтверждённый конечный получатель.",1,0,41600.0,0.0,6,0,0.0003964897778661192,0.0,0.0,4,False,True,False,,1,False,False
100000008745676100,terminal,0.33,6,0.4776,"Обрыв обхода на 4-м колене: исходящие за пределами выборки не видны. Получил 34,547 KZT от 1 плательщиков — возможный, но не подтверждённый конечный получатель.",1,0,34547.0,0.0,1,0,0.0005326470887004865,0.0,0.0,4,False,True,False,,1,False,False
100000001598625100,terminal,0.33,2,0.4445,"Обрыв обхода на 4-м колене: исходящие за пределами выборки не видны. Получил 25,000 KZT от 1 плательщиков — возможный, но не подтверждённый конечный получатель.",1,0,25000.0,0.0,1,0,0.0004307604037600737,0.0,0.0,4,False,True,False,,1,False,False
100000008461217100,terminal,0.33,49,0.4566,"Обрыв обхода на 4-м колене: исходящие за пределами выборки не видны. Получил 18,000 KZT от 1 плательщиков — возможный, но не подтверждённый конечный получатель.",1,0,18000.0,0.0,1,0,0.0005479716592571175,0.0,0.0,4,False,True,False,,1,False,False
100000005711521100,terminal,0.33,14,0.5624,"Обрыв обхода на 4-м колене: исходящие за пределами выборки не видны. Получил 238,000 KZT от 1 плательщиков — возможный, но не подтверждённый конечный получатель.",1,0,238000.0,0.0,1,0,0.0005361799863213344,0.0,0.0,4,False,True,False,,1,False,False
100000002713974100,terminal,0.33,2,0.4396,"Обрыв обхода на 4-м колене: исходящие за пределами выборки не видны. Получил 50,000 KZT от 1 плательщиков — возможный, но не подтверждённый конечный получатель.",1,0,50000.0,0.0,1,0,0.0003314167722143408,0.0,0.0,4,False,True,False,,1,False,False
100000005272139100,terminal,0.33,4,0.5753,"Обрыв обхода на 4-м колене: исходящие за пределами выборки не видны. Получил 165,000 KZT от 1 плательщиков — возможный, но не подтверждённый конечный получатель.",1,0,165000.0,0.0,1,0,0.0007587480153171224,0.0,0.0,4,False,True,False,,1,False,False
100000002968096100,terminal,0.33,2,0.4449,"Обрыв обхода на 4-м колене: исходящие за пределами выборки не видны. Получил 70,000 KZT от 1 плательщиков — возможный, но не подтверждённый конечный получатель.",1,0,70000.0,0.0,1,0,0.00032090597213802445,0.0,0.0,4,False,True,False,,1,False,False
100000004449824100,terminal,0.33,8,0.2674,"Обрыв обхода на 4-м колене: исходящие за пределами выборки не видны. Получил 9,000 KZT от 1 плательщиков — возможный, но не подтверждённый конечный получатель.",1,0,9000.0,0.0,1,0,0.0002916856904039167,0.0,0.0,4,False,True,False,,1,False,False
100000004502048100,terminal,0.33,19,0.3854,"Обрыв обхода на 4-м колене: исходящие за пределами выборки не видны. Получил 13,888 KZT от 1 плательщиков — возможный, но не подтверждённый конечный получатель.",1,0,13888.0,0.0,1,0,0.0003412241622094061,0.0,0.0,4,False,True,False,,1,False,False
100000002660298100,terminal,0.33,8,0.3585,"Обрыв обхода на 4-м колене: исходящие за пределами выборки не видны. Получил 30,900 KZT от 1 плательщиков — возможный, но не подтверждённый конечный получатель.",1,0,30900.0,0.0,1,0,0.00029846268633236333,0.0,0.0,4,False,True,False,,1,False,False
100000001299828100,terminal,0.33,0,0.5365,"Обрыв обхода на 4-м колене: исходящие за пределами выборки не видны. Получил 100,000 KZT от 1 плательщиков — возможный, но не подтверждённый конечный получатель.",1,0,100000.0,0.0,1,0,0.000549649801269113,0.0,0.0,4,False,True,False,,1,False,False
100000000581662100,terminal,0.33,12,0.3591,"Обрыв обхода на 4-м колене: исходящие за пределами выборки не видны. Получил 21,160 KZT от 1 плательщиков — возможный, но не подтверждённый конечный получатель.",1,0,21160.0,0.0,1,0,0.0003042696751806581,0.0,0.0,4,False,True,False,,1,False,False
100000001249054100,terminal,0.33,8,0.303,"Обрыв обхода на 4-м колене: исходящие за пределами выборки не видны. Получил 17,375 KZT от 1 плательщиков — возможный, но не подтверждённый конечный получатель.",1,0,17375.0,0.0,1,0,0.0002933792841555359,0.0,0.0,4,False,True,False,,1,False,False
100000008759795100,terminal,0.33,8,0.3171,"Обрыв обхода на 4-м колене: исходящие за пределами выборки не видны. Получил 17,000 KZT от 1 плательщиков — возможный, но не подтверждённый конечный получатель.",1,0,17000.0,0.0,1,0,0.000295985103496164,0.0,0.0,4,False,True,False,,1,False,False
100000001299443100,terminal,0.33,8,0.2621,"Обрыв обхода на 4-м колене: исходящие за пределами выборки не видны. Получил 8,000 KZT от 1 плательщиков — возможный, но не подтверждённый конечный получатель.",1,0,8000.0,0.0,1,0,0.0002911482637673858,0.0,0.0,4,False,True,False,,1,False,False
100000007997939100,terminal,0.33,5,0.3935,"Обрыв обхода на 4-м колене: исходящие за пределами выборки не видны. Получил 13,000 KZT от 1 плательщиков — возможный, но не подтверждённый конечный получатель.",1,0,13000.0,0.0,1,0,0.0003595468864431238,0.0,0.0,4,False,True,False,,1,False,False
100000003470579100,terminal,0.33,27,0.5881,"Обрыв обхода на 4-м колене: исходящие за пределами выборки не видны. Получил 357,000 KZT от 1 плательщиков — возможный, но не подтверждённый конечный получатель.",1,0,357000.0,0.0,2,0,0.0005709513048242393,0.0,0.0,4,False,True,False,,1,False,False
100000008649416100,terminal,0.33,16,0.4171,"Обрыв обхода на 4-м колене: исходящие за пределами выборки не видны. Получил 5,000 KZT от 1 плательщиков — возможный, но не подтверждённый конечный получатель.",1,0,5000.0,0.0,1,0,0.0005360635952586406,0.0,0.0,4,False,True,False,,1,False,False
100000008183752100,terminal,0.33,18,0.5366,"Обрыв обхода на 4-м колене: исходящие за пределами выборки не видны. Получил 140,000 KZT от 1 плательщиков — возможный, но не подтверждённый конечный получатель.",1,0,140000.0,0.0,1,0,0.0005325122329931624,0.0,0.0,4,False,True,False,,1,False,False
100000003950749100,terminal,0.33,4,0.3897,"Обрыв обхода на 4-м колене: исходящие за пределами выборки не видны. Получил 7,000 KZT от 1 плательщиков — возможный, но не подтверждённый конечный получатель.",1,0,7000.0,0.0,1,0,0.0003858960099029355,0.0,0.0,4,False,True,False,,1,False,False
100000005979037100,terminal,0.33,2,0.4459,"Обрыв обхода на 4-м колене: исходящие за пределами выборки не видны. Получил 60,300 KZT от 1 плательщиков — возможный, но не подтверждённый конечный получатель.",1,0,60300.0,0.0,1,0,0.0003262927144564958,0.0,0.0,4,False,True,False,,1,False,False
100000008734279100,terminal,0.33,2,0.3752,"Обрыв обхода на 4-м колене: исходящие за пределами выборки не видны. Получил 31,650 KZT от 1 плательщиков — возможный, но не подтверждённый конечный получатель.",1,0,31650.0,0.0,1,0,0.0003026792800913577,0.0,0.0,4,False,True,False,,1,False,False
100000005589319100,terminal,0.33,0,0.3825,"Обрыв обхода на 4-м колене: исходящие за пределами выборки не видны. Получил 26,000 KZT от 1 плательщиков — возможный, но не подтверждённый конечный получатель.",1,0,26000.0,0.0,1,0,0.0003113390696856088,0.0,0.0,4,False,True,False,,1,False,False
100000003626268100,terminal,0.33,2,0.414,"Обрыв обхода на 4-м колене: исходящие за пределами выборки не видны. Получил 5,000 KZT от 1 плательщиков — возможный, но не подтверждённый конечный получатель.",1,0,5000.0,0.0,1,0,0.0005332156666387608,0.0,0.0,4,False,True,False,,1,False,False
100000001220124100,terminal,0.33,2,0.4918,"Обрыв обхода на 4-м колене: исходящие за пределами выборки не видны. Получил 40,000 KZT от 1 плательщиков — возможный, но не подтверждённый конечный получатель.",1,0,40000.0,0.0,1,0,0.0005419141070387549,0.0,0.0,4,False,True,False,,1,False,False
100000003904497100,terminal,0.33,5,0.3778,"Обрыв обхода на 4-м колене: исходящие за пределами выборки не видны. Получил 10,000 KZT от 1 плательщиков — возможный, но не подтверждённый конечный получатель.",1,0,10000.0,0.0,1,0,0.0003427704166505118,0.0,0.0,4,False,True,False,,1,False,False
100000001270470100,terminal,0.33,0,0.451,"Обрыв обхода на 4-м колене: исходящие за пределами выборки не видны. Получил 28,300 KZT от 1 плательщиков — возможный, но не подтверждённый конечный получатель.",1,0,28300.0,0.0,2,0,0.00043163503890031514,0.0,0.0,4,False,True,False,,1,False,False
100000003091142100,terminal,0.33,0,0.4628,"Обрыв обхода на 4-м колене: исходящие за пределами выборки не видны. Получил 40,000 KZT от 1 плательщиков — возможный, но не подтверждённый конечный получатель.",1,0,40000.0,0.0,1,0,0.00041167089853853095,0.0,0.0,4,False,True,False,,1,False,False
100000001053894100,terminal,0.33,39,0.5902,"Обрыв обхода на 4-м колене: исходящие за пределами выборки не видны. Получил 2,000,000 KZT от 1 плательщиков — возможный, но не подтверждённый конечный получатель.",1,0,2000000.0,0.0,7,0,0.0004505209953840362,0.0,0.0,4,False,True,False,,1,False,False
100000004722630100,terminal,0.33,50,0.5621,"Обрыв обхода на 4-м колене: исходящие за пределами выборки не видны. Получил 340,000 KZT от 1 плательщиков — возможный, но не подтверждённый конечный получатель.",1,0,340000.0,0.0,2,0,0.0004942926421165502,0.0,0.0,4,False,True,False,,1,False,False
100000004655046100,terminal,0.33,8,0.4743,"Обрыв обхода на 4-м колене: исходящие за пределами выборки не видны. Получил 24,000 KZT от 1 плательщиков — возможный, но не подтверждённый конечный получатель.",1,0,24000.0,0.0,1,0,0.0005599393884220693,0.0,0.0,4,False,True,False,,1,False,False
100000004019056100,terminal,0.33,14,0.5042,"Обрыв обхода на 4-м колене: исходящие за пределами выборки не видны. Получил 50,000 KZT от 1 плательщиков — возможный, но не подтверждённый конечный получатель.",1,0,50000.0,0.0,1,0,0.000543284890318607,0.0,0.0,4,False,True,False,,1,False,False
100000008071749100,terminal,0.33,8,0.3362,"Обрыв обхода на 4-м колене: исходящие за пределами выборки не видны. Получил 24,943 KZT от 1 плательщиков — возможный, но не подтверждённый конечный получатель.",1,0,24943.0,0.0,1,0,0.0002962237342608394,0.0,0.0,4,False,True,False,,1,False,False
100000008221765100,terminal,0.33,3,0.5513,"Обрыв обхода на 4-м колене: исходящие за пределами выборки не видны. Получил 156,354 KZT от 1 плательщиков — возможный, но не подтверждённый конечный получатель.",1,0,156354.0,0.0,1,0,0.000542801136832251,0.0,0.0,4,False,True,False,,1,False,False
100000008778010100,terminal,0.33,6,0.5121,"Обрыв обхода на 4-м колене: исходящие за пределами выборки не видны. Получил 76,950 KZT от 1 плательщиков — возможный, но не подтверждённый конечный получатель.",1,0,76950.0,0.0,2,0,0.0005319634725532234,0.0,0.0,4,False,True,False,,1,False,False
100000004584730100,terminal,0.33,45,0.3983,"Обрыв обхода на 4-м колене: исходящие за пределами выборки не видны. Получил 47,000 KZT от 1 плательщиков — возможный, но не подтверждённый конечный получатель.",1,0,47000.0,0.0,1,0,0.00030519999828623154,0.0,0.0,4,False,True,False,,1,False,False
100000004797167100,terminal,0.33,2,0.4862,"Обрыв обхода на 4-м колене: исходящие за пределами выборки не видны. Получил 31,000 KZT от 1 плательщиков — возможный, но не подтверждённый конечный получатель.",1,0,31000.0,0.0,1,0,0.00055403113219281,0.0,0.0,4,False,True,False,,1,False,False
100000005010159100,terminal,0.33,2,0.4417,"Обрыв обхода на 4-м колене: исходящие за пределами выборки не видны. Получил 7,092 KZT от 1 плательщиков — возможный, но не подтверждённый конечный получатель.",1,0,7092.0,0.0,1,0,0.000617004454873688,0.0,0.0,4,False,True,False,,1,False,False
100000003025903100,terminal,0.33,3,0.5712,"Обрыв обхода на 4-м колене: исходящие за пределами выборки не видны. Получил 386,300 KZT от 1 плательщиков — возможный, но не подтверждённый конечный получатель.",1,0,386300.0,0.0,6,0,0.0005287470846618531,0.0,0.0,4,False,True,False,,1,False,False
100000003005167100,terminal,0.33,8,0.2551,"Обрыв обхода на 4-м колене: исходящие за пределами выборки не видны. Получил 7,000 KZT от 1 плательщиков — возможный, но не подтверждённый конечный получатель.",1,0,7000.0,0.0,1,0,0.00029061083713085483,0.0,0.0,4,False,True,False,,1,False,False
100000002214383100,terminal,0.33,6,0.5546,"Обрыв обхода на 4-м колене: исходящие за пределами выборки не видны. Получил 213,000 KZT от 1 плательщиков — возможный, но не подтверждённый конечный получатель.",1,0,213000.0,0.0,1,0,0.0005331973163312106,0.0,0.0,4,False,True,False,,1,False,False
100000004800452100,terminal,0.33,3,0.4397,"Обрыв обхода на 4-м колене: исходящие за пределами выборки не видны. Получил 6,545 KZT от 1 плательщиков — возможный, но не подтверждённый конечный получатель.",1,0,6544.53,0.0,1,0,0.0006105904186465336,0.0,0.0,4,False,True,False,,1,False,False
100000006903193100,terminal,0.33,2,0.3229,"Обрыв обхода на 4-м колене: исходящие за пределами выборки не видны. Получил 9,000 KZT от 1 плательщиков — возможный, но не подтверждённый конечный получатель.",1,0,9000.0,0.0,1,0,0.0003029508957691164,0.0,0.0,4,False,True,False,,1,False,False
100000007811950100,terminal,0.33,26,0.5058,"Обрыв обхода на 4-м колене: исходящие за пределами выборки не видны. Получил 50,000 KZT от 1 плательщиков — возможный, но не подтверждённый конечный получатель.",1,0,50000.0,0.0,1,0,0.0005486110276407326,0.0,0.0,4,False,True,False,,1,False,False
100000000375150100,terminal,0.33,14,0.5961,"Обрыв обхода на 4-м колене: исходящие за пределами выборки не видны. Получил 300,000 KZT от 1 плательщиков — возможный, но не подтверждённый конечный получатель.",1,0,300000.0,0.0,1,0,0.0007494263644586518,0.0,0.0,4,False,True,False,,1,False,False
100000008775747100,terminal,0.33,5,0.2198,"Обрыв обхода на 4-м колене: исходящие за пределами выборки не видны. Получил 5,000 KZT от 1 плательщиков — возможный, но не подтверждённый конечный получатель.",1,0,5000.0,0.0,1,0,0.00028750945040602826,0.0,0.0,4,False,True,False,,1,False,False
100000006689603100,terminal,0.33,2,0.4979,"Обрыв обхода на 4-м колене: исходящие за пределами выборки не видны. Получил 400,000 KZT от 1 плательщиков — возможный, но не подтверждённый конечный получатель.",1,0,400000.0,0.0,2,0,0.0003137823337574615,0.0,0.0,4,False,True,False,,1,False,False
100000005075949100,terminal,0.33,40,0.6358,"Обрыв обхода на 4-м колене: исходящие за пределами выборки не видны. Получил 2,226,000 KZT от 1 плательщиков — возможный, но не подтверждённый конечный получатель.",1,0,2226000.0,0.0,7,0,0.0007711610848047263,0.0,0.0,4,False,True,False,,1,False,False
100000003985389100,terminal,0.33,2,0.5691,"Обрыв обхода на 4-м колене: исходящие за пределами выборки не видны. Получил 422,698 KZT от 1 плательщиков — возможный, но не подтверждённый конечный получатель.",1,0,422698.0,0.0,16,0,0.0004925042382196959,0.0,0.0,4,False,True,False,,1,False,False
100000002478829100,terminal,0.33,22,0.449,"Обрыв обхода на 4-м колене: исходящие за пределами выборки не видны. Получил 34,000 KZT от 1 плательщиков — возможный, но не подтверждённый конечный получатель.",1,0,34000.0,0.0,1,0,0.0003890366169324283,0.0,0.0,4,False,True,False,,1,False,False
100000003125997100,terminal,0.33,5,0.53,"Обрыв обхода на 4-м колене: исходящие за пределами выборки не видны. Получил 87,750 KZT от 1 плательщиков — возможный, но не подтверждённый конечный получатель.",1,0,87750.0,0.0,1,0,0.0005508476119532824,0.0,0.0,4,False,True,False,,1,False,False
100000003214786100,terminal,0.33,0,0.3931,"Обрыв обхода на 4-м колене: исходящие за пределами выборки не видны. Получил 5,000 KZT от 1 плательщиков — возможный, но не подтверждённый конечный получатель.",1,0,5000.0,0.0,1,0,0.0004221278003184261,0.0,0.0,4,False,True,False,,1,False,False
100000008308418100,terminal,0.33,0,0.4788,"Обрыв обхода на 4-м колене: исходящие за пределами выборки не видны. Получил 50,000 KZT от 1 плательщиков — возможный, но не подтверждённый конечный получатель.",1,0,50000.0,0.0,1,0,0.000433500403773018,0.0,0.0,4,False,True,False,,1,False,False
100000008619159100,terminal,0.33,62,0.5376,"Обрыв обхода на 4-м колене: исходящие за пределами выборки не видны. Получил 446,400 KZT от 1 плательщиков — возможный, но не подтверждённый конечный получатель.",1,0,446400.0,0.0,2,0,0.0003581696645076042,0.0,0.0,4,False,True,False,,1,False,False
100000004418967100,terminal,0.33,5,0.5127,"Обрыв обхода на 4-м колене: исходящие за пределами выборки не видны. Получил 100,000 KZT от 1 плательщиков — возможный, но не подтверждённый конечный получатель.",1,0,100000.0,0.0,1,0,0.0004555019189629495,0.0,0.0,4,False,True,False,,1,False,False
100000003173783100,terminal,0.33,28,0.413,"Обрыв обхода на 4-м колене: исходящие за пределами выборки не видны. Получил 23,500 KZT от 1 плательщиков — возможный, но не подтверждённый конечный получатель.",1,0,23500.0,0.0,2,0,0.00034834948327385526,0.0,0.0,4,False,True,False,,1,False,False
100000002242455100,terminal,0.33,3,0.5325,"Обрыв обхода на 4-м колене: исходящие за пределами выборки не видны. Получил 110,000 KZT от 1 плательщиков — возможный, но не подтверждённый конечный получатель.",1,0,110000.0,0.0,1,0,0.0005345037605974345,0.0,0.0,4,False,True,False,,1,False,False
100000004848236100,terminal,0.33,0,0.3356,"Обрыв обхода на 4-м колене: исходящие за пределами выборки не видны. Получил 7,500 KZT от 1 плательщиков — возможный, но не подтверждённый конечный получатель.",1,0,7500.0,0.0,1,0,0.00031025298464952447,0.0,0.0,4,False,True,False,,1,False,False
100000004674412100,terminal,0.33,11,0.4824,"Обрыв обхода на 4-м колене: исходящие за пределами выборки не видны. Получил 46,000 KZT от 1 плательщиков — возможный, но не подтверждённый конечный получатель.",1,0,46000.0,0.0,1,0,0.0004914881033721316,0.0,0.0,4,False,True,False,,1,False,False
100000007071852100,terminal,0.33,2,0.536,"Обрыв обхода на 4-м колене: исходящие за пределами выборки не видны. Получил 195,000 KZT от 1 плательщиков — возможный, но не подтверждённый конечный получатель.",1,0,195000.0,0.0,1,0,0.0004454648215022679,0.0,0.0,4,False,True,False,,1,False,False
100000001498732100,terminal,0.33,51,0.2529,"Обрыв обхода на 4-м колене: исходящие за пределами выборки не видны. Получил 5,500 KZT от 1 плательщиков — возможный, но не подтверждённый конечный получатель.",1,0,5500.0,0.0,1,0,0.00029070554890950307,0.0,0.0,4,False,True,False,,1,False,False
100000000627521100,terminal,0.33,39,0.2233,"Обрыв обхода на 4-м колене: исходящие за пределами выборки не видны. Получил 6,500 KZT от 1 плательщиков — возможный, но не подтверждённый конечный получатель.",1,0,6500.0,0.0,1,0,0.00028738078514544226,0.0,0.0,4,False,True,False,,1,False,False
100000003105089100,terminal,0.33,22,0.3185,"Обрыв обхода на 4-м колене: исходящие за пределами выборки не видны. Получил 10,000 KZT от 1 плательщиков — возможный, но не подтверждённый конечный получатель.",1,0,10000.0,0.0,1,0,0.0003007727149863174,0.0,0.0,4,False,True,False,,1,False,False
100000003166017100,terminal,0.33,8,0.2898,"Обрыв обхода на 4-м колене: исходящие за пределами выборки не видны. Получил 15,000 KZT от 1 плательщиков — возможный, но не подтверждённый конечный получатель.",1,0,15000.0,0.0,1,0,0.0002924866349747621,0.0,0.0,4,False,True,False,,1,False,False
100000002506987100,terminal,0.33,8,0.3488,"Обрыв обхода на 4-м колене: исходящие за пределами выборки не видны. Получил 28,200 KZT от 1 плательщиков — возможный, но не подтверждённый конечный получатель.",1,0,28200.0,0.0,1,0,0.00029744788515843104,0.0,0.0,4,False,True,False,,1,False,False
100000005767403100,terminal,0.33,20,0.6358,"Обрыв обхода на 4-м колене: исходящие за пределами выборки не видны. Получил 1,100,000 KZT от 1 плательщиков — возможный, но не подтверждённый конечный получатель.",1,0,1100000.0,0.0,2,0,0.0010861140873395208,0.0,0.0,4,False,True,False,,1,False,False
100000005553088100,terminal,0.33,2,0.3167,"Обрыв обхода на 4-м колене: исходящие за пределами выборки не видны. Получил 17,500 KZT от 1 плательщиков — возможный, но не подтверждённый конечный получатель.",1,0,17500.0,0.0,1,0,0.00029560185272202113,0.0,0.0,4,False,True,False,,1,False,False
100000003632533100,terminal,0.33,3,0.4083,"Обрыв обхода на 4-м колене: исходящие за пределами выборки не видны. Получил 10,000 KZT от 1 плательщиков — возможный, но не подтверждённый конечный получатель.",1,0,10000.0,0.0,1,0,0.00043080356024598914,0.0,0.0,4,False,True,False,,1,False,False
100000008762005100,terminal,0.33,5,0.2236,"Обрыв обхода на 4-м колене: исходящие за пределами выборки не видны. Получил 5,000 KZT от 1 плательщиков — возможный, но не подтверждённый конечный получатель.",1,0,5000.0,0.0,1,0,0.00028806431372000585,0.0,0.0,4,False,True,False,,1,False,False
100000002214207100,terminal,0.33,34,0.5516,"Обрыв обхода на 4-м колене: исходящие за пределами выборки не видны. Получил 97,000 KZT от 1 плательщиков — возможный, но не подтверждённый конечный получатель.",1,0,97000.0,0.0,1,0,0.0006935370503709207,0.0,0.0,4,False,True,False,,1,False,False
100000003180820100,terminal,0.33,5,0.4173,"Обрыв обхода на 4-м колене: исходящие за пределами выборки не видны. Получил 101,000 KZT от 1 плательщиков — возможный, но не подтверждённый конечный получатель.",1,0,101000.0,0.0,1,0,0.0003001929652391137,0.0,0.0,4,False,True,False,,1,False,False
100000003786516100,terminal,0.33,0,0.2783,"Обрыв обхода на 4-м колене: исходящие за пределами выборки не видны. Получил 5,000 KZT от 1 плательщиков — возможный, но не подтверждённый конечный получатель.",1,0,5000.0,0.0,1,0,0.0002944715277207131,0.0,0.0,4,False,True,False,,1,False,False
100000005226217100,terminal,0.33,5,0.4151,"Обрыв обхода на 4-м колене: исходящие за пределами выборки не видны. Получил 17,500 KZT от 1 плательщиков — возможный, но не подтверждённый конечный получатель.",1,0,17500.0,0.0,1,0,0.0003847115911320418,0.0,0.0,4,False,True,False,,1,False,False
100000001533161100,terminal,0.33,45,0.4657,"Обрыв обхода на 4-м колене: исходящие за пределами выборки не видны. Получил 100,000 KZT от 1 плательщиков — возможный, но не подтверждённый конечный получатель.",1,0,100000.0,0.0,1,0,0.0003258938455923579,0.0,0.0,4,False,True,False,,1,False,False
100000007034089100,terminal,0.36,5,0.4883,"Обрыв обхода на 4-м колене: исходящие за пределами выборки не видны. Получил 198,000 KZT от 2 плательщиков — возможный, но не подтверждённый конечный получатель.",2,0,198000.0,0.0,2,0,0.0003225499409968402,0.0,0.0,4,False,True,False,,2,False,False
100000008336318100,terminal,0.33,5,0.4877,"Обрыв обхода на 4-м колене: исходящие за пределами выборки не видны. Получил 170,000 KZT от 1 плательщиков — возможный, но не подтверждённый конечный получатель.",1,0,170000.0,0.0,1,0,0.0003281745942006337,0.0,0.0,4,False,True,False,,1,False,False
100000005370558100,terminal,0.33,3,0.3048,"Обрыв обхода на 4-м колене: исходящие за пределами выборки не видны. Получил 5,000 KZT от 1 плательщиков — возможный, но не подтверждённый конечный получатель.",1,0,5000.0,0.0,1,0,0.0003006373817488422,0.0,0.0,4,False,True,False,,1,False,False
100000002729875100,terminal,0.33,8,0.4392,"Обрыв обхода на 4-м колене: исходящие за пределами выборки не видны. Получил 76,000 KZT от 1 плательщиков — возможный, но не подтверждённый конечный получатель.",1,0,76000.0,0.0,1,0,0.00031541362445989873,0.0,0.0,4,False,True,False,,1,False,False
100000006512787100,terminal,0.33,0,0.4502,"Обрыв обхода на 4-м колене: исходящие за пределами выборки не видны. Получил 20,000 KZT от 1 плательщиков — возможный, но не подтверждённый конечный получатель.",1,0,20000.0,0.0,2,0,0.0005323686713884709,0.0,0.0,4,False,True,False,,1,False,False
100000003186579100,terminal,0.33,2,0.5262,"Обрыв обхода на 4-м колене: исходящие за пределами выборки не видны. Получил 110,000 KZT от 1 плательщиков — возможный, но не подтверждённый конечный получатель.",1,0,110000.0,0.0,2,0,0.0005174329706222681,0.0,0.0,4,False,True,False,,1,False,False
100000004472936100,terminal,0.33,14,0.4152,"Обрыв обхода на 4-м колене: исходящие за пределами выборки не видны. Получил 5,000 KZT от 1 плательщиков — возможный, но не подтверждённый конечный получатель.",1,0,5000.0,0.0,1,0,0.0005342248564476527,0.0,0.0,4,False,True,False,,1,False,False
100000002231144100,terminal,0.33,22,0.4031,"Обрыв обхода на 4-м колене: исходящие за пределами выборки не видны. Получил 15,000 KZT от 1 плательщиков — возможный, но не подтверждённый конечный получатель.",1,0,15000.0,0.0,1,0,0.000368857202713728,0.0,0.0,4,False,True,False,,1,False,False
100000002505277100,terminal,0.33,0,0.4832,"Обрыв обхода на 4-м колене: исходящие за пределами выборки не видны. Получил 60,000 KZT от 1 плательщиков — возможный, но не подтверждённый конечный получатель.",1,0,60000.0,0.0,1,0,0.00040945353341038953,0.0,0.0,4,False,True,False,,1,False,False
100000003177533100,terminal,0.33,2,0.4007,"Обрыв обхода на 4-м колене: исходящие за пределами выборки не видны. Получил 20,000 KZT от 1 плательщиков — возможный, но не подтверждённый конечный получатель.",1,0,20000.0,0.0,3,0,0.00033969949065304207,0.0,0.0,4,False,True,False,,1,False,False
100000005888829100,terminal,0.33,5,0.4716,"Обрыв обхода на 4-м колене: исходящие за пределами выборки не видны. Получил 197,000 KZT от 1 плательщиков — возможный, но не подтверждённый конечный получатель.",1,0,197000.0,0.0,1,0,0.00031287648007219924,0.0,0.0,4,False,True,False,,1,False,False
100000002242066100,terminal,0.33,32,0.509,"Обрыв обхода на 4-м колене: исходящие за пределами выборки не видны. Получил 60,000 KZT от 1 плательщиков — возможный, но не подтверждённый конечный получатель.",1,0,60000.0,0.0,1,0,0.0005361178711651817,0.0,0.0,4,False,True,False,,1,False,False
100000008027922100,terminal,0.33,23,0.5044,"Обрыв обхода на 4-м колене: исходящие за пределами выборки не видны. Получил 70,000 KZT от 1 плательщиков — возможный, но не подтверждённый конечный получатель.",1,0,70000.0,0.0,1,0,0.0005047078814964338,0.0,0.0,4,False,True,False,,1,False,False
100000002686226100,terminal,0.33,16,0.6025,"Обрыв обхода на 4-м колене: исходящие за пределами выборки не видны. Получил 430,000 KZT от 1 плательщиков — возможный, но не подтверждённый конечный получатель.",1,0,430000.0,0.0,2,0,0.0006574225643339518,0.0,0.0,4,False,True,False,,1,False,False
100000001065234100,terminal,0.33,15,0.583,"Обрыв обхода на 4-м колене: исходящие за пределами выборки не видны. Получил 360,000 KZT от 1 плательщиков — возможный, но не подтверждённый конечный получатель.",1,0,360000.0,0.0,1,0,0.0005510593419755925,0.0,0.0,4,False,True,False,,1,False,False
100000000424935100,terminal,0.33,20,0.3381,"Обрыв обхода на 4-м колене: исходящие за пределами выборки не видны. Получил 15,000 KZT от 1 плательщиков — возможный, но не подтверждённый конечный получатель.",1,0,15000.0,0.0,1,0,0.0003027890353691165,0.0,0.0,4,False,True,False,,1,False,False
100000005723580100,terminal,0.33,5,0.4322,"Обрыв обхода на 4-м колене: исходящие за пределами выборки не видны. Получил 35,000 KZT от 1 плательщиков — возможный, но не подтверждённый конечный получатель.",1,0,35000.0,0.0,1,0,0.0003458774245758723,0.0,0.0,4,False,True,False,,1,False,False
100000000704700100,terminal,0.33,25,0.4293,"Обрыв обхода на 4-м колене: исходящие за пределами выборки не видны. Получил 10,000 KZT от 1 плательщиков — возможный, но не подтверждённый конечный получатель.",1,0,10000.0,0.0,1,0,0.0005355899447457876,0.0,0.0,4,False,True,False,,1,False,False
100000005293969100,terminal,0.33,0,0.4155,"Обрыв обхода на 4-м колене: исходящие за пределами выборки не видны. Получил 5,467 KZT от 1 плательщиков — возможный, но не подтверждённый конечный получатель.",1,0,5466.97,0.0,1,0,0.0005328142094654649,0.0,0.0,4,False,True,False,,1,False,False
100000002512742100,terminal,0.33,8,0.2465,"Обрыв обхода на 4-м колене: исходящие за пределами выборки не видны. Получил 6,000 KZT от 1 плательщиков — возможный, но не подтверждённый конечный получатель.",1,0,6000.0,0.0,1,0,0.00029007341049432393,0.0,0.0,4,False,True,False,,1,False,False
100000001816678100,terminal,0.33,0,0.4227,"Обрыв обхода на 4-м колене: исходящие за пределами выборки не видны. Получил 60,000 KZT от 1 плательщиков — возможный, но не подтверждённый конечный получатель.",1,0,60000.0,0.0,1,0,0.0003110373276412963,0.0,0.0,4,False,True,False,,1,False,False
100000004586598100,terminal,0.33,66,0.5981,"Обрыв обхода на 4-м колене: исходящие за пределами выборки не видны. Получил 761,255 KZT от 1 плательщиков — возможный, но не подтверждённый конечный получатель.",1,0,761255.0,0.0,4,0,0.0005416234594243453,0.0,0.0,4,False,True,False,,1,False,False
100000005782886100,terminal,0.33,5,0.3982,"Обрыв обхода на 4-м колене: исходящие за пределами выборки не видны. Получил 14,000 KZT от 1 плательщиков — возможный, но не подтверждённый конечный получатель.",1,0,14000.0,0.0,1,0,0.00036513904304066115,0.0,0.0,4,False,True,False,,1,False,False
100000002622822100,terminal,0.33,18,0.6269,"Обрыв обхода на 4-м колене: исходящие за пределами выборки не видны. Получил 750,000 KZT от 1 плательщиков — возможный, но не подтверждённый конечный получатель.",1,0,750000.0,0.0,1,0,0.0009115195603749141,0.0,0.0,4,False,True,False,,1,False,False
100000003718715100,terminal,0.33,14,0.6121,"Обрыв обхода на 4-м колене: исходящие за пределами выборки не видны. Получил 915,000 KZT от 1 плательщиков — возможный, но не подтверждённый конечный получатель.",1,0,915000.0,0.0,3,0,0.000578072906388213,0.0,0.0,4,False,True,False,,1,False,False
100000006491963100,terminal,0.33,8,0.3129,"Обрыв обхода на 4-м колене: исходящие за пределами выборки не видны. Получил 16,000 KZT от 1 плательщиков — возможный, но не подтверждённый конечный получатель.",1,0,16000.0,0.0,3,0,0.0002954476768596331,0.0,0.0,4,False,True,False,,1,False,False
100000004526651100,terminal,0.33,5,0.3182,"Обрыв обхода на 4-м колене: исходящие за пределами выборки не видны. Получил 33,000 KZT от 1 плательщиков — возможный, но не подтверждённый конечный получатель.",1,0,33000.0,0.0,1,0,0.0002912088088990115,0.0,0.0,4,False,True,False,,1,False,False
100000008331280100,terminal,0.33,27,0.4178,"Обрыв обхода на 4-м колене: исходящие за пределами выборки не видны. Получил 41,000 KZT от 1 плательщиков — возможный, но не подтверждённый конечный получатель.",1,0,41000.0,0.0,2,0,0.00031947686361663173,0.0,0.0,4,False,True,False,,1,False,False
100000004177936100,terminal,0.33,2,0.3745,"Обрыв обхода на 4-м колене: исходящие за пределами выборки не видны. Получил 10,000 KZT от 1 плательщиков — возможный, но не подтверждённый конечный получатель.",1,0,10000.0,0.0,1,0,0.0003385045734079768,0.0,0.0,4,False,True,False,,1,False,False
100000002922000100,terminal,0.33,45,0.5653,"Обрыв обхода на 4-м колене: исходящие за пределами выборки не видны. Получил 448,000 KZT от 1 плательщиков — возможный, но не подтверждённый конечный получатель.",1,0,448000.0,0.0,1,0,0.0004617704279042819,0.0,0.0,4,False,True,False,,1,False,False
100000002404112100,terminal,0.33,27,0.449,"Обрыв обхода на 4-м колене: исходящие за пределами выборки не видны. Получил 60,000 KZT от 1 плательщиков — возможный, но не подтверждённый конечный получатель.",1,0,60000.0,0.0,1,0,0.00033153415459718686,0.0,0.0,4,False,True,False,,1,False,False
100000000634341100,terminal,0.33,0,0.4733,"Обрыв обхода на 4-м колене: исходящие за пределами выборки не видны. Получил 24,000 KZT от 1 плательщиков — возможный, но не подтверждённый конечный получатель.",1,0,24000.0,0.0,2,0,0.000557353900353344,0.0,0.0,4,False,True,False,,1,False,False
100000001822650100,terminal,0.33,5,0.4412,"Обрыв обхода на 4-м колене: исходящие за пределами выборки не видны. Получил 112,000 KZT от 1 плательщиков — возможный, но не подтверждённый конечный получатель.",1,0,112000.0,0.0,1,0,0.00030727065406595494,0.0,0.0,4,False,True,False,,1,False,False
100000004791226100,terminal,0.33,0,0.4597,"Обрыв обхода на 4-м колене: исходящие за пределами выборки не видны. Получил 20,000 KZT от 1 плательщиков — возможный, но не подтверждённый конечный получатель.",1,0,20000.0,0.0,1,0,0.0005438507021136137,0.0,0.0,4,False,True,False,,1,False,False
100000007841978100,terminal,0.33,3,0.5736,"Обрыв обхода на 4-м колене: исходящие за пределами выборки не видны. Получил 449,000 KZT от 1 плательщиков — возможный, но не подтверждённый конечный получатель.",1,0,449000.0,0.0,1,0,0.0005085344625420971,0.0,0.0,4,False,True,False,,1,False,False
100000006866831100,terminal,0.33,0,0.4082,"Обрыв обхода на 4-м колене: исходящие за пределами выборки не видны. Получил 16,500 KZT от 1 плательщиков — возможный, но не подтверждённый конечный получатель.",1,0,16500.0,0.0,1,0,0.0003693041098975191,0.0,0.0,4,False,True,False,,1,False,False
100000002999140100,terminal,0.33,2,0.2634,"Обрыв обхода на 4-м колене: исходящие за пределами выборки не видны. Получил 10,000 KZT от 1 плательщиков — возможный, но не подтверждённый конечный получатель.",1,0,10000.0,0.0,2,0,0.0002907787555485701,0.0,0.0,4,False,True,False,,1,False,False
100000002884708100,terminal,0.33,5,0.6135,"Обрыв обхода на 4-м колене: исходящие за пределами выборки не видны. Получил 1,171,644 KZT от 1 плательщиков — возможный, но не подтверждённый конечный получатель.",1,0,1171644.0,0.0,2,0,0.0005650270040464912,0.0,0.0,4,False,True,False,,1,False,False
100000001130553100,terminal,0.33,3,0.4559,"Обрыв обхода на 4-м колене: исходящие за пределами выборки не видны. Получил 18,000 KZT от 1 плательщиков — возможный, но не подтверждённый конечный получатель.",1,0,18000.0,0.0,2,0,0.0005459673279026696,0.0,0.0,4,False,True,False,,1,False,False
100000006351075100,terminal,0.33,38,0.3354,"Обрыв обхода на 4-м колене: исходящие за пределами выборки не видны. Получил 40,000 KZT от 1 плательщиков — возможный, но не подтверждённый конечный получатель.",1,0,40000.0,0.0,2,0,0.00029238842661113534,0.0,0.0,4,False,True,False,,1,False,False
100000005616568100,terminal,0.33,3,0.5677,"Обрыв обхода на 4-м колене: исходящие за пределами выборки не видны. Получил 530,000 KZT от 1 плательщиков — возможный, но не подтверждённый конечный получатель.",1,0,530000.0,0.0,1,0,0.00043385516839323363,0.0,0.0,4,False,True,False,,1,False,False
100000006381453100,terminal,0.33,5,0.507,"Обрыв обхода на 4-м колене: исходящие за пределами выборки не видны. Получил 45,000 KZT от 1 плательщиков — возможный, но не подтверждённый конечный получатель.",1,0,45000.0,0.0,1,0,0.0005787091993217524,0.0,0.0,4,False,True,False,,1,False,False
100000004616845100,terminal,0.33,57,0.2836,"Обрыв обхода на 4-м колене: исходящие за пределами выборки не видны. Получил 20,200 KZT от 1 плательщиков — возможный, но не подтверждённый конечный получатель.",1,0,20200.0,0.0,2,0,0.0002901111748475803,0.0,0.0,4,False,True,False,,1,False,False
100000004908173100,terminal,0.33,5,0.3911,"Обрыв обхода на 4-м колене: исходящие за пределами выборки не видны. Получил 21,000 KZT от 1 плательщиков — возможный, но не подтверждённый конечный получатель.",1,0,21000.0,0.0,1,0,0.00032226599501557874,0.0,0.0,4,False,True,False,,1,False,False
100000004433250100,terminal,0.33,0,0.3325,"Обрыв обхода на 4-м колене: исходящие за пределами выборки не видны. Получил 8,000 KZT от 1 плательщиков — возможный, но не подтверждённый конечный получатель.",1,0,8000.0,0.0,1,0,0.00030793930150589785,0.0,0.0,4,False,True,False,,1,False,False
100000003664994100,terminal,0.33,36,0.542,"Обрыв обхода на 4-м колене: исходящие за пределами выборки не видны. Получил 338,271 KZT от 1 плательщиков — возможный, но не подтверждённый конечный получатель.",1,0,338271.0,0.0,2,0,0.00039283565744491,0.0,0.0,4,False,True,False,,1,False,False
100000004673335100,terminal,0.33,28,0.5071,"Обрыв обхода на 4-м колене: исходящие за пределами выборки не видны. Получил 80,000 KZT от 1 плательщиков — возможный, но не подтверждённый конечный получатель.",1,0,80000.0,0.0,1,0,0.0004962127063303447,0.0,0.0,4,False,True,False,,1,False,False
100000002487222100,terminal,0.33,3,0.4393,"Обрыв обхода на 4-м колене: исходящие за пределами выборки не видны. Получил 90,000 KZT от 1 плательщиков — возможный, но не подтверждённый конечный получатель.",1,0,90000.0,0.0,2,0,0.0003118121876461357,0.0,0.0,4,False,True,False,,1,False,False
100000000018102100,terminal,0.33,0,0.3554,"Обрыв обхода на 4-м колене: исходящие за пределами выборки не видны. Получил 7,000 KZT от 1 плательщиков — возможный, но не подтверждённый конечный получатель.",1,0,7000.0,0.0,1,0,0.00032182986973917867,0.0,0.0,4,False,True,False,,1,False,False
100000008638859100,terminal,0.33,3,0.4853,"Обрыв обхода на 4-м колене: исходящие за пределами выборки не видны. Получил 34,000 KZT от 1 плательщиков — возможный, но не подтверждённый конечный получатель.",1,0,34000.0,0.0,1,0,0.0005419497123214291,0.0,0.0,4,False,True,False,,1,False,False
100000001131403100,terminal,0.33,57,0.6076,"Обрыв обхода на 4-м колене: исходящие за пределами выборки не видны. Получил 1,570,000 KZT от 1 плательщиков — возможный, но не подтверждённый конечный получатель.",1,0,1570000.0,0.0,3,0,0.0005404057294243347,0.0,0.0,4,False,True,False,,1,False,False
100000001733216100,terminal,0.33,0,0.4832,"Обрыв обхода на 4-м колене: исходящие за пределами выборки не видны. Получил 60,000 KZT от 1 плательщиков — возможный, но не подтверждённый конечный получатель.",1,0,60000.0,0.0,2,0,0.00040945353341038953,0.0,0.0,4,False,True,False,,1,False,False
100000004400480100,terminal,0.33,12,0.4466,"Обрыв обхода на 4-м колене: исходящие за пределами выборки не видны. Получил 21,700 KZT от 1 плательщиков — возможный, но не подтверждённый конечный получатель.",1,0,21700.0,0.0,1,0,0.00048669684169717523,0.0,0.0,4,False,True,False,,1,False,False
100000007539296100,terminal,0.33,3,0.5046,"Обрыв обхода на 4-м колене: исходящие за пределами выборки не видны. Получил 46,000 KZT от 1 плательщиков — возможный, но не подтверждённый конечный получатель.",1,0,46000.0,0.0,2,0,0.00055975268698061,0.0,0.0,4,False,True,False,,1,False,False
100000008757301100,terminal,0.33,0,0.5037,"Обрыв обхода на 4-м колене: исходящие за пределами выборки не видны. Получил 58,398 KZT от 1 плательщиков — возможный, но не подтверждённый конечный получатель.",1,0,58398.0,0.0,3,0,0.0005328706296787659,0.0,0.0,4,False,True,False,,1,False,False
100000002752565100,terminal,0.33,2,0.4527,"Обрыв обхода на 4-м колене: исходящие за пределами выборки не видны. Получил 57,000 KZT от 1 плательщиков — возможный, но не подтверждённый конечный получатель.",1,0,57000.0,0.0,1,0,0.0003397357225305441,0.0,0.0,4,False,True,False,,1,False,False
100000002734815100,terminal,0.33,5,0.452,"Обрыв обхода на 4-м колене: исходящие за пределами выборки не видны. Получил 110,000 KZT от 1 плательщиков — возможный, но не подтверждённый конечный получатель.",1,0,110000.0,0.0,1,0,0.00031358903766222357,0.0,0.0,4,False,True,False,,1,False,False
100000008333492100,terminal,0.33,18,0.5392,"Обрыв обхода на 4-м колене: исходящие за пределами выборки не видны. Получил 216,400 KZT от 1 плательщиков — возможный, но не подтверждённый конечный получатель.",1,0,216400.0,0.0,1,0,0.00043994092998647763,0.0,0.0,4,False,True,False,,1,False,False
100000006527156100,terminal,0.33,40,0.3734,"Обрыв обхода на 4-м колене: исходящие за пределами выборки не видны. Получил 48,500 KZT от 1 плательщиков — возможный, но не подтверждённый конечный получатель.",1,0,48500.0,0.0,1,0,0.0002974010264861379,0.0,0.0,4,False,True,False,,1,False,False
100000003448713100,terminal,0.33,2,0.4681,"Обрыв обхода на 4-м колене: исходящие за пределами выборки не видны. Получил 266,750 KZT от 1 плательщиков — возможный, но не подтверждённый конечный получатель.",1,0,266750.0,0.0,1,0,0.00030481011720566263,0.0,0.0,4,False,True,False,,1,False,False
100000004780083100,terminal,0.33,56,0.2898,"Обрыв обхода на 4-м колене: исходящие за пределами выборки не видны. Получил 9,999 KZT от 1 плательщиков — возможный, но не подтверждённый конечный получатель.",1,0,9999.0,0.0,1,0,0.00029469790452557316,0.0,0.0,4,False,True,False,,1,False,False
100000004798515100,terminal,0.33,2,0.5159,"Обрыв обхода на 4-м колене: исходящие за пределами выборки не видны. Получил 200,000 KZT от 1 плательщиков — возможный, но не подтверждённый конечный получатель.",1,0,200000.0,0.0,2,0,0.0003654469481437737,0.0,0.0,4,False,True,False,,1,False,False
100000004232712100,terminal,0.33,3,0.4307,"Обрыв обхода на 4-м колене: исходящие за пределами выборки не видны. Получил 12,500 KZT от 1 плательщиков — возможный, но не подтверждённый конечный получатель.",1,0,12500.0,0.0,1,0,0.0005315954812987943,0.0,0.0,4,False,True,False,,1,False,False
100000005209352100,terminal,0.33,0,0.3931,"Обрыв обхода на 4-м колене: исходящие за пределами выборки не видны. Получил 5,000 KZT от 1 плательщиков — возможный, но не подтверждённый конечный получатель.",1,0,5000.0,0.0,1,0,0.0004221278003184261,0.0,0.0,4,False,True,False,,1,False,False
100000000561160100,terminal,0.33,7,0.543,"Обрыв обхода на 4-м колене: исходящие за пределами выборки не видны. Получил 240,000 KZT от 1 плательщиков — возможный, но не подтверждённый конечный получатель.",1,0,240000.0,0.0,1,0,0.0004381643803221751,0.0,0.0,4,False,True,False,,1,False,False
100000003568904100,terminal,0.33,14,0.4952,"Обрыв обхода на 4-м колене: исходящие за пределами выборки не видны. Получил 49,000 KZT от 1 плательщиков — возможный, но не подтверждённый конечный получатель.",1,0,49000.0,0.0,1,0,0.0005340597144097787,0.0,0.0,4,False,True,False,,1,False,False
100000000470237100,terminal,0.33,20,0.495,"Обрыв обхода на 4-м колене: исходящие за пределами выборки не видны. Получил 32,500 KZT от 1 плательщиков — возможный, но не подтверждённый конечный получатель.",1,0,32500.0,0.0,1,0,0.0005874891550959069,0.0,0.0,4,False,True,False,,1,False,False
100000008560263100,terminal,0.33,3,0.4506,"Обрыв обхода на 4-м колене: исходящие за пределами выборки не видны. Получил 100,000 KZT от 1 плательщиков — возможный, но не подтверждённый конечный получатель.",1,0,100000.0,0.0,1,0,0.0003145858917540243,0.0,0.0,4,False,True,False,,1,False,False
100000000542087100,terminal,0.33,33,0.2294,"Обрыв обхода на 4-м колене: исходящие за пределами выборки не видны. Получил 8,507 KZT от 1 плательщиков — возможный, но не подтверждённый конечный получатель.",1,0,8506.91,0.0,1,0,0.00028769776072608153,0.0,0.0,4,False,True,False,,1,False,False
100000004403548100,terminal,0.33,2,0.379,"Обрыв обхода на 4-м колене: исходящие за пределами выборки не видны. Получил 5,000 KZT от 1 плательщиков — возможный, но не подтверждённый конечный получатель.",1,0,5000.0,0.0,1,0,0.0003694957251542558,0.0,0.0,4,False,True,False,,1,False,False
100000003010908100,terminal,0.33,8,0.4197,"Обрыв обхода на 4-м колене: исходящие за пределами выборки не видны. Получил 17,000 KZT от 1 плательщиков — возможный, но не подтверждённый конечный получатель.",1,0,17000.0,0.0,1,0,0.00040117257173756396,0.0,0.0,4,False,True,False,,1,False,False
100000006756956100,terminal,0.33,0,0.4534,"Обрыв обхода на 4-м колене: исходящие за пределами выборки не видны. Получил 121,200 KZT от 1 плательщиков — возможный, но не подтверждённый конечный получатель.",1,0,121200.0,0.0,9,0,0.0003123319213225381,0.0,0.0,4,False,True,False,,1,False,False
100000007357489100,terminal,0.36,5,0.4683,"Обрыв обхода на 4-м колене: исходящие за пределами выборки не видны. Получил 164,500 KZT от 2 плательщиков — возможный, но не подтверждённый конечный получатель.",2,0,164500.0,0.0,2,0,0.00031435760399259007,0.0,0.0,4,False,True,False,,2,False,False
100000002599729100,terminal,0.33,0,0.4992,"Обрыв обхода на 4-м колене: исходящие за пределами выборки не видны. Получил 65,000 KZT от 1 плательщиков — возможный, но не подтверждённый конечный получатель.",1,0,65000.0,0.0,2,0,0.0004879195236215622,0.0,0.0,4,False,True,False,,1,False,False
100000005849862100,terminal,0.33,9,0.4441,"Обрыв обхода на 4-м колене: исходящие за пределами выборки не видны. Получил 13,000 KZT от 1 плательщиков — возможный, но не подтверждённый конечный получатель.",1,0,13000.0,0.0,2,0,0.0005508281363852524,0.0,0.0,4,False,True,False,,1,False,False
100000008762843100,terminal,0.33,5,0.2333,"Обрыв обхода на 4-м колене: исходящие за пределами выборки не видны. Получил 7,000 KZT от 1 плательщиков — возможный, но не подтверждённый конечный получатель.",1,0,7000.0,0.0,1,0,0.00028855049893795285,0.0,0.0,4,False,True,False,,1,False,False
100000002723674100,terminal,0.33,22,0.4134,"Обрыв обхода на 4-м колене: исходящие за пределами выборки не видны. Получил 30,000 KZT от 1 плательщиков — возможный, но не подтверждённый конечный получатель.",1,0,30000.0,0.0,1,0,0.00032862044360867546,0.0,0.0,4,False,True,False,,1,False,False
100000008758106100,terminal,0.33,5,0.2374,"Обрыв обхода на 4-м колене: исходящие за пределами выборки не видны. Получил 10,000 KZT от 1 плательщиков — возможный, но не подтверждённый конечный получатель.",1,0,10000.0,0.0,1,0,0.0002881700501369181,0.0,0.0,4,False,True,False,,1,False,False
100000001286703100,terminal,0.33,39,0.2676,"Обрыв обхода на 4-м колене: исходящие за пределами выборки не видны. Получил 20,500 KZT от 1 плательщиков — возможный, но не подтверждённый конечный получатель.",1,0,20500.0,0.0,1,0,0.0002885264901584046,0.0,0.0,4,False,True,False,,1,False,False
